{"type":"FeatureCollection","bbox":[0.0,0.0,-1.0,-1.0],"features":[{"type":"Feature","properties":{"area_code":206041122,"circ_me_1_no_3_11_7_13":1477.6276645,"area_name":"Melbourne","arthritis_me_1_no_3_11_7_13":1084.6182555,"musculo_me_1_no_3_11_7_13":3364.1506557,"diabetes_me_1_no_3_11_7_13":347.3407508,"hypertens_me_1_no_3_11_7_13":851.2407154,"copd_me_1_no_3_11_7_13":203.3627273,"respirtry_me_1_no_3_11_7_13":4838.8203861,"hg_choles_me_1_no_3_11_7_13":5133.4149336,"asthma_me_1_no_3_11_7_13":1258.9752209},"id":"sa2_chronicdisease_modelledestimate.206041122"}]}