{"type":"FeatureCollection","bbox":[0.0,0.0,-1.0,-1.0],"features":[{"type":"Feature","properties":{"SOL_Japanese_P":0,"SOL_Hungarian_P":0,"SEO_Persons":24,"SOL_Ir_La_Pe_excl_Da_P":0,"SOL_Serbian_P":0,"SOL_Polish_P":0,"SOL_Iran_Lan_Tot_P":0,"SOL_Spanish_P":0,"SOL_Aus_Indig_Lang_P":0,"SOL_Chin_lang_Tot_P":0,"SOL_Croatian_P":0,"SOL_Se_As_A_L_Othr_P":0,"SOL_Chin_lang_Mand_P":0,"SOL_Korean_P":0,"SOL_Maltese_P":0,"SOL_Se_As_A_L_Tagal_P":0,"SOL_Chin_lang_Cant_P":0,"SOL_French_P":0,"SOL_Se_As_A_L_Tot_P":0,"SOL_Dutch_P":0,"SOL_Chin_lang_Other_P":0,"SA1_MAIN11":"50302103701","SOL_Irani_Lan_Othr_P":0,"SOL_Thai_P":0,"SOL_Italian_P":3,"SOL_Arabic_P":0,"SOL_Vietnamese_P":0,"SOL_Se_As_A_L_Filipino_P":0,"SOL_Ir_Lang_Dari_P":0,"SOL_Samoan_P":0,"SOL_Russian_P":0,"SOL_German_P":0,"SOL_Se_As_A_L_Indon_P":0,"SOL_Macedonian_P":0,"SOL_Assyrian_P":0,"SOL_Tamil_P":0,"SOL_In_Ar_Lang_Tot_P":6,"SOL_Turkish_P":0,"SOL_Greek_P":0,"SOL_Portuguese_P":0,"SOL_Khmer_P":0},"id":"b13_aust_sa1.50302103701"},{"type":"Feature","properties":{"SOL_Japanese_P":8,"SOL_Hungarian_P":0,"SEO_Persons":249,"SOL_Ir_La_Pe_excl_Da_P":0,"SOL_Serbian_P":0,"SOL_Polish_P":7,"SOL_Iran_Lan_Tot_P":0,"SOL_Spanish_P":6,"SOL_Aus_Indig_Lang_P":0,"SOL_Chin_lang_Tot_P":39,"SOL_Croatian_P":3,"SOL_Se_As_A_L_Othr_P":4,"SOL_Chin_lang_Mand_P":29,"SOL_Korean_P":3,"SOL_Maltese_P":0,"SOL_Se_As_A_L_Tagal_P":0,"SOL_Chin_lang_Cant_P":7,"SOL_French_P":3,"SOL_Se_As_A_L_Tot_P":34,"SOL_Dutch_P":0,"SOL_Chin_lang_Other_P":3,"SA1_MAIN11":"50302104103","SOL_Irani_Lan_Othr_P":0,"SOL_Thai_P":3,"SOL_Italian_P":3,"SOL_Arabic_P":6,"SOL_Vietnamese_P":0,"SOL_Se_As_A_L_Filipino_P":3,"SOL_Ir_Lang_Dari_P":0,"SOL_Samoan_P":0,"SOL_Russian_P":3,"SOL_German_P":6,"SOL_Se_As_A_L_Indon_P":27,"SOL_Macedonian_P":3,"SOL_Assyrian_P":0,"SOL_Tamil_P":8,"SOL_In_Ar_Lang_Tot_P":18,"SOL_Turkish_P":0,"SOL_Greek_P":4,"SOL_Portuguese_P":3,"SOL_Khmer_P":0},"id":"b13_aust_sa1.50302104103"},{"type":"Feature","properties":{"SOL_Japanese_P":16,"SOL_Hungarian_P":0,"SEO_Persons":294,"SOL_Ir_La_Pe_excl_Da_P":0,"SOL_Serbian_P":0,"SOL_Polish_P":0,"SOL_Iran_Lan_Tot_P":0,"SOL_Spanish_P":15,"SOL_Aus_Indig_Lang_P":0,"SOL_Chin_lang_Tot_P":91,"SOL_Croatian_P":0,"SOL_Se_As_A_L_Othr_P":3,"SOL_Chin_lang_Mand_P":64,"SOL_Korean_P":3,"SOL_Maltese_P":0,"SOL_Se_As_A_L_Tagal_P":6,"SOL_Chin_lang_Cant_P":19,"SOL_French_P":6,"SOL_Se_As_A_L_Tot_P":31,"SOL_Dutch_P":0,"SOL_Chin_lang_Other_P":8,"SA1_MAIN11":"50302104109","SOL_Irani_Lan_Othr_P":0,"SOL_Thai_P":8,"SOL_Italian_P":7,"SOL_Arabic_P":14,"SOL_Vietnamese_P":0,"SOL_Se_As_A_L_Filipino_P":3,"SOL_Ir_Lang_Dari_P":0,"SOL_Samoan_P":0,"SOL_Russian_P":5,"SOL_German_P":3,"SOL_Se_As_A_L_Indon_P":19,"SOL_Macedonian_P":0,"SOL_Assyrian_P":0,"SOL_Tamil_P":4,"SOL_In_Ar_Lang_Tot_P":21,"SOL_Turkish_P":0,"SOL_Greek_P":6,"SOL_Portuguese_P":6,"SOL_Khmer_P":4},"id":"b13_aust_sa1.50302104109"},{"type":"Feature","properties":{"SOL_Japanese_P":9,"SOL_Hungarian_P":3,"SEO_Persons":357,"SOL_Ir_La_Pe_excl_Da_P":6,"SOL_Serbian_P":3,"SOL_Polish_P":0,"SOL_Iran_Lan_Tot_P":6,"SOL_Spanish_P":8,"SOL_Aus_Indig_Lang_P":0,"SOL_Chin_lang_Tot_P":57,"SOL_Croatian_P":0,"SOL_Se_As_A_L_Othr_P":0,"SOL_Chin_lang_Mand_P":30,"SOL_Korean_P":3,"SOL_Maltese_P":0,"SOL_Se_As_A_L_Tagal_P":13,"SOL_Chin_lang_Cant_P":21,"SOL_French_P":6,"SOL_Se_As_A_L_Tot_P":28,"SOL_Dutch_P":0,"SOL_Chin_lang_Other_P":6,"SA1_MAIN11":"50302104110","SOL_Irani_Lan_Othr_P":0,"SOL_Thai_P":7,"SOL_Italian_P":16,"SOL_Arabic_P":7,"SOL_Vietnamese_P":6,"SOL_Se_As_A_L_Filipino_P":6,"SOL_Ir_Lang_Dari_P":0,"SOL_Samoan_P":3,"SOL_Russian_P":0,"SOL_German_P":8,"SOL_Se_As_A_L_Indon_P":9,"SOL_Macedonian_P":0,"SOL_Assyrian_P":0,"SOL_Tamil_P":3,"SOL_In_Ar_Lang_Tot_P":43,"SOL_Turkish_P":0,"SOL_Greek_P":4,"SOL_Portuguese_P":4,"SOL_Khmer_P":0},"id":"b13_aust_sa1.50302104110"},{"type":"Feature","properties":{"SOL_Japanese_P":18,"SOL_Hungarian_P":0,"SEO_Persons":560,"SOL_Ir_La_Pe_excl_Da_P":5,"SOL_Serbian_P":9,"SOL_Polish_P":13,"SOL_Iran_Lan_Tot_P":5,"SOL_Spanish_P":7,"SOL_Aus_Indig_Lang_P":3,"SOL_Chin_lang_Tot_P":73,"SOL_Croatian_P":7,"SOL_Se_As_A_L_Othr_P":12,"SOL_Chin_lang_Mand_P":45,"SOL_Korean_P":16,"SOL_Maltese_P":0,"SOL_Se_As_A_L_Tagal_P":6,"SOL_Chin_lang_Cant_P":23,"SOL_French_P":11,"SOL_Se_As_A_L_Tot_P":39,"SOL_Dutch_P":3,"SOL_Chin_lang_Other_P":5,"SA1_MAIN11":"50302104111","SOL_Irani_Lan_Othr_P":0,"SOL_Thai_P":4,"SOL_Italian_P":16,"SOL_Arabic_P":35,"SOL_Vietnamese_P":6,"SOL_Se_As_A_L_Filipino_P":0,"SOL_Ir_Lang_Dari_P":0,"SOL_Samoan_P":0,"SOL_Russian_P":7,"SOL_German_P":10,"SOL_Se_As_A_L_Indon_P":21,"SOL_Macedonian_P":0,"SOL_Assyrian_P":0,"SOL_Tamil_P":6,"SOL_In_Ar_Lang_Tot_P":18,"SOL_Turkish_P":0,"SOL_Greek_P":4,"SOL_Portuguese_P":6,"SOL_Khmer_P":0},"id":"b13_aust_sa1.50302104111"},{"type":"Feature","properties":{"SOL_Japanese_P":0,"SOL_Hungarian_P":0,"SEO_Persons":84,"SOL_Ir_La_Pe_excl_Da_P":3,"SOL_Serbian_P":0,"SOL_Polish_P":0,"SOL_Iran_Lan_Tot_P":3,"SOL_Spanish_P":0,"SOL_Aus_Indig_Lang_P":0,"SOL_Chin_lang_Tot_P":14,"SOL_Croatian_P":0,"SOL_Se_As_A_L_Othr_P":0,"SOL_Chin_lang_Mand_P":9,"SOL_Korean_P":16,"SOL_Maltese_P":0,"SOL_Se_As_A_L_Tagal_P":0,"SOL_Chin_lang_Cant_P":5,"SOL_French_P":0,"SOL_Se_As_A_L_Tot_P":5,"SOL_Dutch_P":3,"SOL_Chin_lang_Other_P":0,"SA1_MAIN11":"50302104118","SOL_Irani_Lan_Othr_P":0,"SOL_Thai_P":3,"SOL_Italian_P":5,"SOL_Arabic_P":0,"SOL_Vietnamese_P":0,"SOL_Se_As_A_L_Filipino_P":0,"SOL_Ir_Lang_Dari_P":0,"SOL_Samoan_P":0,"SOL_Russian_P":0,"SOL_German_P":6,"SOL_Se_As_A_L_Indon_P":5,"SOL_Macedonian_P":0,"SOL_Assyrian_P":0,"SOL_Tamil_P":0,"SOL_In_Ar_Lang_Tot_P":0,"SOL_Turkish_P":3,"SOL_Greek_P":0,"SOL_Portuguese_P":0,"SOL_Khmer_P":0},"id":"b13_aust_sa1.50302104118"},{"type":"Feature","properties":{"SOL_Japanese_P":0,"SOL_Hungarian_P":0,"SEO_Persons":416,"SOL_Ir_La_Pe_excl_Da_P":0,"SOL_Serbian_P":0,"SOL_Polish_P":6,"SOL_Iran_Lan_Tot_P":0,"SOL_Spanish_P":6,"SOL_Aus_Indig_Lang_P":0,"SOL_Chin_lang_Tot_P":20,"SOL_Croatian_P":0,"SOL_Se_As_A_L_Othr_P":0,"SOL_Chin_lang_Mand_P":10,"SOL_Korean_P":4,"SOL_Maltese_P":0,"SOL_Se_As_A_L_Tagal_P":0,"SOL_Chin_lang_Cant_P":7,"SOL_French_P":3,"SOL_Se_As_A_L_Tot_P":3,"SOL_Dutch_P":6,"SOL_Chin_lang_Other_P":3,"SA1_MAIN11":"50302104120","SOL_Irani_Lan_Othr_P":0,"SOL_Thai_P":6,"SOL_Italian_P":21,"SOL_Arabic_P":6,"SOL_Vietnamese_P":6,"SOL_Se_As_A_L_Filipino_P":0,"SOL_Ir_Lang_Dari_P":0,"SOL_Samoan_P":3,"SOL_Russian_P":0,"SOL_German_P":6,"SOL_Se_As_A_L_Indon_P":3,"SOL_Macedonian_P":0,"SOL_Assyrian_P":0,"SOL_Tamil_P":0,"SOL_In_Ar_Lang_Tot_P":0,"SOL_Turkish_P":0,"SOL_Greek_P":0,"SOL_Portuguese_P":0,"SOL_Khmer_P":0},"id":"b13_aust_sa1.50302104120"},{"type":"Feature","properties":{"SOL_Japanese_P":6,"SOL_Hungarian_P":0,"SEO_Persons":522,"SOL_Ir_La_Pe_excl_Da_P":6,"SOL_Serbian_P":0,"SOL_Polish_P":0,"SOL_Iran_Lan_Tot_P":6,"SOL_Spanish_P":10,"SOL_Aus_Indig_Lang_P":4,"SOL_Chin_lang_Tot_P":44,"SOL_Croatian_P":8,"SOL_Se_As_A_L_Othr_P":0,"SOL_Chin_lang_Mand_P":26,"SOL_Korean_P":3,"SOL_Maltese_P":0,"SOL_Se_As_A_L_Tagal_P":3,"SOL_Chin_lang_Cant_P":18,"SOL_French_P":7,"SOL_Se_As_A_L_Tot_P":22,"SOL_Dutch_P":0,"SOL_Chin_lang_Other_P":0,"SA1_MAIN11":"50302104121","SOL_Irani_Lan_Othr_P":0,"SOL_Thai_P":0,"SOL_Italian_P":7,"SOL_Arabic_P":4,"SOL_Vietnamese_P":15,"SOL_Se_As_A_L_Filipino_P":3,"SOL_Ir_Lang_Dari_P":0,"SOL_Samoan_P":0,"SOL_Russian_P":0,"SOL_German_P":5,"SOL_Se_As_A_L_Indon_P":16,"SOL_Macedonian_P":3,"SOL_Assyrian_P":0,"SOL_Tamil_P":0,"SOL_In_Ar_Lang_Tot_P":4,"SOL_Turkish_P":0,"SOL_Greek_P":6,"SOL_Portuguese_P":7,"SOL_Khmer_P":0},"id":"b13_aust_sa1.50302104121"},{"type":"Feature","properties":{"SOL_Japanese_P":6,"SOL_Hungarian_P":0,"SEO_Persons":356,"SOL_Ir_La_Pe_excl_Da_P":0,"SOL_Serbian_P":0,"SOL_Polish_P":0,"SOL_Iran_Lan_Tot_P":3,"SOL_Spanish_P":3,"SOL_Aus_Indig_Lang_P":0,"SOL_Chin_lang_Tot_P":32,"SOL_Croatian_P":0,"SOL_Se_As_A_L_Othr_P":0,"SOL_Chin_lang_Mand_P":16,"SOL_Korean_P":6,"SOL_Maltese_P":0,"SOL_Se_As_A_L_Tagal_P":11,"SOL_Chin_lang_Cant_P":16,"SOL_French_P":3,"SOL_Se_As_A_L_Tot_P":15,"SOL_Dutch_P":0,"SOL_Chin_lang_Other_P":0,"SA1_MAIN11":"50302104129","SOL_Irani_Lan_Othr_P":3,"SOL_Thai_P":8,"SOL_Italian_P":17,"SOL_Arabic_P":7,"SOL_Vietnamese_P":17,"SOL_Se_As_A_L_Filipino_P":0,"SOL_Ir_Lang_Dari_P":0,"SOL_Samoan_P":0,"SOL_Russian_P":3,"SOL_German_P":4,"SOL_Se_As_A_L_Indon_P":4,"SOL_Macedonian_P":0,"SOL_Assyrian_P":0,"SOL_Tamil_P":0,"SOL_In_Ar_Lang_Tot_P":51,"SOL_Turkish_P":0,"SOL_Greek_P":0,"SOL_Portuguese_P":10,"SOL_Khmer_P":0},"id":"b13_aust_sa1.50302104129"},{"type":"Feature","properties":{"SOL_Japanese_P":0,"SOL_Hungarian_P":0,"SEO_Persons":272,"SOL_Ir_La_Pe_excl_Da_P":0,"SOL_Serbian_P":7,"SOL_Polish_P":0,"SOL_Iran_Lan_Tot_P":0,"SOL_Spanish_P":6,"SOL_Aus_Indig_Lang_P":0,"SOL_Chin_lang_Tot_P":3,"SOL_Croatian_P":0,"SOL_Se_As_A_L_Othr_P":0,"SOL_Chin_lang_Mand_P":0,"SOL_Korean_P":3,"SOL_Maltese_P":0,"SOL_Se_As_A_L_Tagal_P":0,"SOL_Chin_lang_Cant_P":0,"SOL_French_P":8,"SOL_Se_As_A_L_Tot_P":3,"SOL_Dutch_P":0,"SOL_Chin_lang_Other_P":3,"SA1_MAIN11":"50302104132","SOL_Irani_Lan_Othr_P":0,"SOL_Thai_P":4,"SOL_Italian_P":21,"SOL_Arabic_P":0,"SOL_Vietnamese_P":14,"SOL_Se_As_A_L_Filipino_P":3,"SOL_Ir_Lang_Dari_P":0,"SOL_Samoan_P":0,"SOL_Russian_P":0,"SOL_German_P":0,"SOL_Se_As_A_L_Indon_P":0,"SOL_Macedonian_P":0,"SOL_Assyrian_P":0,"SOL_Tamil_P":0,"SOL_In_Ar_Lang_Tot_P":24,"SOL_Turkish_P":0,"SOL_Greek_P":7,"SOL_Portuguese_P":0,"SOL_Khmer_P":0},"id":"b13_aust_sa1.50302104132"},{"type":"Feature","properties":{"SOL_Japanese_P":3,"SOL_Hungarian_P":0,"SEO_Persons":284,"SOL_Ir_La_Pe_excl_Da_P":0,"SOL_Serbian_P":0,"SOL_Polish_P":0,"SOL_Iran_Lan_Tot_P":0,"SOL_Spanish_P":5,"SOL_Aus_Indig_Lang_P":0,"SOL_Chin_lang_Tot_P":21,"SOL_Croatian_P":0,"SOL_Se_As_A_L_Othr_P":0,"SOL_Chin_lang_Mand_P":11,"SOL_Korean_P":6,"SOL_Maltese_P":0,"SOL_Se_As_A_L_Tagal_P":0,"SOL_Chin_lang_Cant_P":7,"SOL_French_P":13,"SOL_Se_As_A_L_Tot_P":0,"SOL_Dutch_P":0,"SOL_Chin_lang_Other_P":3,"SA1_MAIN11":"50302104133","SOL_Irani_Lan_Othr_P":0,"SOL_Thai_P":6,"SOL_Italian_P":4,"SOL_Arabic_P":0,"SOL_Vietnamese_P":15,"SOL_Se_As_A_L_Filipino_P":0,"SOL_Ir_Lang_Dari_P":0,"SOL_Samoan_P":0,"SOL_Russian_P":3,"SOL_German_P":0,"SOL_Se_As_A_L_Indon_P":0,"SOL_Macedonian_P":6,"SOL_Assyrian_P":0,"SOL_Tamil_P":0,"SOL_In_Ar_Lang_Tot_P":3,"SOL_Turkish_P":0,"SOL_Greek_P":0,"SOL_Portuguese_P":0,"SOL_Khmer_P":0},"id":"b13_aust_sa1.50302104133"},{"type":"Feature","properties":{"SOL_Japanese_P":7,"SOL_Hungarian_P":0,"SEO_Persons":388,"SOL_Ir_La_Pe_excl_Da_P":0,"SOL_Serbian_P":3,"SOL_Polish_P":3,"SOL_Iran_Lan_Tot_P":0,"SOL_Spanish_P":6,"SOL_Aus_Indig_Lang_P":0,"SOL_Chin_lang_Tot_P":12,"SOL_Croatian_P":3,"SOL_Se_As_A_L_Othr_P":3,"SOL_Chin_lang_Mand_P":3,"SOL_Korean_P":0,"SOL_Maltese_P":0,"SOL_Se_As_A_L_Tagal_P":0,"SOL_Chin_lang_Cant_P":6,"SOL_French_P":8,"SOL_Se_As_A_L_Tot_P":3,"SOL_Dutch_P":3,"SOL_Chin_lang_Other_P":3,"SA1_MAIN11":"50302104134","SOL_Irani_Lan_Othr_P":0,"SOL_Thai_P":0,"SOL_Italian_P":37,"SOL_Arabic_P":0,"SOL_Vietnamese_P":19,"SOL_Se_As_A_L_Filipino_P":0,"SOL_Ir_Lang_Dari_P":0,"SOL_Samoan_P":0,"SOL_Russian_P":0,"SOL_German_P":3,"SOL_Se_As_A_L_Indon_P":0,"SOL_Macedonian_P":0,"SOL_Assyrian_P":0,"SOL_Tamil_P":0,"SOL_In_Ar_Lang_Tot_P":3,"SOL_Turkish_P":0,"SOL_Greek_P":0,"SOL_Portuguese_P":0,"SOL_Khmer_P":0},"id":"b13_aust_sa1.50302104134"},{"type":"Feature","properties":{"SOL_Japanese_P":3,"SOL_Hungarian_P":0,"SEO_Persons":471,"SOL_Ir_La_Pe_excl_Da_P":0,"SOL_Serbian_P":0,"SOL_Polish_P":0,"SOL_Iran_Lan_Tot_P":0,"SOL_Spanish_P":7,"SOL_Aus_Indig_Lang_P":0,"SOL_Chin_lang_Tot_P":50,"SOL_Croatian_P":0,"SOL_Se_As_A_L_Othr_P":0,"SOL_Chin_lang_Mand_P":31,"SOL_Korean_P":8,"SOL_Maltese_P":0,"SOL_Se_As_A_L_Tagal_P":0,"SOL_Chin_lang_Cant_P":19,"SOL_French_P":6,"SOL_Se_As_A_L_Tot_P":0,"SOL_Dutch_P":3,"SOL_Chin_lang_Other_P":0,"SA1_MAIN11":"50302104136","SOL_Irani_Lan_Othr_P":0,"SOL_Thai_P":14,"SOL_Italian_P":15,"SOL_Arabic_P":0,"SOL_Vietnamese_P":36,"SOL_Se_As_A_L_Filipino_P":0,"SOL_Ir_Lang_Dari_P":0,"SOL_Samoan_P":0,"SOL_Russian_P":0,"SOL_German_P":4,"SOL_Se_As_A_L_Indon_P":0,"SOL_Macedonian_P":3,"SOL_Assyrian_P":0,"SOL_Tamil_P":0,"SOL_In_Ar_Lang_Tot_P":8,"SOL_Turkish_P":0,"SOL_Greek_P":6,"SOL_Portuguese_P":4,"SOL_Khmer_P":0},"id":"b13_aust_sa1.50302104136"},{"type":"Feature","properties":{"SOL_Japanese_P":3,"SOL_Hungarian_P":0,"SEO_Persons":342,"SOL_Ir_La_Pe_excl_Da_P":0,"SOL_Serbian_P":4,"SOL_Polish_P":6,"SOL_Iran_Lan_Tot_P":0,"SOL_Spanish_P":7,"SOL_Aus_Indig_Lang_P":0,"SOL_Chin_lang_Tot_P":68,"SOL_Croatian_P":0,"SOL_Se_As_A_L_Othr_P":6,"SOL_Chin_lang_Mand_P":26,"SOL_Korean_P":11,"SOL_Maltese_P":0,"SOL_Se_As_A_L_Tagal_P":0,"SOL_Chin_lang_Cant_P":36,"SOL_French_P":5,"SOL_Se_As_A_L_Tot_P":10,"SOL_Dutch_P":0,"SOL_Chin_lang_Other_P":6,"SA1_MAIN11":"50302104137","SOL_Irani_Lan_Othr_P":0,"SOL_Thai_P":4,"SOL_Italian_P":24,"SOL_Arabic_P":0,"SOL_Vietnamese_P":30,"SOL_Se_As_A_L_Filipino_P":0,"SOL_Ir_Lang_Dari_P":0,"SOL_Samoan_P":0,"SOL_Russian_P":0,"SOL_German_P":6,"SOL_Se_As_A_L_Indon_P":4,"SOL_Macedonian_P":0,"SOL_Assyrian_P":0,"SOL_Tamil_P":0,"SOL_In_Ar_Lang_Tot_P":12,"SOL_Turkish_P":0,"SOL_Greek_P":11,"SOL_Portuguese_P":0,"SOL_Khmer_P":0},"id":"b13_aust_sa1.50302104137"},{"type":"Feature","properties":{"SOL_Japanese_P":15,"SOL_Hungarian_P":0,"SEO_Persons":354,"SOL_Ir_La_Pe_excl_Da_P":0,"SOL_Serbian_P":4,"SOL_Polish_P":13,"SOL_Iran_Lan_Tot_P":0,"SOL_Spanish_P":10,"SOL_Aus_Indig_Lang_P":0,"SOL_Chin_lang_Tot_P":57,"SOL_Croatian_P":0,"SOL_Se_As_A_L_Othr_P":9,"SOL_Chin_lang_Mand_P":35,"SOL_Korean_P":17,"SOL_Maltese_P":0,"SOL_Se_As_A_L_Tagal_P":4,"SOL_Chin_lang_Cant_P":22,"SOL_French_P":7,"SOL_Se_As_A_L_Tot_P":25,"SOL_Dutch_P":3,"SOL_Chin_lang_Other_P":0,"SA1_MAIN11":"50302104141","SOL_Irani_Lan_Othr_P":0,"SOL_Thai_P":10,"SOL_Italian_P":4,"SOL_Arabic_P":18,"SOL_Vietnamese_P":7,"SOL_Se_As_A_L_Filipino_P":3,"SOL_Ir_Lang_Dari_P":0,"SOL_Samoan_P":0,"SOL_Russian_P":6,"SOL_German_P":0,"SOL_Se_As_A_L_Indon_P":9,"SOL_Macedonian_P":0,"SOL_Assyrian_P":0,"SOL_Tamil_P":0,"SOL_In_Ar_Lang_Tot_P":0,"SOL_Turkish_P":0,"SOL_Greek_P":0,"SOL_Portuguese_P":7,"SOL_Khmer_P":0},"id":"b13_aust_sa1.50302104141"},{"type":"Feature","properties":{"SOL_Japanese_P":6,"SOL_Hungarian_P":0,"SEO_Persons":249,"SOL_Ir_La_Pe_excl_Da_P":3,"SOL_Serbian_P":0,"SOL_Polish_P":6,"SOL_Iran_Lan_Tot_P":3,"SOL_Spanish_P":3,"SOL_Aus_Indig_Lang_P":0,"SOL_Chin_lang_Tot_P":32,"SOL_Croatian_P":0,"SOL_Se_As_A_L_Othr_P":0,"SOL_Chin_lang_Mand_P":13,"SOL_Korean_P":6,"SOL_Maltese_P":0,"SOL_Se_As_A_L_Tagal_P":0,"SOL_Chin_lang_Cant_P":16,"SOL_French_P":3,"SOL_Se_As_A_L_Tot_P":3,"SOL_Dutch_P":3,"SOL_Chin_lang_Other_P":3,"SA1_MAIN11":"50302104143","SOL_Irani_Lan_Othr_P":0,"SOL_Thai_P":6,"SOL_Italian_P":0,"SOL_Arabic_P":6,"SOL_Vietnamese_P":6,"SOL_Se_As_A_L_Filipino_P":0,"SOL_Ir_Lang_Dari_P":0,"SOL_Samoan_P":0,"SOL_Russian_P":0,"SOL_German_P":6,"SOL_Se_As_A_L_Indon_P":3,"SOL_Macedonian_P":0,"SOL_Assyrian_P":0,"SOL_Tamil_P":0,"SOL_In_Ar_Lang_Tot_P":22,"SOL_Turkish_P":0,"SOL_Greek_P":6,"SOL_Portuguese_P":6,"SOL_Khmer_P":0},"id":"b13_aust_sa1.50302104143"}]}