{"type":"FeatureCollection","bbox":[0.0,0.0,-1.0,-1.0],"features":[{"type":"Feature","properties":{"HI_2500_2999_Tot":11,"HI_600_799_Tot":16,"HI_4000_more_Tot":7,"HI_3500_3999_Tot":0,"Negative_Nil_income_Tot":23,"HI_1500_1999_Tot":23,"Tot_Tot":229,"HI_1_199_Tot":6,"HI_400_599_Tot":14,"HI_800_999_Tot":21,"HI_300_399_Tot":18,"HI_2000_2499_Tot":10,"HI_3000_3499_Tot":4,"HI_200_299_Tot":8,"HI_1000_1249_Tot":26,"HI_1250_1499_Tot":18,"SA1_MAIN11":"10704114930"},"id":"b28_aust_sa1.10704114930"},{"type":"Feature","properties":{"HI_2500_2999_Tot":21,"HI_600_799_Tot":33,"HI_4000_more_Tot":7,"HI_3500_3999_Tot":7,"Negative_Nil_income_Tot":6,"HI_1500_1999_Tot":38,"Tot_Tot":299,"HI_1_199_Tot":9,"HI_400_599_Tot":34,"HI_800_999_Tot":25,"HI_300_399_Tot":21,"HI_2000_2499_Tot":10,"HI_3000_3499_Tot":6,"HI_200_299_Tot":13,"HI_1000_1249_Tot":19,"HI_1250_1499_Tot":20,"SA1_MAIN11":"10704114908"},"id":"b28_aust_sa1.10704114908"},{"type":"Feature","properties":{"HI_2500_2999_Tot":11,"HI_600_799_Tot":12,"HI_4000_more_Tot":0,"HI_3500_3999_Tot":0,"Negative_Nil_income_Tot":3,"HI_1500_1999_Tot":13,"Tot_Tot":163,"HI_1_199_Tot":11,"HI_400_599_Tot":12,"HI_800_999_Tot":11,"HI_300_399_Tot":23,"HI_2000_2499_Tot":8,"HI_3000_3499_Tot":8,"HI_200_299_Tot":15,"HI_1000_1249_Tot":9,"HI_1250_1499_Tot":9,"SA1_MAIN11":"10704114955"},"id":"b28_aust_sa1.10704114955"},{"type":"Feature","properties":{"HI_2500_2999_Tot":3,"HI_600_799_Tot":17,"HI_4000_more_Tot":6,"HI_3500_3999_Tot":0,"Negative_Nil_income_Tot":10,"HI_1500_1999_Tot":12,"Tot_Tot":143,"HI_1_199_Tot":5,"HI_400_599_Tot":11,"HI_800_999_Tot":16,"HI_300_399_Tot":9,"HI_2000_2499_Tot":9,"HI_3000_3499_Tot":3,"HI_200_299_Tot":9,"HI_1000_1249_Tot":16,"HI_1250_1499_Tot":9,"SA1_MAIN11":"10704114913"},"id":"b28_aust_sa1.10704114913"},{"type":"Feature","properties":{"HI_2500_2999_Tot":0,"HI_600_799_Tot":0,"HI_4000_more_Tot":0,"HI_3500_3999_Tot":0,"Negative_Nil_income_Tot":0,"HI_1500_1999_Tot":0,"Tot_Tot":0,"HI_1_199_Tot":0,"HI_400_599_Tot":0,"HI_800_999_Tot":0,"HI_300_399_Tot":0,"HI_2000_2499_Tot":0,"HI_3000_3499_Tot":0,"HI_200_299_Tot":0,"HI_1000_1249_Tot":0,"HI_1250_1499_Tot":0,"SA1_MAIN11":"10704114901"},"id":"b28_aust_sa1.10704114901"},{"type":"Feature","properties":{"HI_2500_2999_Tot":18,"HI_600_799_Tot":27,"HI_4000_more_Tot":10,"HI_3500_3999_Tot":8,"Negative_Nil_income_Tot":12,"HI_1500_1999_Tot":25,"Tot_Tot":322,"HI_1_199_Tot":4,"HI_400_599_Tot":29,"HI_800_999_Tot":37,"HI_300_399_Tot":21,"HI_2000_2499_Tot":17,"HI_3000_3499_Tot":12,"HI_200_299_Tot":13,"HI_1000_1249_Tot":45,"HI_1250_1499_Tot":20,"SA1_MAIN11":"10704114917"},"id":"b28_aust_sa1.10704114917"},{"type":"Feature","properties":{"HI_2500_2999_Tot":7,"HI_600_799_Tot":14,"HI_4000_more_Tot":0,"HI_3500_3999_Tot":0,"Negative_Nil_income_Tot":7,"HI_1500_1999_Tot":16,"Tot_Tot":151,"HI_1_199_Tot":4,"HI_400_599_Tot":20,"HI_800_999_Tot":9,"HI_300_399_Tot":11,"HI_2000_2499_Tot":6,"HI_3000_3499_Tot":6,"HI_200_299_Tot":9,"HI_1000_1249_Tot":16,"HI_1250_1499_Tot":10,"SA1_MAIN11":"10704114918"},"id":"b28_aust_sa1.10704114918"},{"type":"Feature","properties":{"HI_2500_2999_Tot":6,"HI_600_799_Tot":36,"HI_4000_more_Tot":4,"HI_3500_3999_Tot":0,"Negative_Nil_income_Tot":14,"HI_1500_1999_Tot":27,"Tot_Tot":286,"HI_1_199_Tot":11,"HI_400_599_Tot":25,"HI_800_999_Tot":33,"HI_300_399_Tot":19,"HI_2000_2499_Tot":11,"HI_3000_3499_Tot":12,"HI_200_299_Tot":10,"HI_1000_1249_Tot":24,"HI_1250_1499_Tot":21,"SA1_MAIN11":"10704114919"},"id":"b28_aust_sa1.10704114919"},{"type":"Feature","properties":{"HI_2500_2999_Tot":12,"HI_600_799_Tot":20,"HI_4000_more_Tot":0,"HI_3500_3999_Tot":3,"Negative_Nil_income_Tot":11,"HI_1500_1999_Tot":9,"Tot_Tot":178,"HI_1_199_Tot":6,"HI_400_599_Tot":15,"HI_800_999_Tot":6,"HI_300_399_Tot":18,"HI_2000_2499_Tot":4,"HI_3000_3499_Tot":0,"HI_200_299_Tot":10,"HI_1000_1249_Tot":20,"HI_1250_1499_Tot":23,"SA1_MAIN11":"10704114920"},"id":"b28_aust_sa1.10704114920"},{"type":"Feature","properties":{"HI_2500_2999_Tot":34,"HI_600_799_Tot":33,"HI_4000_more_Tot":6,"HI_3500_3999_Tot":6,"Negative_Nil_income_Tot":18,"HI_1500_1999_Tot":42,"Tot_Tot":365,"HI_1_199_Tot":6,"HI_400_599_Tot":29,"HI_800_999_Tot":28,"HI_300_399_Tot":37,"HI_2000_2499_Tot":18,"HI_3000_3499_Tot":8,"HI_200_299_Tot":22,"HI_1000_1249_Tot":18,"HI_1250_1499_Tot":20,"SA1_MAIN11":"10704114921"},"id":"b28_aust_sa1.10704114921"},{"type":"Feature","properties":{"HI_2500_2999_Tot":7,"HI_600_799_Tot":24,"HI_4000_more_Tot":5,"HI_3500_3999_Tot":9,"Negative_Nil_income_Tot":9,"HI_1500_1999_Tot":9,"Tot_Tot":194,"HI_1_199_Tot":3,"HI_400_599_Tot":27,"HI_800_999_Tot":23,"HI_300_399_Tot":6,"HI_2000_2499_Tot":11,"HI_3000_3499_Tot":9,"HI_200_299_Tot":6,"HI_1000_1249_Tot":11,"HI_1250_1499_Tot":17,"SA1_MAIN11":"10704114922"},"id":"b28_aust_sa1.10704114922"},{"type":"Feature","properties":{"HI_2500_2999_Tot":10,"HI_600_799_Tot":27,"HI_4000_more_Tot":5,"HI_3500_3999_Tot":5,"Negative_Nil_income_Tot":19,"HI_1500_1999_Tot":21,"Tot_Tot":263,"HI_1_199_Tot":7,"HI_400_599_Tot":24,"HI_800_999_Tot":23,"HI_300_399_Tot":12,"HI_2000_2499_Tot":14,"HI_3000_3499_Tot":8,"HI_200_299_Tot":8,"HI_1000_1249_Tot":36,"HI_1250_1499_Tot":18,"SA1_MAIN11":"10704114923"},"id":"b28_aust_sa1.10704114923"},{"type":"Feature","properties":{"HI_2500_2999_Tot":12,"HI_600_799_Tot":22,"HI_4000_more_Tot":3,"HI_3500_3999_Tot":4,"Negative_Nil_income_Tot":13,"HI_1500_1999_Tot":16,"Tot_Tot":209,"HI_1_199_Tot":10,"HI_400_599_Tot":22,"HI_800_999_Tot":11,"HI_300_399_Tot":16,"HI_2000_2499_Tot":5,"HI_3000_3499_Tot":3,"HI_200_299_Tot":11,"HI_1000_1249_Tot":13,"HI_1250_1499_Tot":15,"SA1_MAIN11":"10704114924"},"id":"b28_aust_sa1.10704114924"},{"type":"Feature","properties":{"HI_2500_2999_Tot":15,"HI_600_799_Tot":21,"HI_4000_more_Tot":0,"HI_3500_3999_Tot":0,"Negative_Nil_income_Tot":9,"HI_1500_1999_Tot":23,"Tot_Tot":242,"HI_1_199_Tot":8,"HI_400_599_Tot":37,"HI_800_999_Tot":14,"HI_300_399_Tot":13,"HI_2000_2499_Tot":16,"HI_3000_3499_Tot":3,"HI_200_299_Tot":11,"HI_1000_1249_Tot":24,"HI_1250_1499_Tot":19,"SA1_MAIN11":"10704114925"},"id":"b28_aust_sa1.10704114925"},{"type":"Feature","properties":{"HI_2500_2999_Tot":13,"HI_600_799_Tot":31,"HI_4000_more_Tot":4,"HI_3500_3999_Tot":0,"Negative_Nil_income_Tot":15,"HI_1500_1999_Tot":23,"Tot_Tot":281,"HI_1_199_Tot":8,"HI_400_599_Tot":37,"HI_800_999_Tot":22,"HI_300_399_Tot":23,"HI_2000_2499_Tot":15,"HI_3000_3499_Tot":5,"HI_200_299_Tot":18,"HI_1000_1249_Tot":27,"HI_1250_1499_Tot":20,"SA1_MAIN11":"10704114926"},"id":"b28_aust_sa1.10704114926"},{"type":"Feature","properties":{"HI_2500_2999_Tot":7,"HI_600_799_Tot":22,"HI_4000_more_Tot":3,"HI_3500_3999_Tot":0,"Negative_Nil_income_Tot":9,"HI_1500_1999_Tot":9,"Tot_Tot":250,"HI_1_199_Tot":15,"HI_400_599_Tot":29,"HI_800_999_Tot":17,"HI_300_399_Tot":49,"HI_2000_2499_Tot":8,"HI_3000_3499_Tot":3,"HI_200_299_Tot":25,"HI_1000_1249_Tot":19,"HI_1250_1499_Tot":9,"SA1_MAIN11":"10704114927"},"id":"b28_aust_sa1.10704114927"},{"type":"Feature","properties":{"HI_2500_2999_Tot":7,"HI_600_799_Tot":22,"HI_4000_more_Tot":6,"HI_3500_3999_Tot":3,"Negative_Nil_income_Tot":10,"HI_1500_1999_Tot":24,"Tot_Tot":211,"HI_1_199_Tot":4,"HI_400_599_Tot":24,"HI_800_999_Tot":13,"HI_300_399_Tot":17,"HI_2000_2499_Tot":16,"HI_3000_3499_Tot":4,"HI_200_299_Tot":6,"HI_1000_1249_Tot":15,"HI_1250_1499_Tot":16,"SA1_MAIN11":"10704114928"},"id":"b28_aust_sa1.10704114928"},{"type":"Feature","properties":{"HI_2500_2999_Tot":18,"HI_600_799_Tot":30,"HI_4000_more_Tot":4,"HI_3500_3999_Tot":3,"Negative_Nil_income_Tot":11,"HI_1500_1999_Tot":19,"Tot_Tot":342,"HI_1_199_Tot":11,"HI_400_599_Tot":41,"HI_800_999_Tot":31,"HI_300_399_Tot":47,"HI_2000_2499_Tot":15,"HI_3000_3499_Tot":8,"HI_200_299_Tot":28,"HI_1000_1249_Tot":14,"HI_1250_1499_Tot":16,"SA1_MAIN11":"10704114929"},"id":"b28_aust_sa1.10704114929"},{"type":"Feature","properties":{"HI_2500_2999_Tot":3,"HI_600_799_Tot":24,"HI_4000_more_Tot":0,"HI_3500_3999_Tot":0,"Negative_Nil_income_Tot":0,"HI_1500_1999_Tot":12,"Tot_Tot":131,"HI_1_199_Tot":4,"HI_400_599_Tot":19,"HI_800_999_Tot":10,"HI_300_399_Tot":8,"HI_2000_2499_Tot":7,"HI_3000_3499_Tot":3,"HI_200_299_Tot":8,"HI_1000_1249_Tot":17,"HI_1250_1499_Tot":8,"SA1_MAIN11":"10704114931"},"id":"b28_aust_sa1.10704114931"},{"type":"Feature","properties":{"HI_2500_2999_Tot":30,"HI_600_799_Tot":18,"HI_4000_more_Tot":3,"HI_3500_3999_Tot":3,"Negative_Nil_income_Tot":16,"HI_1500_1999_Tot":53,"Tot_Tot":295,"HI_1_199_Tot":7,"HI_400_599_Tot":18,"HI_800_999_Tot":30,"HI_300_399_Tot":10,"HI_2000_2499_Tot":25,"HI_3000_3499_Tot":10,"HI_200_299_Tot":0,"HI_1000_1249_Tot":32,"HI_1250_1499_Tot":23,"SA1_MAIN11":"10704114932"},"id":"b28_aust_sa1.10704114932"},{"type":"Feature","properties":{"HI_2500_2999_Tot":14,"HI_600_799_Tot":6,"HI_4000_more_Tot":13,"HI_3500_3999_Tot":3,"Negative_Nil_income_Tot":0,"HI_1500_1999_Tot":20,"Tot_Tot":127,"HI_1_199_Tot":3,"HI_400_599_Tot":10,"HI_800_999_Tot":6,"HI_300_399_Tot":7,"HI_2000_2499_Tot":13,"HI_3000_3499_Tot":6,"HI_200_299_Tot":3,"HI_1000_1249_Tot":3,"HI_1250_1499_Tot":7,"SA1_MAIN11":"10704114933"},"id":"b28_aust_sa1.10704114933"},{"type":"Feature","properties":{"HI_2500_2999_Tot":13,"HI_600_799_Tot":35,"HI_4000_more_Tot":8,"HI_3500_3999_Tot":7,"Negative_Nil_income_Tot":0,"HI_1500_1999_Tot":26,"Tot_Tot":235,"HI_1_199_Tot":3,"HI_400_599_Tot":23,"HI_800_999_Tot":16,"HI_300_399_Tot":12,"HI_2000_2499_Tot":21,"HI_3000_3499_Tot":10,"HI_200_299_Tot":8,"HI_1000_1249_Tot":22,"HI_1250_1499_Tot":12,"SA1_MAIN11":"10704114934"},"id":"b28_aust_sa1.10704114934"},{"type":"Feature","properties":{"HI_2500_2999_Tot":8,"HI_600_799_Tot":18,"HI_4000_more_Tot":3,"HI_3500_3999_Tot":3,"Negative_Nil_income_Tot":3,"HI_1500_1999_Tot":19,"Tot_Tot":153,"HI_1_199_Tot":6,"HI_400_599_Tot":16,"HI_800_999_Tot":18,"HI_300_399_Tot":11,"HI_2000_2499_Tot":6,"HI_3000_3499_Tot":3,"HI_200_299_Tot":7,"HI_1000_1249_Tot":19,"HI_1250_1499_Tot":7,"SA1_MAIN11":"10704114935"},"id":"b28_aust_sa1.10704114935"},{"type":"Feature","properties":{"HI_2500_2999_Tot":21,"HI_600_799_Tot":17,"HI_4000_more_Tot":9,"HI_3500_3999_Tot":10,"Negative_Nil_income_Tot":7,"HI_1500_1999_Tot":30,"Tot_Tot":249,"HI_1_199_Tot":7,"HI_400_599_Tot":22,"HI_800_999_Tot":17,"HI_300_399_Tot":25,"HI_2000_2499_Tot":18,"HI_3000_3499_Tot":6,"HI_200_299_Tot":13,"HI_1000_1249_Tot":23,"HI_1250_1499_Tot":12,"SA1_MAIN11":"10704114945"},"id":"b28_aust_sa1.10704114945"},{"type":"Feature","properties":{"HI_2500_2999_Tot":16,"HI_600_799_Tot":11,"HI_4000_more_Tot":9,"HI_3500_3999_Tot":3,"Negative_Nil_income_Tot":8,"HI_1500_1999_Tot":18,"Tot_Tot":218,"HI_1_199_Tot":3,"HI_400_599_Tot":22,"HI_800_999_Tot":22,"HI_300_399_Tot":15,"HI_2000_2499_Tot":15,"HI_3000_3499_Tot":19,"HI_200_299_Tot":9,"HI_1000_1249_Tot":14,"HI_1250_1499_Tot":13,"SA1_MAIN11":"10704114948"},"id":"b28_aust_sa1.10704114948"},{"type":"Feature","properties":{"HI_2500_2999_Tot":12,"HI_600_799_Tot":11,"HI_4000_more_Tot":3,"HI_3500_3999_Tot":3,"Negative_Nil_income_Tot":0,"HI_1500_1999_Tot":19,"Tot_Tot":203,"HI_1_199_Tot":5,"HI_400_599_Tot":18,"HI_800_999_Tot":17,"HI_300_399_Tot":29,"HI_2000_2499_Tot":16,"HI_3000_3499_Tot":3,"HI_200_299_Tot":20,"HI_1000_1249_Tot":7,"HI_1250_1499_Tot":20,"SA1_MAIN11":"10704114949"},"id":"b28_aust_sa1.10704114949"},{"type":"Feature","properties":{"HI_2500_2999_Tot":20,"HI_600_799_Tot":19,"HI_4000_more_Tot":4,"HI_3500_3999_Tot":5,"Negative_Nil_income_Tot":6,"HI_1500_1999_Tot":32,"Tot_Tot":212,"HI_1_199_Tot":0,"HI_400_599_Tot":15,"HI_800_999_Tot":17,"HI_300_399_Tot":16,"HI_2000_2499_Tot":11,"HI_3000_3499_Tot":9,"HI_200_299_Tot":4,"HI_1000_1249_Tot":22,"HI_1250_1499_Tot":19,"SA1_MAIN11":"10704114950"},"id":"b28_aust_sa1.10704114950"},{"type":"Feature","properties":{"HI_2500_2999_Tot":27,"HI_600_799_Tot":19,"HI_4000_more_Tot":8,"HI_3500_3999_Tot":3,"Negative_Nil_income_Tot":7,"HI_1500_1999_Tot":28,"Tot_Tot":219,"HI_1_199_Tot":12,"HI_400_599_Tot":10,"HI_800_999_Tot":14,"HI_300_399_Tot":17,"HI_2000_2499_Tot":11,"HI_3000_3499_Tot":10,"HI_200_299_Tot":11,"HI_1000_1249_Tot":14,"HI_1250_1499_Tot":12,"SA1_MAIN11":"10704114951"},"id":"b28_aust_sa1.10704114951"},{"type":"Feature","properties":{"HI_2500_2999_Tot":19,"HI_600_799_Tot":26,"HI_4000_more_Tot":11,"HI_3500_3999_Tot":0,"Negative_Nil_income_Tot":8,"HI_1500_1999_Tot":36,"Tot_Tot":232,"HI_1_199_Tot":6,"HI_400_599_Tot":13,"HI_800_999_Tot":13,"HI_300_399_Tot":8,"HI_2000_2499_Tot":13,"HI_3000_3499_Tot":10,"HI_200_299_Tot":7,"HI_1000_1249_Tot":29,"HI_1250_1499_Tot":19,"SA1_MAIN11":"10704114952"},"id":"b28_aust_sa1.10704114952"},{"type":"Feature","properties":{"HI_2500_2999_Tot":28,"HI_600_799_Tot":24,"HI_4000_more_Tot":15,"HI_3500_3999_Tot":5,"Negative_Nil_income_Tot":11,"HI_1500_1999_Tot":35,"Tot_Tot":326,"HI_1_199_Tot":7,"HI_400_599_Tot":29,"HI_800_999_Tot":40,"HI_300_399_Tot":27,"HI_2000_2499_Tot":19,"HI_3000_3499_Tot":11,"HI_200_299_Tot":8,"HI_1000_1249_Tot":19,"HI_1250_1499_Tot":17,"SA1_MAIN11":"10704114953"},"id":"b28_aust_sa1.10704114953"},{"type":"Feature","properties":{"HI_2500_2999_Tot":16,"HI_600_799_Tot":22,"HI_4000_more_Tot":6,"HI_3500_3999_Tot":6,"Negative_Nil_income_Tot":3,"HI_1500_1999_Tot":28,"Tot_Tot":239,"HI_1_199_Tot":8,"HI_400_599_Tot":14,"HI_800_999_Tot":13,"HI_300_399_Tot":24,"HI_2000_2499_Tot":20,"HI_3000_3499_Tot":6,"HI_200_299_Tot":20,"HI_1000_1249_Tot":10,"HI_1250_1499_Tot":12,"SA1_MAIN11":"10704114954"},"id":"b28_aust_sa1.10704114954"},{"type":"Feature","properties":{"HI_2500_2999_Tot":21,"HI_600_799_Tot":28,"HI_4000_more_Tot":8,"HI_3500_3999_Tot":9,"Negative_Nil_income_Tot":28,"HI_1500_1999_Tot":44,"Tot_Tot":379,"HI_1_199_Tot":11,"HI_400_599_Tot":35,"HI_800_999_Tot":38,"HI_300_399_Tot":32,"HI_2000_2499_Tot":15,"HI_3000_3499_Tot":12,"HI_200_299_Tot":12,"HI_1000_1249_Tot":19,"HI_1250_1499_Tot":29,"SA1_MAIN11":"10704114956"},"id":"b28_aust_sa1.10704114956"}]}