{"type":"FeatureCollection","bbox":[0.0,0.0,-1.0,-1.0],"features":[{"type":"Feature","properties":{"HI_2500_2999_Tot":11,"HI_600_799_Tot":3,"HI_4000_more_Tot":5,"HI_3500_3999_Tot":0,"Negative_Nil_income_Tot":0,"HI_1500_1999_Tot":5,"Tot_Tot":68,"HI_1_199_Tot":0,"HI_400_599_Tot":7,"HI_800_999_Tot":9,"HI_300_399_Tot":3,"HI_2000_2499_Tot":7,"HI_3000_3499_Tot":4,"HI_200_299_Tot":0,"HI_1000_1249_Tot":11,"HI_1250_1499_Tot":0,"SA1_MAIN11":"30501110519"},"id":"b28_aust_sa1.30501110519"},{"type":"Feature","properties":{"HI_2500_2999_Tot":48,"HI_600_799_Tot":5,"HI_4000_more_Tot":20,"HI_3500_3999_Tot":9,"Negative_Nil_income_Tot":7,"HI_1500_1999_Tot":15,"Tot_Tot":197,"HI_1_199_Tot":3,"HI_400_599_Tot":3,"HI_800_999_Tot":9,"HI_300_399_Tot":0,"HI_2000_2499_Tot":13,"HI_3000_3499_Tot":10,"HI_200_299_Tot":0,"HI_1000_1249_Tot":13,"HI_1250_1499_Tot":11,"SA1_MAIN11":"30501110501"},"id":"b28_aust_sa1.30501110501"},{"type":"Feature","properties":{"HI_2500_2999_Tot":30,"HI_600_799_Tot":12,"HI_4000_more_Tot":6,"HI_3500_3999_Tot":5,"Negative_Nil_income_Tot":11,"HI_1500_1999_Tot":33,"Tot_Tot":280,"HI_1_199_Tot":0,"HI_400_599_Tot":10,"HI_800_999_Tot":20,"HI_300_399_Tot":5,"HI_2000_2499_Tot":26,"HI_3000_3499_Tot":11,"HI_200_299_Tot":3,"HI_1000_1249_Tot":19,"HI_1250_1499_Tot":12,"SA1_MAIN11":"30501110502"},"id":"b28_aust_sa1.30501110502"},{"type":"Feature","properties":{"HI_2500_2999_Tot":12,"HI_600_799_Tot":6,"HI_4000_more_Tot":3,"HI_3500_3999_Tot":0,"Negative_Nil_income_Tot":7,"HI_1500_1999_Tot":19,"Tot_Tot":109,"HI_1_199_Tot":0,"HI_400_599_Tot":6,"HI_800_999_Tot":7,"HI_300_399_Tot":5,"HI_2000_2499_Tot":6,"HI_3000_3499_Tot":4,"HI_200_299_Tot":5,"HI_1000_1249_Tot":6,"HI_1250_1499_Tot":11,"SA1_MAIN11":"30501110503"},"id":"b28_aust_sa1.30501110503"},{"type":"Feature","properties":{"HI_2500_2999_Tot":15,"HI_600_799_Tot":7,"HI_4000_more_Tot":0,"HI_3500_3999_Tot":7,"Negative_Nil_income_Tot":8,"HI_1500_1999_Tot":14,"Tot_Tot":127,"HI_1_199_Tot":6,"HI_400_599_Tot":5,"HI_800_999_Tot":7,"HI_300_399_Tot":0,"HI_2000_2499_Tot":12,"HI_3000_3499_Tot":9,"HI_200_299_Tot":3,"HI_1000_1249_Tot":8,"HI_1250_1499_Tot":6,"SA1_MAIN11":"30501110504"},"id":"b28_aust_sa1.30501110504"},{"type":"Feature","properties":{"HI_2500_2999_Tot":23,"HI_600_799_Tot":7,"HI_4000_more_Tot":6,"HI_3500_3999_Tot":3,"Negative_Nil_income_Tot":9,"HI_1500_1999_Tot":10,"Tot_Tot":118,"HI_1_199_Tot":6,"HI_400_599_Tot":3,"HI_800_999_Tot":8,"HI_300_399_Tot":4,"HI_2000_2499_Tot":8,"HI_3000_3499_Tot":11,"HI_200_299_Tot":3,"HI_1000_1249_Tot":7,"HI_1250_1499_Tot":4,"SA1_MAIN11":"30501110505"},"id":"b28_aust_sa1.30501110505"},{"type":"Feature","properties":{"HI_2500_2999_Tot":66,"HI_600_799_Tot":4,"HI_4000_more_Tot":23,"HI_3500_3999_Tot":11,"Negative_Nil_income_Tot":3,"HI_1500_1999_Tot":29,"Tot_Tot":228,"HI_1_199_Tot":6,"HI_400_599_Tot":8,"HI_800_999_Tot":6,"HI_300_399_Tot":3,"HI_2000_2499_Tot":17,"HI_3000_3499_Tot":16,"HI_200_299_Tot":3,"HI_1000_1249_Tot":12,"HI_1250_1499_Tot":8,"SA1_MAIN11":"30501110506"},"id":"b28_aust_sa1.30501110506"},{"type":"Feature","properties":{"HI_2500_2999_Tot":135,"HI_600_799_Tot":12,"HI_4000_more_Tot":43,"HI_3500_3999_Tot":28,"Negative_Nil_income_Tot":17,"HI_1500_1999_Tot":37,"Tot_Tot":468,"HI_1_199_Tot":4,"HI_400_599_Tot":14,"HI_800_999_Tot":13,"HI_300_399_Tot":6,"HI_2000_2499_Tot":34,"HI_3000_3499_Tot":29,"HI_200_299_Tot":7,"HI_1000_1249_Tot":18,"HI_1250_1499_Tot":24,"SA1_MAIN11":"30501110507"},"id":"b28_aust_sa1.30501110507"},{"type":"Feature","properties":{"HI_2500_2999_Tot":11,"HI_600_799_Tot":6,"HI_4000_more_Tot":3,"HI_3500_3999_Tot":3,"Negative_Nil_income_Tot":5,"HI_1500_1999_Tot":7,"Tot_Tot":75,"HI_1_199_Tot":3,"HI_400_599_Tot":3,"HI_800_999_Tot":3,"HI_300_399_Tot":4,"HI_2000_2499_Tot":3,"HI_3000_3499_Tot":0,"HI_200_299_Tot":0,"HI_1000_1249_Tot":3,"HI_1250_1499_Tot":6,"SA1_MAIN11":"30501110508"},"id":"b28_aust_sa1.30501110508"},{"type":"Feature","properties":{"HI_2500_2999_Tot":29,"HI_600_799_Tot":14,"HI_4000_more_Tot":5,"HI_3500_3999_Tot":6,"Negative_Nil_income_Tot":10,"HI_1500_1999_Tot":28,"Tot_Tot":197,"HI_1_199_Tot":7,"HI_400_599_Tot":9,"HI_800_999_Tot":7,"HI_300_399_Tot":7,"HI_2000_2499_Tot":11,"HI_3000_3499_Tot":16,"HI_200_299_Tot":3,"HI_1000_1249_Tot":19,"HI_1250_1499_Tot":14,"SA1_MAIN11":"30501110509"},"id":"b28_aust_sa1.30501110509"},{"type":"Feature","properties":{"HI_2500_2999_Tot":53,"HI_600_799_Tot":16,"HI_4000_more_Tot":6,"HI_3500_3999_Tot":8,"Negative_Nil_income_Tot":39,"HI_1500_1999_Tot":46,"Tot_Tot":330,"HI_1_199_Tot":9,"HI_400_599_Tot":11,"HI_800_999_Tot":19,"HI_300_399_Tot":10,"HI_2000_2499_Tot":19,"HI_3000_3499_Tot":17,"HI_200_299_Tot":10,"HI_1000_1249_Tot":21,"HI_1250_1499_Tot":20,"SA1_MAIN11":"30501110510"},"id":"b28_aust_sa1.30501110510"},{"type":"Feature","properties":{"HI_2500_2999_Tot":20,"HI_600_799_Tot":19,"HI_4000_more_Tot":6,"HI_3500_3999_Tot":6,"Negative_Nil_income_Tot":30,"HI_1500_1999_Tot":10,"Tot_Tot":201,"HI_1_199_Tot":9,"HI_400_599_Tot":17,"HI_800_999_Tot":12,"HI_300_399_Tot":8,"HI_2000_2499_Tot":8,"HI_3000_3499_Tot":4,"HI_200_299_Tot":11,"HI_1000_1249_Tot":18,"HI_1250_1499_Tot":14,"SA1_MAIN11":"30501110511"},"id":"b28_aust_sa1.30501110511"},{"type":"Feature","properties":{"HI_2500_2999_Tot":15,"HI_600_799_Tot":3,"HI_4000_more_Tot":5,"HI_3500_3999_Tot":3,"Negative_Nil_income_Tot":16,"HI_1500_1999_Tot":9,"Tot_Tot":93,"HI_1_199_Tot":0,"HI_400_599_Tot":6,"HI_800_999_Tot":6,"HI_300_399_Tot":0,"HI_2000_2499_Tot":3,"HI_3000_3499_Tot":10,"HI_200_299_Tot":0,"HI_1000_1249_Tot":3,"HI_1250_1499_Tot":8,"SA1_MAIN11":"30501110512"},"id":"b28_aust_sa1.30501110512"},{"type":"Feature","properties":{"HI_2500_2999_Tot":3,"HI_600_799_Tot":3,"HI_4000_more_Tot":0,"HI_3500_3999_Tot":0,"Negative_Nil_income_Tot":3,"HI_1500_1999_Tot":0,"Tot_Tot":18,"HI_1_199_Tot":3,"HI_400_599_Tot":3,"HI_800_999_Tot":0,"HI_300_399_Tot":3,"HI_2000_2499_Tot":0,"HI_3000_3499_Tot":0,"HI_200_299_Tot":0,"HI_1000_1249_Tot":0,"HI_1250_1499_Tot":0,"SA1_MAIN11":"30501110513"},"id":"b28_aust_sa1.30501110513"},{"type":"Feature","properties":{"HI_2500_2999_Tot":60,"HI_600_799_Tot":13,"HI_4000_more_Tot":33,"HI_3500_3999_Tot":18,"Negative_Nil_income_Tot":17,"HI_1500_1999_Tot":36,"Tot_Tot":328,"HI_1_199_Tot":3,"HI_400_599_Tot":5,"HI_800_999_Tot":16,"HI_300_399_Tot":0,"HI_2000_2499_Tot":19,"HI_3000_3499_Tot":30,"HI_200_299_Tot":10,"HI_1000_1249_Tot":21,"HI_1250_1499_Tot":17,"SA1_MAIN11":"30501110514"},"id":"b28_aust_sa1.30501110514"},{"type":"Feature","properties":{"HI_2500_2999_Tot":18,"HI_600_799_Tot":3,"HI_4000_more_Tot":0,"HI_3500_3999_Tot":4,"Negative_Nil_income_Tot":3,"HI_1500_1999_Tot":12,"Tot_Tot":95,"HI_1_199_Tot":3,"HI_400_599_Tot":4,"HI_800_999_Tot":3,"HI_300_399_Tot":0,"HI_2000_2499_Tot":13,"HI_3000_3499_Tot":8,"HI_200_299_Tot":0,"HI_1000_1249_Tot":7,"HI_1250_1499_Tot":6,"SA1_MAIN11":"30501110518"},"id":"b28_aust_sa1.30501110518"},{"type":"Feature","properties":{"HI_2500_2999_Tot":21,"HI_600_799_Tot":3,"HI_4000_more_Tot":13,"HI_3500_3999_Tot":3,"Negative_Nil_income_Tot":6,"HI_1500_1999_Tot":26,"Tot_Tot":158,"HI_1_199_Tot":3,"HI_400_599_Tot":4,"HI_800_999_Tot":15,"HI_300_399_Tot":0,"HI_2000_2499_Tot":4,"HI_3000_3499_Tot":9,"HI_200_299_Tot":0,"HI_1000_1249_Tot":20,"HI_1250_1499_Tot":16,"SA1_MAIN11":"30501111103"},"id":"b28_aust_sa1.30501111103"}]}