{"type":"FeatureCollection","bbox":[0.0,0.0,-1.0,-1.0],"features":[{"type":"Feature","properties":{"SOL_Japanese_P":3,"SOL_Hungarian_P":0,"SEO_Persons":161,"SOL_Ir_La_Pe_excl_Da_P":0,"SOL_Serbian_P":0,"SOL_Iran_Lan_Tot_P":0,"SOL_Polish_P":0,"SOL_Spanish_P":0,"SOL_Chin_lang_Tot_P":11,"SOL_Croatian_P":0,"SOL_Korean_P":3,"SOL_Maltese_P":0,"SOL_French_P":0,"SOL_Se_As_A_L_Tot_P":12,"SOL_Dutch_P":0,"SA1_MAIN11":"70201104510","SOL_Irani_Lan_Othr_P":0,"SOL_Thai_P":3,"SOL_Italian_P":3,"SOL_Arabic_P":0,"SOL_Vietnamese_P":0,"SOL_Ir_Lang_Dari_P":0,"SOL_Samoan_P":0,"SOL_Russian_P":0,"SOL_German_P":0,"SOL_Assyrian_P":0,"SOL_Macedonian_P":0,"SOL_Tamil_P":0,"SOL_In_Ar_Lang_Tot_P":14,"SOL_Turkish_P":0,"SOL_Greek_P":0,"SOL_Khmer_P":0,"SOL_Portuguese_P":0},"id":"b13_aust_sa1.70201104510"}]}