{"type":"FeatureCollection","bbox":[0.0,0.0,-1.0,-1.0],"features":[{"type":"Feature","properties":{"HI_2500_2999_Tot":6,"HI_600_799_Tot":27,"HI_4000_more_Tot":3,"Negative_Nil_income_Tot":131,"HI_3500_3999_Tot":6,"HI_1500_1999_Tot":13,"Tot_Tot":398,"HI_1_199_Tot":31,"HI_400_599_Tot":39,"HI_800_999_Tot":20,"HI_300_399_Tot":37,"HI_2000_2499_Tot":7,"HI_3000_3499_Tot":3,"HI_200_299_Tot":28,"HI_1000_1249_Tot":17,"HI_1250_1499_Tot":9,"SA1_MAIN11":"20604111706"},"id":"b28_aust_sa1.20604111706"},{"type":"Feature","properties":{"HI_2500_2999_Tot":29,"HI_600_799_Tot":18,"HI_4000_more_Tot":9,"Negative_Nil_income_Tot":9,"HI_3500_3999_Tot":0,"HI_1500_1999_Tot":26,"Tot_Tot":219,"HI_1_199_Tot":6,"HI_400_599_Tot":6,"HI_800_999_Tot":17,"HI_300_399_Tot":9,"HI_2000_2499_Tot":21,"HI_3000_3499_Tot":11,"HI_200_299_Tot":3,"HI_1000_1249_Tot":26,"HI_1250_1499_Tot":15,"SA1_MAIN11":"20604112214"},"id":"b28_aust_sa1.20604112214"},{"type":"Feature","properties":{"HI_2500_2999_Tot":16,"HI_600_799_Tot":5,"HI_4000_more_Tot":3,"Negative_Nil_income_Tot":40,"HI_3500_3999_Tot":5,"HI_1500_1999_Tot":22,"Tot_Tot":177,"HI_1_199_Tot":5,"HI_400_599_Tot":12,"HI_800_999_Tot":9,"HI_300_399_Tot":9,"HI_2000_2499_Tot":8,"HI_3000_3499_Tot":6,"HI_200_299_Tot":5,"HI_1000_1249_Tot":15,"HI_1250_1499_Tot":7,"SA1_MAIN11":"20604112228"},"id":"b28_aust_sa1.20604112228"},{"type":"Feature","properties":{"HI_2500_2999_Tot":31,"HI_600_799_Tot":33,"HI_4000_more_Tot":12,"Negative_Nil_income_Tot":51,"HI_3500_3999_Tot":4,"HI_1500_1999_Tot":47,"Tot_Tot":401,"HI_1_199_Tot":11,"HI_400_599_Tot":13,"HI_800_999_Tot":37,"HI_300_399_Tot":12,"HI_2000_2499_Tot":26,"HI_3000_3499_Tot":19,"HI_200_299_Tot":12,"HI_1000_1249_Tot":38,"HI_1250_1499_Tot":44,"SA1_MAIN11":"20604112229"},"id":"b28_aust_sa1.20604112229"},{"type":"Feature","properties":{"HI_2500_2999_Tot":33,"HI_600_799_Tot":10,"HI_4000_more_Tot":18,"Negative_Nil_income_Tot":3,"HI_3500_3999_Tot":3,"HI_1500_1999_Tot":16,"Tot_Tot":174,"HI_1_199_Tot":4,"HI_400_599_Tot":6,"HI_800_999_Tot":9,"HI_300_399_Tot":6,"HI_2000_2499_Tot":9,"HI_3000_3499_Tot":18,"HI_200_299_Tot":3,"HI_1000_1249_Tot":7,"HI_1250_1499_Tot":13,"SA1_MAIN11":"20604112230"},"id":"b28_aust_sa1.20604112230"},{"type":"Feature","properties":{"HI_2500_2999_Tot":54,"HI_600_799_Tot":3,"HI_4000_more_Tot":36,"Negative_Nil_income_Tot":6,"HI_3500_3999_Tot":9,"HI_1500_1999_Tot":28,"Tot_Tot":252,"HI_1_199_Tot":3,"HI_400_599_Tot":8,"HI_800_999_Tot":12,"HI_300_399_Tot":8,"HI_2000_2499_Tot":21,"HI_3000_3499_Tot":20,"HI_200_299_Tot":0,"HI_1000_1249_Tot":8,"HI_1250_1499_Tot":18,"SA1_MAIN11":"20605112827"},"id":"b28_aust_sa1.20605112827"},{"type":"Feature","properties":{"HI_2500_2999_Tot":62,"HI_600_799_Tot":9,"HI_4000_more_Tot":23,"Negative_Nil_income_Tot":8,"HI_3500_3999_Tot":7,"HI_1500_1999_Tot":45,"Tot_Tot":297,"HI_1_199_Tot":6,"HI_400_599_Tot":13,"HI_800_999_Tot":8,"HI_300_399_Tot":6,"HI_2000_2499_Tot":20,"HI_3000_3499_Tot":26,"HI_200_299_Tot":3,"HI_1000_1249_Tot":15,"HI_1250_1499_Tot":25,"SA1_MAIN11":"20605112828"},"id":"b28_aust_sa1.20605112828"},{"type":"Feature","properties":{"HI_2500_2999_Tot":103,"HI_600_799_Tot":15,"HI_4000_more_Tot":30,"Negative_Nil_income_Tot":22,"HI_3500_3999_Tot":22,"HI_1500_1999_Tot":59,"Tot_Tot":493,"HI_1_199_Tot":4,"HI_400_599_Tot":12,"HI_800_999_Tot":21,"HI_300_399_Tot":15,"HI_2000_2499_Tot":34,"HI_3000_3499_Tot":38,"HI_200_299_Tot":5,"HI_1000_1249_Tot":39,"HI_1250_1499_Tot":36,"SA1_MAIN11":"20605112829"},"id":"b28_aust_sa1.20605112829"},{"type":"Feature","properties":{"HI_2500_2999_Tot":51,"HI_600_799_Tot":14,"HI_4000_more_Tot":18,"Negative_Nil_income_Tot":17,"HI_3500_3999_Tot":10,"HI_1500_1999_Tot":46,"Tot_Tot":350,"HI_1_199_Tot":10,"HI_400_599_Tot":8,"HI_800_999_Tot":20,"HI_300_399_Tot":4,"HI_2000_2499_Tot":31,"HI_3000_3499_Tot":23,"HI_200_299_Tot":3,"HI_1000_1249_Tot":34,"HI_1250_1499_Tot":24,"SA1_MAIN11":"20605112830"},"id":"b28_aust_sa1.20605112830"},{"type":"Feature","properties":{"HI_2500_2999_Tot":15,"HI_600_799_Tot":0,"HI_4000_more_Tot":10,"Negative_Nil_income_Tot":4,"HI_3500_3999_Tot":6,"HI_1500_1999_Tot":17,"Tot_Tot":89,"HI_1_199_Tot":0,"HI_400_599_Tot":4,"HI_800_999_Tot":5,"HI_300_399_Tot":0,"HI_2000_2499_Tot":3,"HI_3000_3499_Tot":7,"HI_200_299_Tot":0,"HI_1000_1249_Tot":7,"HI_1250_1499_Tot":7,"SA1_MAIN11":"20604111911"},"id":"b28_aust_sa1.20604111911"},{"type":"Feature","properties":{"HI_2500_2999_Tot":27,"HI_600_799_Tot":17,"HI_4000_more_Tot":7,"Negative_Nil_income_Tot":21,"HI_3500_3999_Tot":3,"HI_1500_1999_Tot":24,"Tot_Tot":239,"HI_1_199_Tot":9,"HI_400_599_Tot":19,"HI_800_999_Tot":28,"HI_300_399_Tot":4,"HI_2000_2499_Tot":8,"HI_3000_3499_Tot":11,"HI_200_299_Tot":6,"HI_1000_1249_Tot":21,"HI_1250_1499_Tot":20,"SA1_MAIN11":"20604112213"},"id":"b28_aust_sa1.20604112213"},{"type":"Feature","properties":{"HI_2500_2999_Tot":21,"HI_600_799_Tot":44,"HI_4000_more_Tot":7,"Negative_Nil_income_Tot":164,"HI_3500_3999_Tot":6,"HI_1500_1999_Tot":39,"Tot_Tot":508,"HI_1_199_Tot":27,"HI_400_599_Tot":30,"HI_800_999_Tot":30,"HI_300_399_Tot":16,"HI_2000_2499_Tot":8,"HI_3000_3499_Tot":6,"HI_200_299_Tot":18,"HI_1000_1249_Tot":22,"HI_1250_1499_Tot":35,"SA1_MAIN11":"20604112201"},"id":"b28_aust_sa1.20604112201"},{"type":"Feature","properties":{"HI_2500_2999_Tot":12,"HI_600_799_Tot":12,"HI_4000_more_Tot":8,"Negative_Nil_income_Tot":22,"HI_3500_3999_Tot":3,"HI_1500_1999_Tot":11,"Tot_Tot":163,"HI_1_199_Tot":6,"HI_400_599_Tot":12,"HI_800_999_Tot":10,"HI_300_399_Tot":11,"HI_2000_2499_Tot":10,"HI_3000_3499_Tot":5,"HI_200_299_Tot":3,"HI_1000_1249_Tot":16,"HI_1250_1499_Tot":14,"SA1_MAIN11":"20604112202"},"id":"b28_aust_sa1.20604112202"},{"type":"Feature","properties":{"HI_2500_2999_Tot":24,"HI_600_799_Tot":19,"HI_4000_more_Tot":3,"Negative_Nil_income_Tot":48,"HI_3500_3999_Tot":8,"HI_1500_1999_Tot":51,"Tot_Tot":363,"HI_1_199_Tot":8,"HI_400_599_Tot":20,"HI_800_999_Tot":39,"HI_300_399_Tot":16,"HI_2000_2499_Tot":23,"HI_3000_3499_Tot":12,"HI_200_299_Tot":11,"HI_1000_1249_Tot":34,"HI_1250_1499_Tot":28,"SA1_MAIN11":"20604112203"},"id":"b28_aust_sa1.20604112203"},{"type":"Feature","properties":{"HI_2500_2999_Tot":14,"HI_600_799_Tot":15,"HI_4000_more_Tot":3,"Negative_Nil_income_Tot":20,"HI_3500_3999_Tot":3,"HI_1500_1999_Tot":30,"Tot_Tot":187,"HI_1_199_Tot":6,"HI_400_599_Tot":8,"HI_800_999_Tot":12,"HI_300_399_Tot":0,"HI_2000_2499_Tot":12,"HI_3000_3499_Tot":7,"HI_200_299_Tot":5,"HI_1000_1249_Tot":18,"HI_1250_1499_Tot":24,"SA1_MAIN11":"20604112204"},"id":"b28_aust_sa1.20604112204"},{"type":"Feature","properties":{"HI_2500_2999_Tot":0,"HI_600_799_Tot":0,"HI_4000_more_Tot":0,"Negative_Nil_income_Tot":0,"HI_3500_3999_Tot":0,"HI_1500_1999_Tot":0,"Tot_Tot":0,"HI_1_199_Tot":0,"HI_400_599_Tot":0,"HI_800_999_Tot":0,"HI_300_399_Tot":0,"HI_2000_2499_Tot":0,"HI_3000_3499_Tot":0,"HI_200_299_Tot":0,"HI_1000_1249_Tot":0,"HI_1250_1499_Tot":0,"SA1_MAIN11":"20604112205"},"id":"b28_aust_sa1.20604112205"},{"type":"Feature","properties":{"HI_2500_2999_Tot":12,"HI_600_799_Tot":23,"HI_4000_more_Tot":3,"Negative_Nil_income_Tot":57,"HI_3500_3999_Tot":6,"HI_1500_1999_Tot":39,"Tot_Tot":264,"HI_1_199_Tot":10,"HI_400_599_Tot":13,"HI_800_999_Tot":21,"HI_300_399_Tot":7,"HI_2000_2499_Tot":16,"HI_3000_3499_Tot":7,"HI_200_299_Tot":6,"HI_1000_1249_Tot":17,"HI_1250_1499_Tot":14,"SA1_MAIN11":"20604112206"},"id":"b28_aust_sa1.20604112206"},{"type":"Feature","properties":{"HI_2500_2999_Tot":34,"HI_600_799_Tot":32,"HI_4000_more_Tot":20,"Negative_Nil_income_Tot":74,"HI_3500_3999_Tot":3,"HI_1500_1999_Tot":37,"Tot_Tot":431,"HI_1_199_Tot":21,"HI_400_599_Tot":18,"HI_800_999_Tot":27,"HI_300_399_Tot":11,"HI_2000_2499_Tot":27,"HI_3000_3499_Tot":11,"HI_200_299_Tot":10,"HI_1000_1249_Tot":23,"HI_1250_1499_Tot":37,"SA1_MAIN11":"20604112207"},"id":"b28_aust_sa1.20604112207"},{"type":"Feature","properties":{"HI_2500_2999_Tot":23,"HI_600_799_Tot":43,"HI_4000_more_Tot":0,"Negative_Nil_income_Tot":88,"HI_3500_3999_Tot":4,"HI_1500_1999_Tot":44,"Tot_Tot":482,"HI_1_199_Tot":24,"HI_400_599_Tot":33,"HI_800_999_Tot":42,"HI_300_399_Tot":17,"HI_2000_2499_Tot":13,"HI_3000_3499_Tot":7,"HI_200_299_Tot":24,"HI_1000_1249_Tot":49,"HI_1250_1499_Tot":42,"SA1_MAIN11":"20604112208"},"id":"b28_aust_sa1.20604112208"},{"type":"Feature","properties":{"HI_2500_2999_Tot":33,"HI_600_799_Tot":14,"HI_4000_more_Tot":7,"Negative_Nil_income_Tot":19,"HI_3500_3999_Tot":3,"HI_1500_1999_Tot":32,"Tot_Tot":217,"HI_1_199_Tot":3,"HI_400_599_Tot":9,"HI_800_999_Tot":16,"HI_300_399_Tot":7,"HI_2000_2499_Tot":16,"HI_3000_3499_Tot":13,"HI_200_299_Tot":5,"HI_1000_1249_Tot":16,"HI_1250_1499_Tot":12,"SA1_MAIN11":"20604112209"},"id":"b28_aust_sa1.20604112209"},{"type":"Feature","properties":{"HI_2500_2999_Tot":13,"HI_600_799_Tot":7,"HI_4000_more_Tot":8,"Negative_Nil_income_Tot":18,"HI_3500_3999_Tot":4,"HI_1500_1999_Tot":23,"Tot_Tot":154,"HI_1_199_Tot":6,"HI_400_599_Tot":3,"HI_800_999_Tot":8,"HI_300_399_Tot":0,"HI_2000_2499_Tot":6,"HI_3000_3499_Tot":11,"HI_200_299_Tot":0,"HI_1000_1249_Tot":6,"HI_1250_1499_Tot":32,"SA1_MAIN11":"20604112210"},"id":"b28_aust_sa1.20604112210"},{"type":"Feature","properties":{"HI_2500_2999_Tot":18,"HI_600_799_Tot":3,"HI_4000_more_Tot":10,"Negative_Nil_income_Tot":18,"HI_3500_3999_Tot":6,"HI_1500_1999_Tot":26,"Tot_Tot":190,"HI_1_199_Tot":9,"HI_400_599_Tot":3,"HI_800_999_Tot":15,"HI_300_399_Tot":6,"HI_2000_2499_Tot":15,"HI_3000_3499_Tot":13,"HI_200_299_Tot":4,"HI_1000_1249_Tot":14,"HI_1250_1499_Tot":18,"SA1_MAIN11":"20604112211"},"id":"b28_aust_sa1.20604112211"},{"type":"Feature","properties":{"HI_2500_2999_Tot":29,"HI_600_799_Tot":18,"HI_4000_more_Tot":6,"Negative_Nil_income_Tot":41,"HI_3500_3999_Tot":0,"HI_1500_1999_Tot":44,"Tot_Tot":288,"HI_1_199_Tot":15,"HI_400_599_Tot":17,"HI_800_999_Tot":17,"HI_300_399_Tot":8,"HI_2000_2499_Tot":12,"HI_3000_3499_Tot":6,"HI_200_299_Tot":8,"HI_1000_1249_Tot":22,"HI_1250_1499_Tot":27,"SA1_MAIN11":"20604112212"},"id":"b28_aust_sa1.20604112212"},{"type":"Feature","properties":{"HI_2500_2999_Tot":44,"HI_600_799_Tot":22,"HI_4000_more_Tot":9,"Negative_Nil_income_Tot":11,"HI_3500_3999_Tot":10,"HI_1500_1999_Tot":63,"Tot_Tot":314,"HI_1_199_Tot":7,"HI_400_599_Tot":10,"HI_800_999_Tot":17,"HI_300_399_Tot":9,"HI_2000_2499_Tot":19,"HI_3000_3499_Tot":13,"HI_200_299_Tot":7,"HI_1000_1249_Tot":27,"HI_1250_1499_Tot":27,"SA1_MAIN11":"20604112215"},"id":"b28_aust_sa1.20604112215"},{"type":"Feature","properties":{"HI_2500_2999_Tot":12,"HI_600_799_Tot":17,"HI_4000_more_Tot":3,"Negative_Nil_income_Tot":10,"HI_3500_3999_Tot":0,"HI_1500_1999_Tot":22,"Tot_Tot":179,"HI_1_199_Tot":4,"HI_400_599_Tot":22,"HI_800_999_Tot":14,"HI_300_399_Tot":9,"HI_2000_2499_Tot":11,"HI_3000_3499_Tot":3,"HI_200_299_Tot":11,"HI_1000_1249_Tot":20,"HI_1250_1499_Tot":15,"SA1_MAIN11":"20604112216"},"id":"b28_aust_sa1.20604112216"},{"type":"Feature","properties":{"HI_2500_2999_Tot":15,"HI_600_799_Tot":30,"HI_4000_more_Tot":0,"Negative_Nil_income_Tot":34,"HI_3500_3999_Tot":6,"HI_1500_1999_Tot":33,"Tot_Tot":284,"HI_1_199_Tot":9,"HI_400_599_Tot":20,"HI_800_999_Tot":27,"HI_300_399_Tot":5,"HI_2000_2499_Tot":9,"HI_3000_3499_Tot":5,"HI_200_299_Tot":14,"HI_1000_1249_Tot":29,"HI_1250_1499_Tot":33,"SA1_MAIN11":"20604112217"},"id":"b28_aust_sa1.20604112217"},{"type":"Feature","properties":{"HI_2500_2999_Tot":7,"HI_600_799_Tot":9,"HI_4000_more_Tot":0,"Negative_Nil_income_Tot":4,"HI_3500_3999_Tot":0,"HI_1500_1999_Tot":13,"Tot_Tot":113,"HI_1_199_Tot":6,"HI_400_599_Tot":7,"HI_800_999_Tot":7,"HI_300_399_Tot":11,"HI_2000_2499_Tot":6,"HI_3000_3499_Tot":0,"HI_200_299_Tot":6,"HI_1000_1249_Tot":15,"HI_1250_1499_Tot":13,"SA1_MAIN11":"20604112218"},"id":"b28_aust_sa1.20604112218"},{"type":"Feature","properties":{"HI_2500_2999_Tot":38,"HI_600_799_Tot":26,"HI_4000_more_Tot":16,"Negative_Nil_income_Tot":87,"HI_3500_3999_Tot":17,"HI_1500_1999_Tot":67,"Tot_Tot":514,"HI_1_199_Tot":22,"HI_400_599_Tot":27,"HI_800_999_Tot":24,"HI_300_399_Tot":13,"HI_2000_2499_Tot":28,"HI_3000_3499_Tot":19,"HI_200_299_Tot":15,"HI_1000_1249_Tot":44,"HI_1250_1499_Tot":41,"SA1_MAIN11":"20604112219"},"id":"b28_aust_sa1.20604112219"},{"type":"Feature","properties":{"HI_2500_2999_Tot":25,"HI_600_799_Tot":23,"HI_4000_more_Tot":10,"Negative_Nil_income_Tot":68,"HI_3500_3999_Tot":3,"HI_1500_1999_Tot":40,"Tot_Tot":374,"HI_1_199_Tot":16,"HI_400_599_Tot":21,"HI_800_999_Tot":27,"HI_300_399_Tot":14,"HI_2000_2499_Tot":17,"HI_3000_3499_Tot":8,"HI_200_299_Tot":11,"HI_1000_1249_Tot":32,"HI_1250_1499_Tot":24,"SA1_MAIN11":"20604112220"},"id":"b28_aust_sa1.20604112220"},{"type":"Feature","properties":{"HI_2500_2999_Tot":23,"HI_600_799_Tot":10,"HI_4000_more_Tot":3,"Negative_Nil_income_Tot":12,"HI_3500_3999_Tot":7,"HI_1500_1999_Tot":9,"Tot_Tot":143,"HI_1_199_Tot":3,"HI_400_599_Tot":6,"HI_800_999_Tot":14,"HI_300_399_Tot":6,"HI_2000_2499_Tot":13,"HI_3000_3499_Tot":11,"HI_200_299_Tot":3,"HI_1000_1249_Tot":7,"HI_1250_1499_Tot":6,"SA1_MAIN11":"20604112221"},"id":"b28_aust_sa1.20604112221"},{"type":"Feature","properties":{"HI_2500_2999_Tot":15,"HI_600_799_Tot":17,"HI_4000_more_Tot":3,"Negative_Nil_income_Tot":39,"HI_3500_3999_Tot":3,"HI_1500_1999_Tot":27,"Tot_Tot":211,"HI_1_199_Tot":10,"HI_400_599_Tot":12,"HI_800_999_Tot":14,"HI_300_399_Tot":7,"HI_2000_2499_Tot":10,"HI_3000_3499_Tot":7,"HI_200_299_Tot":9,"HI_1000_1249_Tot":20,"HI_1250_1499_Tot":15,"SA1_MAIN11":"20604112222"},"id":"b28_aust_sa1.20604112222"},{"type":"Feature","properties":{"HI_2500_2999_Tot":12,"HI_600_799_Tot":10,"HI_4000_more_Tot":0,"Negative_Nil_income_Tot":8,"HI_3500_3999_Tot":0,"HI_1500_1999_Tot":10,"Tot_Tot":113,"HI_1_199_Tot":5,"HI_400_599_Tot":8,"HI_800_999_Tot":7,"HI_300_399_Tot":3,"HI_2000_2499_Tot":3,"HI_3000_3499_Tot":7,"HI_200_299_Tot":0,"HI_1000_1249_Tot":10,"HI_1250_1499_Tot":15,"SA1_MAIN11":"20604112223"},"id":"b28_aust_sa1.20604112223"},{"type":"Feature","properties":{"HI_2500_2999_Tot":28,"HI_600_799_Tot":10,"HI_4000_more_Tot":8,"Negative_Nil_income_Tot":6,"HI_3500_3999_Tot":5,"HI_1500_1999_Tot":21,"Tot_Tot":141,"HI_1_199_Tot":6,"HI_400_599_Tot":3,"HI_800_999_Tot":6,"HI_300_399_Tot":3,"HI_2000_2499_Tot":11,"HI_3000_3499_Tot":3,"HI_200_299_Tot":3,"HI_1000_1249_Tot":7,"HI_1250_1499_Tot":15,"SA1_MAIN11":"20604112224"},"id":"b28_aust_sa1.20604112224"},{"type":"Feature","properties":{"HI_2500_2999_Tot":10,"HI_600_799_Tot":3,"HI_4000_more_Tot":8,"Negative_Nil_income_Tot":3,"HI_3500_3999_Tot":3,"HI_1500_1999_Tot":19,"Tot_Tot":79,"HI_1_199_Tot":0,"HI_400_599_Tot":4,"HI_800_999_Tot":6,"HI_300_399_Tot":3,"HI_2000_2499_Tot":7,"HI_3000_3499_Tot":0,"HI_200_299_Tot":0,"HI_1000_1249_Tot":3,"HI_1250_1499_Tot":7,"SA1_MAIN11":"20604112225"},"id":"b28_aust_sa1.20604112225"},{"type":"Feature","properties":{"HI_2500_2999_Tot":52,"HI_600_799_Tot":36,"HI_4000_more_Tot":9,"Negative_Nil_income_Tot":110,"HI_3500_3999_Tot":11,"HI_1500_1999_Tot":41,"Tot_Tot":479,"HI_1_199_Tot":22,"HI_400_599_Tot":19,"HI_800_999_Tot":29,"HI_300_399_Tot":8,"HI_2000_2499_Tot":25,"HI_3000_3499_Tot":19,"HI_200_299_Tot":15,"HI_1000_1249_Tot":36,"HI_1250_1499_Tot":28,"SA1_MAIN11":"20604112226"},"id":"b28_aust_sa1.20604112226"},{"type":"Feature","properties":{"HI_2500_2999_Tot":38,"HI_600_799_Tot":54,"HI_4000_more_Tot":11,"Negative_Nil_income_Tot":229,"HI_3500_3999_Tot":4,"HI_1500_1999_Tot":46,"Tot_Tot":749,"HI_1_199_Tot":45,"HI_400_599_Tot":47,"HI_800_999_Tot":61,"HI_300_399_Tot":17,"HI_2000_2499_Tot":22,"HI_3000_3499_Tot":14,"HI_200_299_Tot":29,"HI_1000_1249_Tot":43,"HI_1250_1499_Tot":35,"SA1_MAIN11":"20604112227"},"id":"b28_aust_sa1.20604112227"},{"type":"Feature","properties":{"HI_2500_2999_Tot":19,"HI_600_799_Tot":8,"HI_4000_more_Tot":15,"Negative_Nil_income_Tot":6,"HI_3500_3999_Tot":3,"HI_1500_1999_Tot":20,"Tot_Tot":134,"HI_1_199_Tot":0,"HI_400_599_Tot":8,"HI_800_999_Tot":10,"HI_300_399_Tot":4,"HI_2000_2499_Tot":6,"HI_3000_3499_Tot":8,"HI_200_299_Tot":6,"HI_1000_1249_Tot":6,"HI_1250_1499_Tot":8,"SA1_MAIN11":"20604112231"},"id":"b28_aust_sa1.20604112231"},{"type":"Feature","properties":{"HI_2500_2999_Tot":16,"HI_600_799_Tot":15,"HI_4000_more_Tot":4,"Negative_Nil_income_Tot":77,"HI_3500_3999_Tot":0,"HI_1500_1999_Tot":19,"Tot_Tot":267,"HI_1_199_Tot":19,"HI_400_599_Tot":12,"HI_800_999_Tot":12,"HI_300_399_Tot":12,"HI_2000_2499_Tot":4,"HI_3000_3499_Tot":3,"HI_200_299_Tot":12,"HI_1000_1249_Tot":22,"HI_1250_1499_Tot":20,"SA1_MAIN11":"20604112232"},"id":"b28_aust_sa1.20604112232"},{"type":"Feature","properties":{"HI_2500_2999_Tot":24,"HI_600_799_Tot":12,"HI_4000_more_Tot":11,"Negative_Nil_income_Tot":17,"HI_3500_3999_Tot":3,"HI_1500_1999_Tot":20,"Tot_Tot":188,"HI_1_199_Tot":6,"HI_400_599_Tot":15,"HI_800_999_Tot":12,"HI_300_399_Tot":4,"HI_2000_2499_Tot":16,"HI_3000_3499_Tot":8,"HI_200_299_Tot":3,"HI_1000_1249_Tot":11,"HI_1250_1499_Tot":15,"SA1_MAIN11":"20604112233"},"id":"b28_aust_sa1.20604112233"},{"type":"Feature","properties":{"HI_2500_2999_Tot":11,"HI_600_799_Tot":14,"HI_4000_more_Tot":6,"Negative_Nil_income_Tot":20,"HI_3500_3999_Tot":4,"HI_1500_1999_Tot":20,"Tot_Tot":150,"HI_1_199_Tot":11,"HI_400_599_Tot":4,"HI_800_999_Tot":6,"HI_300_399_Tot":4,"HI_2000_2499_Tot":8,"HI_3000_3499_Tot":4,"HI_200_299_Tot":6,"HI_1000_1249_Tot":6,"HI_1250_1499_Tot":14,"SA1_MAIN11":"20604112234"},"id":"b28_aust_sa1.20604112234"},{"type":"Feature","properties":{"HI_2500_2999_Tot":31,"HI_600_799_Tot":16,"HI_4000_more_Tot":13,"Negative_Nil_income_Tot":62,"HI_3500_3999_Tot":3,"HI_1500_1999_Tot":28,"Tot_Tot":277,"HI_1_199_Tot":12,"HI_400_599_Tot":11,"HI_800_999_Tot":19,"HI_300_399_Tot":9,"HI_2000_2499_Tot":10,"HI_3000_3499_Tot":14,"HI_200_299_Tot":13,"HI_1000_1249_Tot":14,"HI_1250_1499_Tot":12,"SA1_MAIN11":"20604112235"},"id":"b28_aust_sa1.20604112235"},{"type":"Feature","properties":{"HI_2500_2999_Tot":27,"HI_600_799_Tot":6,"HI_4000_more_Tot":10,"Negative_Nil_income_Tot":14,"HI_3500_3999_Tot":11,"HI_1500_1999_Tot":33,"Tot_Tot":223,"HI_1_199_Tot":6,"HI_400_599_Tot":7,"HI_800_999_Tot":14,"HI_300_399_Tot":3,"HI_2000_2499_Tot":13,"HI_3000_3499_Tot":18,"HI_200_299_Tot":6,"HI_1000_1249_Tot":13,"HI_1250_1499_Tot":19,"SA1_MAIN11":"20604112505"},"id":"b28_aust_sa1.20604112505"},{"type":"Feature","properties":{"HI_2500_2999_Tot":37,"HI_600_799_Tot":8,"HI_4000_more_Tot":16,"Negative_Nil_income_Tot":0,"HI_3500_3999_Tot":6,"HI_1500_1999_Tot":21,"Tot_Tot":197,"HI_1_199_Tot":0,"HI_400_599_Tot":6,"HI_800_999_Tot":9,"HI_300_399_Tot":6,"HI_2000_2499_Tot":14,"HI_3000_3499_Tot":12,"HI_200_299_Tot":3,"HI_1000_1249_Tot":14,"HI_1250_1499_Tot":16,"SA1_MAIN11":"20604112506"},"id":"b28_aust_sa1.20604112506"},{"type":"Feature","properties":{"HI_2500_2999_Tot":52,"HI_600_799_Tot":10,"HI_4000_more_Tot":23,"Negative_Nil_income_Tot":7,"HI_3500_3999_Tot":11,"HI_1500_1999_Tot":22,"Tot_Tot":246,"HI_1_199_Tot":3,"HI_400_599_Tot":14,"HI_800_999_Tot":11,"HI_300_399_Tot":8,"HI_2000_2499_Tot":13,"HI_3000_3499_Tot":8,"HI_200_299_Tot":4,"HI_1000_1249_Tot":17,"HI_1250_1499_Tot":18,"SA1_MAIN11":"20604112507"},"id":"b28_aust_sa1.20604112507"},{"type":"Feature","properties":{"HI_2500_2999_Tot":0,"HI_600_799_Tot":0,"HI_4000_more_Tot":0,"Negative_Nil_income_Tot":0,"HI_3500_3999_Tot":0,"HI_1500_1999_Tot":0,"Tot_Tot":0,"HI_1_199_Tot":0,"HI_400_599_Tot":0,"HI_800_999_Tot":0,"HI_300_399_Tot":0,"HI_2000_2499_Tot":0,"HI_3000_3499_Tot":0,"HI_200_299_Tot":0,"HI_1000_1249_Tot":0,"HI_1250_1499_Tot":0,"SA1_MAIN11":"20604112624"},"id":"b28_aust_sa1.20604112624"},{"type":"Feature","properties":{"HI_2500_2999_Tot":32,"HI_600_799_Tot":10,"HI_4000_more_Tot":12,"Negative_Nil_income_Tot":17,"HI_3500_3999_Tot":4,"HI_1500_1999_Tot":15,"Tot_Tot":186,"HI_1_199_Tot":5,"HI_400_599_Tot":3,"HI_800_999_Tot":13,"HI_300_399_Tot":0,"HI_2000_2499_Tot":10,"HI_3000_3499_Tot":13,"HI_200_299_Tot":3,"HI_1000_1249_Tot":12,"HI_1250_1499_Tot":17,"SA1_MAIN11":"20605112806"},"id":"b28_aust_sa1.20605112806"},{"type":"Feature","properties":{"HI_2500_2999_Tot":25,"HI_600_799_Tot":6,"HI_4000_more_Tot":14,"Negative_Nil_income_Tot":5,"HI_3500_3999_Tot":3,"HI_1500_1999_Tot":10,"Tot_Tot":102,"HI_1_199_Tot":0,"HI_400_599_Tot":3,"HI_800_999_Tot":4,"HI_300_399_Tot":3,"HI_2000_2499_Tot":8,"HI_3000_3499_Tot":0,"HI_200_299_Tot":0,"HI_1000_1249_Tot":6,"HI_1250_1499_Tot":6,"SA1_MAIN11":"20605112831"},"id":"b28_aust_sa1.20605112831"},{"type":"Feature","properties":{"HI_2500_2999_Tot":49,"HI_600_799_Tot":12,"HI_4000_more_Tot":23,"Negative_Nil_income_Tot":9,"HI_3500_3999_Tot":14,"HI_1500_1999_Tot":45,"Tot_Tot":283,"HI_1_199_Tot":5,"HI_400_599_Tot":10,"HI_800_999_Tot":10,"HI_300_399_Tot":3,"HI_2000_2499_Tot":18,"HI_3000_3499_Tot":22,"HI_200_299_Tot":6,"HI_1000_1249_Tot":15,"HI_1250_1499_Tot":17,"SA1_MAIN11":"20605112833"},"id":"b28_aust_sa1.20605112833"},{"type":"Feature","properties":{"HI_2500_2999_Tot":51,"HI_600_799_Tot":8,"HI_4000_more_Tot":42,"Negative_Nil_income_Tot":8,"HI_3500_3999_Tot":11,"HI_1500_1999_Tot":25,"Tot_Tot":235,"HI_1_199_Tot":4,"HI_400_599_Tot":6,"HI_800_999_Tot":7,"HI_300_399_Tot":4,"HI_2000_2499_Tot":12,"HI_3000_3499_Tot":17,"HI_200_299_Tot":3,"HI_1000_1249_Tot":11,"HI_1250_1499_Tot":7,"SA1_MAIN11":"20605113217"},"id":"b28_aust_sa1.20605113217"},{"type":"Feature","properties":{"HI_2500_2999_Tot":18,"HI_600_799_Tot":8,"HI_4000_more_Tot":0,"Negative_Nil_income_Tot":9,"HI_3500_3999_Tot":4,"HI_1500_1999_Tot":20,"Tot_Tot":127,"HI_1_199_Tot":3,"HI_400_599_Tot":7,"HI_800_999_Tot":6,"HI_300_399_Tot":4,"HI_2000_2499_Tot":12,"HI_3000_3499_Tot":4,"HI_200_299_Tot":6,"HI_1000_1249_Tot":10,"HI_1250_1499_Tot":9,"SA1_MAIN11":"20605113301"},"id":"b28_aust_sa1.20605113301"},{"type":"Feature","properties":{"HI_2500_2999_Tot":56,"HI_600_799_Tot":15,"HI_4000_more_Tot":17,"Negative_Nil_income_Tot":11,"HI_3500_3999_Tot":11,"HI_1500_1999_Tot":70,"Tot_Tot":379,"HI_1_199_Tot":3,"HI_400_599_Tot":12,"HI_800_999_Tot":30,"HI_300_399_Tot":7,"HI_2000_2499_Tot":29,"HI_3000_3499_Tot":27,"HI_200_299_Tot":7,"HI_1000_1249_Tot":24,"HI_1250_1499_Tot":29,"SA1_MAIN11":"20605113334"},"id":"b28_aust_sa1.20605113334"},{"type":"Feature","properties":{"HI_2500_2999_Tot":32,"HI_600_799_Tot":6,"HI_4000_more_Tot":3,"Negative_Nil_income_Tot":8,"HI_3500_3999_Tot":3,"HI_1500_1999_Tot":45,"Tot_Tot":192,"HI_1_199_Tot":3,"HI_400_599_Tot":6,"HI_800_999_Tot":10,"HI_300_399_Tot":5,"HI_2000_2499_Tot":21,"HI_3000_3499_Tot":9,"HI_200_299_Tot":0,"HI_1000_1249_Tot":20,"HI_1250_1499_Tot":12,"SA1_MAIN11":"20605113340"},"id":"b28_aust_sa1.20605113340"}]}