{"type":"FeatureCollection","bbox":[0.0,0.0,-1.0,-1.0],"features":[{"type":"Feature","properties":{"SOL_Japanese_P":4,"SOL_Hungarian_P":0,"SEO_Persons":55,"SOL_Ir_La_Pe_excl_Da_P":0,"SOL_Serbian_P":0,"SOL_Polish_P":0,"SOL_Iran_Lan_Tot_P":0,"SOL_Spanish_P":6,"SOL_Aus_Indig_Lang_P":0,"SOL_Chin_lang_Tot_P":17,"SOL_Croatian_P":0,"SOL_Chin_lang_Mand_P":17,"SOL_Korean_P":18,"SOL_Maltese_P":0,"SOL_Se_As_A_L_Tagal_P":0,"SOL_Chin_lang_Cant_P":0,"SOL_French_P":6,"SOL_Se_As_A_L_Tot_P":0,"SOL_Dutch_P":0,"SA1_MAIN11":"30501110508","SOL_Irani_Lan_Othr_P":0,"SOL_Thai_P":9,"SOL_Italian_P":3,"SOL_Arabic_P":8,"SOL_Vietnamese_P":0,"SOL_Se_As_A_L_Filipino_P":0,"SOL_Ir_Lang_Dari_P":0,"SOL_Samoan_P":0,"SOL_Russian_P":0,"SOL_German_P":0,"SOL_Se_As_A_L_Indon_P":0,"SOL_Assyrian_P":0,"SOL_Macedonian_P":0,"SOL_Tamil_P":6,"SOL_In_Ar_Lang_Tot_P":3,"SOL_Turkish_P":0,"SOL_Greek_P":0,"SOL_Portuguese_P":22,"SOL_Khmer_P":0},"id":"b13_aust_sa1.30501110508"},{"type":"Feature","properties":{"SOL_Japanese_P":6,"SOL_Hungarian_P":0,"SEO_Persons":284,"SOL_Ir_La_Pe_excl_Da_P":8,"SOL_Serbian_P":0,"SOL_Polish_P":0,"SOL_Iran_Lan_Tot_P":8,"SOL_Spanish_P":8,"SOL_Aus_Indig_Lang_P":0,"SOL_Chin_lang_Tot_P":28,"SOL_Croatian_P":0,"SOL_Chin_lang_Mand_P":18,"SOL_Korean_P":7,"SOL_Maltese_P":0,"SOL_Se_As_A_L_Tagal_P":6,"SOL_Chin_lang_Cant_P":10,"SOL_French_P":6,"SOL_Se_As_A_L_Tot_P":9,"SOL_Dutch_P":0,"SA1_MAIN11":"30501110501","SOL_Irani_Lan_Othr_P":0,"SOL_Thai_P":0,"SOL_Italian_P":0,"SOL_Arabic_P":9,"SOL_Vietnamese_P":3,"SOL_Se_As_A_L_Filipino_P":0,"SOL_Ir_Lang_Dari_P":0,"SOL_Samoan_P":0,"SOL_Russian_P":0,"SOL_German_P":3,"SOL_Se_As_A_L_Indon_P":3,"SOL_Assyrian_P":0,"SOL_Macedonian_P":0,"SOL_Tamil_P":0,"SOL_In_Ar_Lang_Tot_P":12,"SOL_Turkish_P":0,"SOL_Greek_P":8,"SOL_Portuguese_P":0,"SOL_Khmer_P":0},"id":"b13_aust_sa1.30501110501"},{"type":"Feature","properties":{"SOL_Japanese_P":11,"SOL_Hungarian_P":0,"SEO_Persons":336,"SOL_Ir_La_Pe_excl_Da_P":0,"SOL_Serbian_P":0,"SOL_Polish_P":6,"SOL_Iran_Lan_Tot_P":0,"SOL_Spanish_P":14,"SOL_Aus_Indig_Lang_P":0,"SOL_Chin_lang_Tot_P":49,"SOL_Croatian_P":0,"SOL_Chin_lang_Mand_P":39,"SOL_Korean_P":55,"SOL_Maltese_P":0,"SOL_Se_As_A_L_Tagal_P":0,"SOL_Chin_lang_Cant_P":10,"SOL_French_P":6,"SOL_Se_As_A_L_Tot_P":8,"SOL_Dutch_P":3,"SA1_MAIN11":"30501110502","SOL_Irani_Lan_Othr_P":0,"SOL_Thai_P":0,"SOL_Italian_P":7,"SOL_Arabic_P":3,"SOL_Vietnamese_P":0,"SOL_Se_As_A_L_Filipino_P":0,"SOL_Ir_Lang_Dari_P":0,"SOL_Samoan_P":0,"SOL_Russian_P":3,"SOL_German_P":11,"SOL_Se_As_A_L_Indon_P":0,"SOL_Assyrian_P":0,"SOL_Macedonian_P":0,"SOL_Tamil_P":9,"SOL_In_Ar_Lang_Tot_P":20,"SOL_Turkish_P":0,"SOL_Greek_P":0,"SOL_Portuguese_P":4,"SOL_Khmer_P":0},"id":"b13_aust_sa1.30501110502"},{"type":"Feature","properties":{"SOL_Japanese_P":5,"SOL_Hungarian_P":0,"SEO_Persons":99,"SOL_Ir_La_Pe_excl_Da_P":0,"SOL_Serbian_P":0,"SOL_Polish_P":0,"SOL_Iran_Lan_Tot_P":0,"SOL_Spanish_P":5,"SOL_Aus_Indig_Lang_P":0,"SOL_Chin_lang_Tot_P":24,"SOL_Croatian_P":0,"SOL_Chin_lang_Mand_P":17,"SOL_Korean_P":20,"SOL_Maltese_P":0,"SOL_Se_As_A_L_Tagal_P":0,"SOL_Chin_lang_Cant_P":7,"SOL_French_P":11,"SOL_Se_As_A_L_Tot_P":3,"SOL_Dutch_P":0,"SA1_MAIN11":"30501110503","SOL_Irani_Lan_Othr_P":0,"SOL_Thai_P":7,"SOL_Italian_P":0,"SOL_Arabic_P":4,"SOL_Vietnamese_P":0,"SOL_Se_As_A_L_Filipino_P":0,"SOL_Ir_Lang_Dari_P":0,"SOL_Samoan_P":0,"SOL_Russian_P":4,"SOL_German_P":3,"SOL_Se_As_A_L_Indon_P":0,"SOL_Assyrian_P":0,"SOL_Macedonian_P":0,"SOL_Tamil_P":5,"SOL_In_Ar_Lang_Tot_P":9,"SOL_Turkish_P":0,"SOL_Greek_P":0,"SOL_Portuguese_P":0,"SOL_Khmer_P":0},"id":"b13_aust_sa1.30501110503"},{"type":"Feature","properties":{"SOL_Japanese_P":0,"SOL_Hungarian_P":0,"SEO_Persons":120,"SOL_Ir_La_Pe_excl_Da_P":5,"SOL_Serbian_P":0,"SOL_Polish_P":0,"SOL_Iran_Lan_Tot_P":5,"SOL_Spanish_P":5,"SOL_Aus_Indig_Lang_P":0,"SOL_Chin_lang_Tot_P":54,"SOL_Croatian_P":0,"SOL_Chin_lang_Mand_P":34,"SOL_Korean_P":25,"SOL_Maltese_P":0,"SOL_Se_As_A_L_Tagal_P":0,"SOL_Chin_lang_Cant_P":12,"SOL_French_P":0,"SOL_Se_As_A_L_Tot_P":0,"SOL_Dutch_P":0,"SA1_MAIN11":"30501110504","SOL_Irani_Lan_Othr_P":0,"SOL_Thai_P":0,"SOL_Italian_P":0,"SOL_Arabic_P":0,"SOL_Vietnamese_P":4,"SOL_Se_As_A_L_Filipino_P":0,"SOL_Ir_Lang_Dari_P":0,"SOL_Samoan_P":0,"SOL_Russian_P":0,"SOL_German_P":0,"SOL_Se_As_A_L_Indon_P":0,"SOL_Assyrian_P":0,"SOL_Macedonian_P":0,"SOL_Tamil_P":0,"SOL_In_Ar_Lang_Tot_P":0,"SOL_Turkish_P":0,"SOL_Greek_P":0,"SOL_Portuguese_P":7,"SOL_Khmer_P":5},"id":"b13_aust_sa1.30501110504"},{"type":"Feature","properties":{"SOL_Japanese_P":4,"SOL_Hungarian_P":0,"SEO_Persons":145,"SOL_Ir_La_Pe_excl_Da_P":0,"SOL_Serbian_P":0,"SOL_Polish_P":0,"SOL_Iran_Lan_Tot_P":0,"SOL_Spanish_P":6,"SOL_Aus_Indig_Lang_P":0,"SOL_Chin_lang_Tot_P":30,"SOL_Croatian_P":0,"SOL_Chin_lang_Mand_P":16,"SOL_Korean_P":18,"SOL_Maltese_P":0,"SOL_Se_As_A_L_Tagal_P":0,"SOL_Chin_lang_Cant_P":6,"SOL_French_P":3,"SOL_Se_As_A_L_Tot_P":0,"SOL_Dutch_P":0,"SA1_MAIN11":"30501110505","SOL_Irani_Lan_Othr_P":0,"SOL_Thai_P":6,"SOL_Italian_P":0,"SOL_Arabic_P":4,"SOL_Vietnamese_P":0,"SOL_Se_As_A_L_Filipino_P":0,"SOL_Ir_Lang_Dari_P":0,"SOL_Samoan_P":0,"SOL_Russian_P":0,"SOL_German_P":0,"SOL_Se_As_A_L_Indon_P":0,"SOL_Assyrian_P":0,"SOL_Macedonian_P":0,"SOL_Tamil_P":0,"SOL_In_Ar_Lang_Tot_P":5,"SOL_Turkish_P":0,"SOL_Greek_P":0,"SOL_Portuguese_P":15,"SOL_Khmer_P":0},"id":"b13_aust_sa1.30501110505"},{"type":"Feature","properties":{"SOL_Japanese_P":3,"SOL_Hungarian_P":0,"SEO_Persons":304,"SOL_Ir_La_Pe_excl_Da_P":9,"SOL_Serbian_P":0,"SOL_Polish_P":5,"SOL_Iran_Lan_Tot_P":9,"SOL_Spanish_P":6,"SOL_Aus_Indig_Lang_P":0,"SOL_Chin_lang_Tot_P":24,"SOL_Croatian_P":0,"SOL_Chin_lang_Mand_P":18,"SOL_Korean_P":7,"SOL_Maltese_P":0,"SOL_Se_As_A_L_Tagal_P":0,"SOL_Chin_lang_Cant_P":6,"SOL_French_P":6,"SOL_Se_As_A_L_Tot_P":6,"SOL_Dutch_P":3,"SA1_MAIN11":"30501110506","SOL_Irani_Lan_Othr_P":0,"SOL_Thai_P":0,"SOL_Italian_P":3,"SOL_Arabic_P":7,"SOL_Vietnamese_P":3,"SOL_Se_As_A_L_Filipino_P":3,"SOL_Ir_Lang_Dari_P":0,"SOL_Samoan_P":0,"SOL_Russian_P":3,"SOL_German_P":4,"SOL_Se_As_A_L_Indon_P":0,"SOL_Assyrian_P":0,"SOL_Macedonian_P":0,"SOL_Tamil_P":0,"SOL_In_Ar_Lang_Tot_P":6,"SOL_Turkish_P":0,"SOL_Greek_P":0,"SOL_Portuguese_P":3,"SOL_Khmer_P":0},"id":"b13_aust_sa1.30501110506"},{"type":"Feature","properties":{"SOL_Japanese_P":35,"SOL_Hungarian_P":0,"SEO_Persons":597,"SOL_Ir_La_Pe_excl_Da_P":0,"SOL_Serbian_P":0,"SOL_Polish_P":3,"SOL_Iran_Lan_Tot_P":0,"SOL_Spanish_P":17,"SOL_Aus_Indig_Lang_P":0,"SOL_Chin_lang_Tot_P":89,"SOL_Croatian_P":0,"SOL_Chin_lang_Mand_P":59,"SOL_Korean_P":46,"SOL_Maltese_P":3,"SOL_Se_As_A_L_Tagal_P":4,"SOL_Chin_lang_Cant_P":26,"SOL_French_P":6,"SOL_Se_As_A_L_Tot_P":4,"SOL_Dutch_P":0,"SA1_MAIN11":"30501110507","SOL_Irani_Lan_Othr_P":0,"SOL_Thai_P":6,"SOL_Italian_P":17,"SOL_Arabic_P":28,"SOL_Vietnamese_P":0,"SOL_Se_As_A_L_Filipino_P":0,"SOL_Ir_Lang_Dari_P":0,"SOL_Samoan_P":0,"SOL_Russian_P":0,"SOL_German_P":3,"SOL_Se_As_A_L_Indon_P":0,"SOL_Assyrian_P":0,"SOL_Macedonian_P":0,"SOL_Tamil_P":3,"SOL_In_Ar_Lang_Tot_P":12,"SOL_Turkish_P":3,"SOL_Greek_P":0,"SOL_Portuguese_P":25,"SOL_Khmer_P":0},"id":"b13_aust_sa1.30501110507"},{"type":"Feature","properties":{"SOL_Japanese_P":0,"SOL_Hungarian_P":0,"SEO_Persons":268,"SOL_Ir_La_Pe_excl_Da_P":4,"SOL_Serbian_P":0,"SOL_Polish_P":0,"SOL_Iran_Lan_Tot_P":4,"SOL_Spanish_P":16,"SOL_Aus_Indig_Lang_P":0,"SOL_Chin_lang_Tot_P":60,"SOL_Croatian_P":0,"SOL_Chin_lang_Mand_P":49,"SOL_Korean_P":56,"SOL_Maltese_P":0,"SOL_Se_As_A_L_Tagal_P":0,"SOL_Chin_lang_Cant_P":8,"SOL_French_P":8,"SOL_Se_As_A_L_Tot_P":10,"SOL_Dutch_P":5,"SA1_MAIN11":"30501110509","SOL_Irani_Lan_Othr_P":0,"SOL_Thai_P":4,"SOL_Italian_P":4,"SOL_Arabic_P":3,"SOL_Vietnamese_P":6,"SOL_Se_As_A_L_Filipino_P":0,"SOL_Ir_Lang_Dari_P":0,"SOL_Samoan_P":3,"SOL_Russian_P":3,"SOL_German_P":9,"SOL_Se_As_A_L_Indon_P":10,"SOL_Assyrian_P":0,"SOL_Macedonian_P":0,"SOL_Tamil_P":0,"SOL_In_Ar_Lang_Tot_P":4,"SOL_Turkish_P":0,"SOL_Greek_P":8,"SOL_Portuguese_P":3,"SOL_Khmer_P":0},"id":"b13_aust_sa1.30501110509"},{"type":"Feature","properties":{"SOL_Japanese_P":7,"SOL_Hungarian_P":0,"SEO_Persons":276,"SOL_Ir_La_Pe_excl_Da_P":7,"SOL_Serbian_P":0,"SOL_Polish_P":0,"SOL_Iran_Lan_Tot_P":7,"SOL_Spanish_P":10,"SOL_Aus_Indig_Lang_P":0,"SOL_Chin_lang_Tot_P":147,"SOL_Croatian_P":0,"SOL_Chin_lang_Mand_P":106,"SOL_Korean_P":74,"SOL_Maltese_P":0,"SOL_Se_As_A_L_Tagal_P":0,"SOL_Chin_lang_Cant_P":34,"SOL_French_P":4,"SOL_Se_As_A_L_Tot_P":14,"SOL_Dutch_P":0,"SA1_MAIN11":"30501110510","SOL_Irani_Lan_Othr_P":0,"SOL_Thai_P":5,"SOL_Italian_P":0,"SOL_Arabic_P":35,"SOL_Vietnamese_P":13,"SOL_Se_As_A_L_Filipino_P":5,"SOL_Ir_Lang_Dari_P":0,"SOL_Samoan_P":0,"SOL_Russian_P":4,"SOL_German_P":3,"SOL_Se_As_A_L_Indon_P":6,"SOL_Assyrian_P":0,"SOL_Macedonian_P":0,"SOL_Tamil_P":4,"SOL_In_Ar_Lang_Tot_P":11,"SOL_Turkish_P":0,"SOL_Greek_P":4,"SOL_Portuguese_P":6,"SOL_Khmer_P":0},"id":"b13_aust_sa1.30501110510"},{"type":"Feature","properties":{"SOL_Japanese_P":7,"SOL_Hungarian_P":0,"SEO_Persons":241,"SOL_Ir_La_Pe_excl_Da_P":12,"SOL_Serbian_P":0,"SOL_Polish_P":0,"SOL_Iran_Lan_Tot_P":12,"SOL_Spanish_P":10,"SOL_Aus_Indig_Lang_P":0,"SOL_Chin_lang_Tot_P":133,"SOL_Croatian_P":0,"SOL_Chin_lang_Mand_P":90,"SOL_Korean_P":52,"SOL_Maltese_P":0,"SOL_Se_As_A_L_Tagal_P":6,"SOL_Chin_lang_Cant_P":36,"SOL_French_P":3,"SOL_Se_As_A_L_Tot_P":27,"SOL_Dutch_P":5,"SA1_MAIN11":"30501110511","SOL_Irani_Lan_Othr_P":0,"SOL_Thai_P":17,"SOL_Italian_P":6,"SOL_Arabic_P":13,"SOL_Vietnamese_P":5,"SOL_Se_As_A_L_Filipino_P":0,"SOL_Ir_Lang_Dari_P":0,"SOL_Samoan_P":0,"SOL_Russian_P":6,"SOL_German_P":0,"SOL_Se_As_A_L_Indon_P":12,"SOL_Assyrian_P":0,"SOL_Macedonian_P":0,"SOL_Tamil_P":0,"SOL_In_Ar_Lang_Tot_P":6,"SOL_Turkish_P":0,"SOL_Greek_P":0,"SOL_Portuguese_P":7,"SOL_Khmer_P":0},"id":"b13_aust_sa1.30501110511"},{"type":"Feature","properties":{"SOL_Japanese_P":7,"SOL_Hungarian_P":0,"SEO_Persons":119,"SOL_Ir_La_Pe_excl_Da_P":4,"SOL_Serbian_P":0,"SOL_Polish_P":0,"SOL_Iran_Lan_Tot_P":4,"SOL_Spanish_P":4,"SOL_Aus_Indig_Lang_P":0,"SOL_Chin_lang_Tot_P":82,"SOL_Croatian_P":0,"SOL_Chin_lang_Mand_P":76,"SOL_Korean_P":34,"SOL_Maltese_P":0,"SOL_Se_As_A_L_Tagal_P":0,"SOL_Chin_lang_Cant_P":6,"SOL_French_P":0,"SOL_Se_As_A_L_Tot_P":22,"SOL_Dutch_P":0,"SA1_MAIN11":"30501110512","SOL_Irani_Lan_Othr_P":0,"SOL_Thai_P":0,"SOL_Italian_P":0,"SOL_Arabic_P":5,"SOL_Vietnamese_P":3,"SOL_Se_As_A_L_Filipino_P":0,"SOL_Ir_Lang_Dari_P":0,"SOL_Samoan_P":0,"SOL_Russian_P":0,"SOL_German_P":0,"SOL_Se_As_A_L_Indon_P":17,"SOL_Assyrian_P":0,"SOL_Macedonian_P":0,"SOL_Tamil_P":0,"SOL_In_Ar_Lang_Tot_P":0,"SOL_Turkish_P":0,"SOL_Greek_P":6,"SOL_Portuguese_P":0,"SOL_Khmer_P":0},"id":"b13_aust_sa1.30501110512"},{"type":"Feature","properties":{"SOL_Japanese_P":0,"SOL_Hungarian_P":0,"SEO_Persons":15,"SOL_Ir_La_Pe_excl_Da_P":0,"SOL_Serbian_P":0,"SOL_Polish_P":0,"SOL_Iran_Lan_Tot_P":0,"SOL_Spanish_P":0,"SOL_Aus_Indig_Lang_P":0,"SOL_Chin_lang_Tot_P":0,"SOL_Croatian_P":0,"SOL_Chin_lang_Mand_P":0,"SOL_Korean_P":0,"SOL_Maltese_P":0,"SOL_Se_As_A_L_Tagal_P":0,"SOL_Chin_lang_Cant_P":0,"SOL_French_P":0,"SOL_Se_As_A_L_Tot_P":3,"SOL_Dutch_P":0,"SA1_MAIN11":"30501110513","SOL_Irani_Lan_Othr_P":0,"SOL_Thai_P":0,"SOL_Italian_P":3,"SOL_Arabic_P":0,"SOL_Vietnamese_P":0,"SOL_Se_As_A_L_Filipino_P":0,"SOL_Ir_Lang_Dari_P":0,"SOL_Samoan_P":0,"SOL_Russian_P":0,"SOL_German_P":0,"SOL_Se_As_A_L_Indon_P":3,"SOL_Assyrian_P":0,"SOL_Macedonian_P":0,"SOL_Tamil_P":0,"SOL_In_Ar_Lang_Tot_P":0,"SOL_Turkish_P":0,"SOL_Greek_P":0,"SOL_Portuguese_P":0,"SOL_Khmer_P":0},"id":"b13_aust_sa1.30501110513"},{"type":"Feature","properties":{"SOL_Japanese_P":28,"SOL_Hungarian_P":7,"SEO_Persons":497,"SOL_Ir_La_Pe_excl_Da_P":0,"SOL_Serbian_P":0,"SOL_Polish_P":3,"SOL_Iran_Lan_Tot_P":0,"SOL_Spanish_P":19,"SOL_Aus_Indig_Lang_P":0,"SOL_Chin_lang_Tot_P":44,"SOL_Croatian_P":0,"SOL_Chin_lang_Mand_P":37,"SOL_Korean_P":53,"SOL_Maltese_P":0,"SOL_Se_As_A_L_Tagal_P":6,"SOL_Chin_lang_Cant_P":7,"SOL_French_P":12,"SOL_Se_As_A_L_Tot_P":6,"SOL_Dutch_P":0,"SA1_MAIN11":"30501110514","SOL_Irani_Lan_Othr_P":0,"SOL_Thai_P":0,"SOL_Italian_P":7,"SOL_Arabic_P":16,"SOL_Vietnamese_P":0,"SOL_Se_As_A_L_Filipino_P":0,"SOL_Ir_Lang_Dari_P":0,"SOL_Samoan_P":0,"SOL_Russian_P":4,"SOL_German_P":8,"SOL_Se_As_A_L_Indon_P":0,"SOL_Assyrian_P":0,"SOL_Macedonian_P":0,"SOL_Tamil_P":0,"SOL_In_Ar_Lang_Tot_P":11,"SOL_Turkish_P":0,"SOL_Greek_P":4,"SOL_Portuguese_P":13,"SOL_Khmer_P":0},"id":"b13_aust_sa1.30501110514"},{"type":"Feature","properties":{"SOL_Japanese_P":13,"SOL_Hungarian_P":0,"SEO_Persons":121,"SOL_Ir_La_Pe_excl_Da_P":0,"SOL_Serbian_P":0,"SOL_Polish_P":0,"SOL_Iran_Lan_Tot_P":0,"SOL_Spanish_P":0,"SOL_Aus_Indig_Lang_P":0,"SOL_Chin_lang_Tot_P":18,"SOL_Croatian_P":0,"SOL_Chin_lang_Mand_P":18,"SOL_Korean_P":4,"SOL_Maltese_P":0,"SOL_Se_As_A_L_Tagal_P":6,"SOL_Chin_lang_Cant_P":0,"SOL_French_P":0,"SOL_Se_As_A_L_Tot_P":6,"SOL_Dutch_P":0,"SA1_MAIN11":"30501110518","SOL_Irani_Lan_Othr_P":0,"SOL_Thai_P":0,"SOL_Italian_P":0,"SOL_Arabic_P":14,"SOL_Vietnamese_P":0,"SOL_Se_As_A_L_Filipino_P":0,"SOL_Ir_Lang_Dari_P":0,"SOL_Samoan_P":0,"SOL_Russian_P":0,"SOL_German_P":0,"SOL_Se_As_A_L_Indon_P":0,"SOL_Assyrian_P":0,"SOL_Macedonian_P":0,"SOL_Tamil_P":0,"SOL_In_Ar_Lang_Tot_P":0,"SOL_Turkish_P":0,"SOL_Greek_P":0,"SOL_Portuguese_P":9,"SOL_Khmer_P":0},"id":"b13_aust_sa1.30501110518"},{"type":"Feature","properties":{"SOL_Japanese_P":6,"SOL_Hungarian_P":0,"SEO_Persons":102,"SOL_Ir_La_Pe_excl_Da_P":0,"SOL_Serbian_P":0,"SOL_Polish_P":0,"SOL_Iran_Lan_Tot_P":0,"SOL_Spanish_P":0,"SOL_Aus_Indig_Lang_P":0,"SOL_Chin_lang_Tot_P":0,"SOL_Croatian_P":0,"SOL_Chin_lang_Mand_P":0,"SOL_Korean_P":6,"SOL_Maltese_P":0,"SOL_Se_As_A_L_Tagal_P":3,"SOL_Chin_lang_Cant_P":0,"SOL_French_P":0,"SOL_Se_As_A_L_Tot_P":10,"SOL_Dutch_P":0,"SA1_MAIN11":"30501110519","SOL_Irani_Lan_Othr_P":0,"SOL_Thai_P":0,"SOL_Italian_P":0,"SOL_Arabic_P":0,"SOL_Vietnamese_P":0,"SOL_Se_As_A_L_Filipino_P":0,"SOL_Ir_Lang_Dari_P":0,"SOL_Samoan_P":0,"SOL_Russian_P":3,"SOL_German_P":0,"SOL_Se_As_A_L_Indon_P":7,"SOL_Assyrian_P":0,"SOL_Macedonian_P":0,"SOL_Tamil_P":0,"SOL_In_Ar_Lang_Tot_P":0,"SOL_Turkish_P":0,"SOL_Greek_P":6,"SOL_Portuguese_P":0,"SOL_Khmer_P":0},"id":"b13_aust_sa1.30501110519"},{"type":"Feature","properties":{"SOL_Japanese_P":11,"SOL_Hungarian_P":0,"SEO_Persons":190,"SOL_Ir_La_Pe_excl_Da_P":0,"SOL_Serbian_P":0,"SOL_Polish_P":0,"SOL_Iran_Lan_Tot_P":0,"SOL_Spanish_P":13,"SOL_Aus_Indig_Lang_P":0,"SOL_Chin_lang_Tot_P":27,"SOL_Croatian_P":0,"SOL_Chin_lang_Mand_P":21,"SOL_Korean_P":19,"SOL_Maltese_P":0,"SOL_Se_As_A_L_Tagal_P":0,"SOL_Chin_lang_Cant_P":6,"SOL_French_P":4,"SOL_Se_As_A_L_Tot_P":6,"SOL_Dutch_P":0,"SA1_MAIN11":"30501111103","SOL_Irani_Lan_Othr_P":0,"SOL_Thai_P":3,"SOL_Italian_P":0,"SOL_Arabic_P":4,"SOL_Vietnamese_P":6,"SOL_Se_As_A_L_Filipino_P":0,"SOL_Ir_Lang_Dari_P":0,"SOL_Samoan_P":0,"SOL_Russian_P":0,"SOL_German_P":3,"SOL_Se_As_A_L_Indon_P":0,"SOL_Assyrian_P":0,"SOL_Macedonian_P":0,"SOL_Tamil_P":0,"SOL_In_Ar_Lang_Tot_P":20,"SOL_Turkish_P":0,"SOL_Greek_P":3,"SOL_Portuguese_P":8,"SOL_Khmer_P":0},"id":"b13_aust_sa1.30501111103"}]}