{"type":"FeatureCollection","bbox":[0.0,0.0,-1.0,-1.0],"features":[{"type":"Feature","properties":{"lga_name11":"Ballarat (C)","lga_code":"20570","a80_dangerous_&_negligent_acts_endangering_people":182,"f10_regulatory_driving_offences":null,"a10_homicide_&_related_offences":4,"reference_period":"2017"},"id":"lga_vic_crime_stats_2008_2017.fid--2ea3ac96_16319d179fb_2f8f"},{"type":"Feature","properties":{"lga_name11":"Banyule (C)","lga_code":"20660","a80_dangerous_&_negligent_acts_endangering_people":92,"f10_regulatory_driving_offences":1,"a10_homicide_&_related_offences":2,"reference_period":"2017"},"id":"lga_vic_crime_stats_2008_2017.fid--2ea3ac96_16319d179fb_2f90"},{"type":"Feature","properties":{"lga_name11":"Bass Coast (S)","lga_code":"20740","a80_dangerous_&_negligent_acts_endangering_people":59,"f10_regulatory_driving_offences":1,"a10_homicide_&_related_offences":2,"reference_period":"2017"},"id":"lga_vic_crime_stats_2008_2017.fid--2ea3ac96_16319d179fb_2f91"},{"type":"Feature","properties":{"lga_name11":"Baw Baw (S)","lga_code":"20830","a80_dangerous_&_negligent_acts_endangering_people":65,"f10_regulatory_driving_offences":null,"a10_homicide_&_related_offences":null,"reference_period":"2017"},"id":"lga_vic_crime_stats_2008_2017.fid--2ea3ac96_16319d179fb_2f92"},{"type":"Feature","properties":{"lga_name11":"Bayside (C)","lga_code":"20910","a80_dangerous_&_negligent_acts_endangering_people":23,"f10_regulatory_driving_offences":null,"a10_homicide_&_related_offences":2,"reference_period":"2017"},"id":"lga_vic_crime_stats_2008_2017.fid--2ea3ac96_16319d179fb_2f93"},{"type":"Feature","properties":{"lga_name11":"Benalla (RC)","lga_code":"21010","a80_dangerous_&_negligent_acts_endangering_people":17,"f10_regulatory_driving_offences":null,"a10_homicide_&_related_offences":2,"reference_period":"2017"},"id":"lga_vic_crime_stats_2008_2017.fid--2ea3ac96_16319d179fb_2f94"},{"type":"Feature","properties":{"lga_name11":"Boroondara (C)","lga_code":"21110","a80_dangerous_&_negligent_acts_endangering_people":39,"f10_regulatory_driving_offences":null,"a10_homicide_&_related_offences":2,"reference_period":"2017"},"id":"lga_vic_crime_stats_2008_2017.fid--2ea3ac96_16319d179fb_2f95"},{"type":"Feature","properties":{"lga_name11":"Alpine (S)","lga_code":"20110","a80_dangerous_&_negligent_acts_endangering_people":8,"f10_regulatory_driving_offences":null,"a10_homicide_&_related_offences":2,"reference_period":"2017"},"id":"lga_vic_crime_stats_2008_2017.fid--2ea3ac96_16319d179fb_2f96"},{"type":"Feature","properties":{"lga_name11":"Ararat (RC)","lga_code":"20260","a80_dangerous_&_negligent_acts_endangering_people":21,"f10_regulatory_driving_offences":null,"a10_homicide_&_related_offences":null,"reference_period":"2017"},"id":"lga_vic_crime_stats_2008_2017.fid--2ea3ac96_16319d179fb_2f97"},{"type":"Feature","properties":{"lga_name11":"Brimbank (C)","lga_code":"21180","a80_dangerous_&_negligent_acts_endangering_people":196,"f10_regulatory_driving_offences":null,"a10_homicide_&_related_offences":12,"reference_period":"2017"},"id":"lga_vic_crime_stats_2008_2017.fid--2ea3ac96_16319d179fb_2f98"},{"type":"Feature","properties":{"lga_name11":"Buloke (S)","lga_code":"21270","a80_dangerous_&_negligent_acts_endangering_people":7,"f10_regulatory_driving_offences":null,"a10_homicide_&_related_offences":null,"reference_period":"2017"},"id":"lga_vic_crime_stats_2008_2017.fid--2ea3ac96_16319d179fb_2f99"},{"type":"Feature","properties":{"lga_name11":"Campaspe (S)","lga_code":"21370","a80_dangerous_&_negligent_acts_endangering_people":65,"f10_regulatory_driving_offences":1,"a10_homicide_&_related_offences":2,"reference_period":"2017"},"id":"lga_vic_crime_stats_2008_2017.fid--2ea3ac96_16319d179fb_2f9a"},{"type":"Feature","properties":{"lga_name11":"Cardinia (S)","lga_code":"21450","a80_dangerous_&_negligent_acts_endangering_people":89,"f10_regulatory_driving_offences":null,"a10_homicide_&_related_offences":4,"reference_period":"2017"},"id":"lga_vic_crime_stats_2008_2017.fid--2ea3ac96_16319d179fb_2f9b"},{"type":"Feature","properties":{"lga_name11":"Casey (C)","lga_code":"21610","a80_dangerous_&_negligent_acts_endangering_people":319,"f10_regulatory_driving_offences":1,"a10_homicide_&_related_offences":11,"reference_period":"2017"},"id":"lga_vic_crime_stats_2008_2017.fid--2ea3ac96_16319d179fb_2f9c"},{"type":"Feature","properties":{"lga_name11":"Central Goldfields (S)","lga_code":"21670","a80_dangerous_&_negligent_acts_endangering_people":17,"f10_regulatory_driving_offences":null,"a10_homicide_&_related_offences":null,"reference_period":"2017"},"id":"lga_vic_crime_stats_2008_2017.fid--2ea3ac96_16319d179fb_2f9d"},{"type":"Feature","properties":{"lga_name11":"Colac-Otway (S)","lga_code":"21750","a80_dangerous_&_negligent_acts_endangering_people":23,"f10_regulatory_driving_offences":null,"a10_homicide_&_related_offences":2,"reference_period":"2017"},"id":"lga_vic_crime_stats_2008_2017.fid--2ea3ac96_16319d179fb_2f9e"},{"type":"Feature","properties":{"lga_name11":"Corangamite (S)","lga_code":"21830","a80_dangerous_&_negligent_acts_endangering_people":22,"f10_regulatory_driving_offences":null,"a10_homicide_&_related_offences":null,"reference_period":"2017"},"id":"lga_vic_crime_stats_2008_2017.fid--2ea3ac96_16319d179fb_2f9f"},{"type":"Feature","properties":{"lga_name11":"Darebin (C)","lga_code":"21890","a80_dangerous_&_negligent_acts_endangering_people":168,"f10_regulatory_driving_offences":null,"a10_homicide_&_related_offences":5,"reference_period":"2017"},"id":"lga_vic_crime_stats_2008_2017.fid--2ea3ac96_16319d179fb_2fa0"},{"type":"Feature","properties":{"lga_name11":"East Gippsland (S)","lga_code":"22110","a80_dangerous_&_negligent_acts_endangering_people":74,"f10_regulatory_driving_offences":null,"a10_homicide_&_related_offences":2,"reference_period":"2017"},"id":"lga_vic_crime_stats_2008_2017.fid--2ea3ac96_16319d179fb_2fa1"},{"type":"Feature","properties":{"lga_name11":"Frankston (C)","lga_code":"22170","a80_dangerous_&_negligent_acts_endangering_people":224,"f10_regulatory_driving_offences":null,"a10_homicide_&_related_offences":2,"reference_period":"2017"},"id":"lga_vic_crime_stats_2008_2017.fid--2ea3ac96_16319d179fb_2fa2"},{"type":"Feature","properties":{"lga_name11":"Gannawarra (S)","lga_code":"22250","a80_dangerous_&_negligent_acts_endangering_people":10,"f10_regulatory_driving_offences":null,"a10_homicide_&_related_offences":2,"reference_period":"2017"},"id":"lga_vic_crime_stats_2008_2017.fid--2ea3ac96_16319d179fb_2fa3"},{"type":"Feature","properties":{"lga_name11":"Greater Shepparton (C)","lga_code":"22830","a80_dangerous_&_negligent_acts_endangering_people":123,"f10_regulatory_driving_offences":null,"a10_homicide_&_related_offences":5,"reference_period":"2017"},"id":"lga_vic_crime_stats_2008_2017.fid--2ea3ac96_16319d179fb_2fa4"},{"type":"Feature","properties":{"lga_name11":"Hepburn (S)","lga_code":"22910","a80_dangerous_&_negligent_acts_endangering_people":13,"f10_regulatory_driving_offences":null,"a10_homicide_&_related_offences":2,"reference_period":"2017"},"id":"lga_vic_crime_stats_2008_2017.fid--2ea3ac96_16319d179fb_2fa5"},{"type":"Feature","properties":{"lga_name11":"Hindmarsh (S)","lga_code":"22980","a80_dangerous_&_negligent_acts_endangering_people":14,"f10_regulatory_driving_offences":null,"a10_homicide_&_related_offences":null,"reference_period":"2017"},"id":"lga_vic_crime_stats_2008_2017.fid--2ea3ac96_16319d179fb_2fa6"},{"type":"Feature","properties":{"lga_name11":"Hobsons Bay (C)","lga_code":"23110","a80_dangerous_&_negligent_acts_endangering_people":68,"f10_regulatory_driving_offences":null,"a10_homicide_&_related_offences":2,"reference_period":"2017"},"id":"lga_vic_crime_stats_2008_2017.fid--2ea3ac96_16319d179fb_2fa7"},{"type":"Feature","properties":{"lga_name11":"Horsham (RC)","lga_code":"23190","a80_dangerous_&_negligent_acts_endangering_people":25,"f10_regulatory_driving_offences":null,"a10_homicide_&_related_offences":2,"reference_period":"2017"},"id":"lga_vic_crime_stats_2008_2017.fid--2ea3ac96_16319d179fb_2fa8"},{"type":"Feature","properties":{"lga_name11":"Hume (C)","lga_code":"23270","a80_dangerous_&_negligent_acts_endangering_people":235,"f10_regulatory_driving_offences":null,"a10_homicide_&_related_offences":6,"reference_period":"2017"},"id":"lga_vic_crime_stats_2008_2017.fid--2ea3ac96_16319d179fb_2fa9"},{"type":"Feature","properties":{"lga_name11":"Indigo (S)","lga_code":"23350","a80_dangerous_&_negligent_acts_endangering_people":10,"f10_regulatory_driving_offences":null,"a10_homicide_&_related_offences":2,"reference_period":"2017"},"id":"lga_vic_crime_stats_2008_2017.fid--2ea3ac96_16319d179fb_2faa"},{"type":"Feature","properties":{"lga_name11":"Kingston (C)","lga_code":"23430","a80_dangerous_&_negligent_acts_endangering_people":80,"f10_regulatory_driving_offences":null,"a10_homicide_&_related_offences":7,"reference_period":"2017"},"id":"lga_vic_crime_stats_2008_2017.fid--2ea3ac96_16319d179fb_2fab"},{"type":"Feature","properties":{"lga_name11":"Knox (C)","lga_code":"23670","a80_dangerous_&_negligent_acts_endangering_people":124,"f10_regulatory_driving_offences":null,"a10_homicide_&_related_offences":2,"reference_period":"2017"},"id":"lga_vic_crime_stats_2008_2017.fid--2ea3ac96_16319d179fb_2fac"},{"type":"Feature","properties":{"lga_name11":"Latrobe (C)","lga_code":"23810","a80_dangerous_&_negligent_acts_endangering_people":260,"f10_regulatory_driving_offences":null,"a10_homicide_&_related_offences":4,"reference_period":"2017"},"id":"lga_vic_crime_stats_2008_2017.fid--2ea3ac96_16319d179fb_2fad"},{"type":"Feature","properties":{"lga_name11":"Loddon (S)","lga_code":"23940","a80_dangerous_&_negligent_acts_endangering_people":4,"f10_regulatory_driving_offences":null,"a10_homicide_&_related_offences":null,"reference_period":"2017"},"id":"lga_vic_crime_stats_2008_2017.fid--2ea3ac96_16319d179fb_2fae"},{"type":"Feature","properties":{"lga_name11":"Macedon Ranges (S)","lga_code":"24130","a80_dangerous_&_negligent_acts_endangering_people":63,"f10_regulatory_driving_offences":null,"a10_homicide_&_related_offences":2,"reference_period":"2017"},"id":"lga_vic_crime_stats_2008_2017.fid--2ea3ac96_16319d179fb_2faf"},{"type":"Feature","properties":{"lga_name11":"Manningham (C)","lga_code":"24210","a80_dangerous_&_negligent_acts_endangering_people":30,"f10_regulatory_driving_offences":null,"a10_homicide_&_related_offences":2,"reference_period":"2017"},"id":"lga_vic_crime_stats_2008_2017.fid--2ea3ac96_16319d179fb_2fb0"},{"type":"Feature","properties":{"lga_name11":"Mansfield (S)","lga_code":"24250","a80_dangerous_&_negligent_acts_endangering_people":7,"f10_regulatory_driving_offences":1,"a10_homicide_&_related_offences":2,"reference_period":"2017"},"id":"lga_vic_crime_stats_2008_2017.fid--2ea3ac96_16319d179fb_2fb1"},{"type":"Feature","properties":{"lga_name11":"Maribyrnong (C)","lga_code":"24330","a80_dangerous_&_negligent_acts_endangering_people":42,"f10_regulatory_driving_offences":null,"a10_homicide_&_related_offences":6,"reference_period":"2017"},"id":"lga_vic_crime_stats_2008_2017.fid--2ea3ac96_16319d179fb_2fb2"},{"type":"Feature","properties":{"lga_name11":"Maroondah (C)","lga_code":"24410","a80_dangerous_&_negligent_acts_endangering_people":86,"f10_regulatory_driving_offences":null,"a10_homicide_&_related_offences":null,"reference_period":"2017"},"id":"lga_vic_crime_stats_2008_2017.fid--2ea3ac96_16319d179fb_2fb3"},{"type":"Feature","properties":{"lga_name11":"Melbourne (C)","lga_code":"24600","a80_dangerous_&_negligent_acts_endangering_people":223,"f10_regulatory_driving_offences":11,"a10_homicide_&_related_offences":46,"reference_period":"2017"},"id":"lga_vic_crime_stats_2008_2017.fid--2ea3ac96_16319d179fb_2fb4"},{"type":"Feature","properties":{"lga_name11":"Melton (S)","lga_code":"24650","a80_dangerous_&_negligent_acts_endangering_people":194,"f10_regulatory_driving_offences":1,"a10_homicide_&_related_offences":4,"reference_period":"2017"},"id":"lga_vic_crime_stats_2008_2017.fid--2ea3ac96_16319d179fb_2fb5"},{"type":"Feature","properties":{"lga_name11":"Mildura (RC)","lga_code":"24780","a80_dangerous_&_negligent_acts_endangering_people":77,"f10_regulatory_driving_offences":null,"a10_homicide_&_related_offences":2,"reference_period":"2017"},"id":"lga_vic_crime_stats_2008_2017.fid--2ea3ac96_16319d179fb_2fb6"},{"type":"Feature","properties":{"lga_name11":"Mitchell (S)","lga_code":"24850","a80_dangerous_&_negligent_acts_endangering_people":77,"f10_regulatory_driving_offences":null,"a10_homicide_&_related_offences":2,"reference_period":"2017"},"id":"lga_vic_crime_stats_2008_2017.fid--2ea3ac96_16319d179fb_2fb7"},{"type":"Feature","properties":{"lga_name11":"Moira (S)","lga_code":"24900","a80_dangerous_&_negligent_acts_endangering_people":25,"f10_regulatory_driving_offences":null,"a10_homicide_&_related_offences":2,"reference_period":"2017"},"id":"lga_vic_crime_stats_2008_2017.fid--2ea3ac96_16319d179fb_2fb8"},{"type":"Feature","properties":{"lga_name11":"Monash (C)","lga_code":"24970","a80_dangerous_&_negligent_acts_endangering_people":90,"f10_regulatory_driving_offences":null,"a10_homicide_&_related_offences":2,"reference_period":"2017"},"id":"lga_vic_crime_stats_2008_2017.fid--2ea3ac96_16319d179fb_2fb9"},{"type":"Feature","properties":{"lga_name11":"Moonee Valley (C)","lga_code":"25060","a80_dangerous_&_negligent_acts_endangering_people":44,"f10_regulatory_driving_offences":null,"a10_homicide_&_related_offences":2,"reference_period":"2017"},"id":"lga_vic_crime_stats_2008_2017.fid--2ea3ac96_16319d179fb_2fba"},{"type":"Feature","properties":{"lga_name11":"Moorabool (S)","lga_code":"25150","a80_dangerous_&_negligent_acts_endangering_people":72,"f10_regulatory_driving_offences":null,"a10_homicide_&_related_offences":4,"reference_period":"2017"},"id":"lga_vic_crime_stats_2008_2017.fid--2ea3ac96_16319d179fb_2fbb"},{"type":"Feature","properties":{"lga_name11":"Moreland (C)","lga_code":"25250","a80_dangerous_&_negligent_acts_endangering_people":105,"f10_regulatory_driving_offences":null,"a10_homicide_&_related_offences":8,"reference_period":"2017"},"id":"lga_vic_crime_stats_2008_2017.fid--2ea3ac96_16319d179fb_2fbc"},{"type":"Feature","properties":{"lga_name11":"Mornington Peninsula (S)","lga_code":"25340","a80_dangerous_&_negligent_acts_endangering_people":152,"f10_regulatory_driving_offences":4,"a10_homicide_&_related_offences":5,"reference_period":"2017"},"id":"lga_vic_crime_stats_2008_2017.fid--2ea3ac96_16319d179fb_2fbd"},{"type":"Feature","properties":{"lga_name11":"Mount Alexander (S)","lga_code":"25430","a80_dangerous_&_negligent_acts_endangering_people":14,"f10_regulatory_driving_offences":null,"a10_homicide_&_related_offences":2,"reference_period":"2017"},"id":"lga_vic_crime_stats_2008_2017.fid--2ea3ac96_16319d179fb_2fbe"},{"type":"Feature","properties":{"lga_name11":"Moyne (S)","lga_code":"25490","a80_dangerous_&_negligent_acts_endangering_people":14,"f10_regulatory_driving_offences":null,"a10_homicide_&_related_offences":2,"reference_period":"2017"},"id":"lga_vic_crime_stats_2008_2017.fid--2ea3ac96_16319d179fb_2fbf"},{"type":"Feature","properties":{"lga_name11":"Murrindindi (S)","lga_code":"25620","a80_dangerous_&_negligent_acts_endangering_people":14,"f10_regulatory_driving_offences":null,"a10_homicide_&_related_offences":2,"reference_period":"2017"},"id":"lga_vic_crime_stats_2008_2017.fid--2ea3ac96_16319d179fb_2fc0"},{"type":"Feature","properties":{"lga_name11":"Nillumbik (S)","lga_code":"25710","a80_dangerous_&_negligent_acts_endangering_people":30,"f10_regulatory_driving_offences":null,"a10_homicide_&_related_offences":2,"reference_period":"2017"},"id":"lga_vic_crime_stats_2008_2017.fid--2ea3ac96_16319d179fb_2fc1"},{"type":"Feature","properties":{"lga_name11":"Northern Grampians (S)","lga_code":"25810","a80_dangerous_&_negligent_acts_endangering_people":20,"f10_regulatory_driving_offences":null,"a10_homicide_&_related_offences":null,"reference_period":"2017"},"id":"lga_vic_crime_stats_2008_2017.fid--2ea3ac96_16319d179fb_2fc2"},{"type":"Feature","properties":{"lga_name11":"Port Phillip (C)","lga_code":"25900","a80_dangerous_&_negligent_acts_endangering_people":74,"f10_regulatory_driving_offences":null,"a10_homicide_&_related_offences":2,"reference_period":"2017"},"id":"lga_vic_crime_stats_2008_2017.fid--2ea3ac96_16319d179fb_2fc3"},{"type":"Feature","properties":{"lga_name11":"Pyrenees (S)","lga_code":"25990","a80_dangerous_&_negligent_acts_endangering_people":12,"f10_regulatory_driving_offences":null,"a10_homicide_&_related_offences":null,"reference_period":"2017"},"id":"lga_vic_crime_stats_2008_2017.fid--2ea3ac96_16319d179fb_2fc4"},{"type":"Feature","properties":{"lga_name11":"Queenscliffe (B)","lga_code":"26080","a80_dangerous_&_negligent_acts_endangering_people":null,"f10_regulatory_driving_offences":null,"a10_homicide_&_related_offences":null,"reference_period":"2017"},"id":"lga_vic_crime_stats_2008_2017.fid--2ea3ac96_16319d179fb_2fc5"},{"type":"Feature","properties":{"lga_name11":"South Gippsland (S)","lga_code":"26170","a80_dangerous_&_negligent_acts_endangering_people":33,"f10_regulatory_driving_offences":null,"a10_homicide_&_related_offences":2,"reference_period":"2017"},"id":"lga_vic_crime_stats_2008_2017.fid--2ea3ac96_16319d179fb_2fc6"},{"type":"Feature","properties":{"lga_name11":"Southern Grampians (S)","lga_code":"26260","a80_dangerous_&_negligent_acts_endangering_people":21,"f10_regulatory_driving_offences":null,"a10_homicide_&_related_offences":2,"reference_period":"2017"},"id":"lga_vic_crime_stats_2008_2017.fid--2ea3ac96_16319d179fb_2fc7"},{"type":"Feature","properties":{"lga_name11":"Stonnington (C)","lga_code":"26350","a80_dangerous_&_negligent_acts_endangering_people":69,"f10_regulatory_driving_offences":null,"a10_homicide_&_related_offences":2,"reference_period":"2017"},"id":"lga_vic_crime_stats_2008_2017.fid--2ea3ac96_16319d179fb_2fc8"},{"type":"Feature","properties":{"lga_name11":"Strathbogie (S)","lga_code":"26430","a80_dangerous_&_negligent_acts_endangering_people":21,"f10_regulatory_driving_offences":null,"a10_homicide_&_related_offences":null,"reference_period":"2017"},"id":"lga_vic_crime_stats_2008_2017.fid--2ea3ac96_16319d179fb_2fc9"},{"type":"Feature","properties":{"lga_name11":"Surf Coast (S)","lga_code":"26490","a80_dangerous_&_negligent_acts_endangering_people":4,"f10_regulatory_driving_offences":null,"a10_homicide_&_related_offences":null,"reference_period":"2017"},"id":"lga_vic_crime_stats_2008_2017.fid--2ea3ac96_16319d179fb_2fca"},{"type":"Feature","properties":{"lga_name11":"Swan Hill (RC)","lga_code":"26610","a80_dangerous_&_negligent_acts_endangering_people":33,"f10_regulatory_driving_offences":null,"a10_homicide_&_related_offences":2,"reference_period":"2017"},"id":"lga_vic_crime_stats_2008_2017.fid--2ea3ac96_16319d179fb_2fcb"},{"type":"Feature","properties":{"lga_name11":"Towong (S)","lga_code":"26670","a80_dangerous_&_negligent_acts_endangering_people":1,"f10_regulatory_driving_offences":null,"a10_homicide_&_related_offences":null,"reference_period":"2017"},"id":"lga_vic_crime_stats_2008_2017.fid--2ea3ac96_16319d179fb_2fcc"},{"type":"Feature","properties":{"lga_name11":"Wangaratta (RC)","lga_code":"26700","a80_dangerous_&_negligent_acts_endangering_people":44,"f10_regulatory_driving_offences":null,"a10_homicide_&_related_offences":5,"reference_period":"2017"},"id":"lga_vic_crime_stats_2008_2017.fid--2ea3ac96_16319d179fb_2fcd"},{"type":"Feature","properties":{"lga_name11":"Warrnambool (C)","lga_code":"26730","a80_dangerous_&_negligent_acts_endangering_people":76,"f10_regulatory_driving_offences":null,"a10_homicide_&_related_offences":null,"reference_period":"2017"},"id":"lga_vic_crime_stats_2008_2017.fid--2ea3ac96_16319d179fb_2fce"},{"type":"Feature","properties":{"lga_name11":"Wellington (S)","lga_code":"26810","a80_dangerous_&_negligent_acts_endangering_people":55,"f10_regulatory_driving_offences":null,"a10_homicide_&_related_offences":2,"reference_period":"2017"},"id":"lga_vic_crime_stats_2008_2017.fid--2ea3ac96_16319d179fb_2fcf"},{"type":"Feature","properties":{"lga_name11":"West Wimmera (S)","lga_code":"26890","a80_dangerous_&_negligent_acts_endangering_people":6,"f10_regulatory_driving_offences":null,"a10_homicide_&_related_offences":null,"reference_period":"2017"},"id":"lga_vic_crime_stats_2008_2017.fid--2ea3ac96_16319d179fb_2fd0"},{"type":"Feature","properties":{"lga_name11":"Whitehorse (C)","lga_code":"26980","a80_dangerous_&_negligent_acts_endangering_people":43,"f10_regulatory_driving_offences":null,"a10_homicide_&_related_offences":5,"reference_period":"2017"},"id":"lga_vic_crime_stats_2008_2017.fid--2ea3ac96_16319d179fb_2fd1"},{"type":"Feature","properties":{"lga_name11":"Whittlesea (C)","lga_code":"27070","a80_dangerous_&_negligent_acts_endangering_people":214,"f10_regulatory_driving_offences":2,"a10_homicide_&_related_offences":2,"reference_period":"2017"},"id":"lga_vic_crime_stats_2008_2017.fid--2ea3ac96_16319d179fb_2fd2"},{"type":"Feature","properties":{"lga_name11":"Wodonga (RC)","lga_code":"27170","a80_dangerous_&_negligent_acts_endangering_people":59,"f10_regulatory_driving_offences":null,"a10_homicide_&_related_offences":2,"reference_period":"2017"},"id":"lga_vic_crime_stats_2008_2017.fid--2ea3ac96_16319d179fb_2fd3"},{"type":"Feature","properties":{"lga_name11":"Wyndham (C)","lga_code":"27260","a80_dangerous_&_negligent_acts_endangering_people":165,"f10_regulatory_driving_offences":null,"a10_homicide_&_related_offences":5,"reference_period":"2017"},"id":"lga_vic_crime_stats_2008_2017.fid--2ea3ac96_16319d179fb_2fd4"},{"type":"Feature","properties":{"lga_name11":"Yarra (C)","lga_code":"27350","a80_dangerous_&_negligent_acts_endangering_people":79,"f10_regulatory_driving_offences":null,"a10_homicide_&_related_offences":2,"reference_period":"2017"},"id":"lga_vic_crime_stats_2008_2017.fid--2ea3ac96_16319d179fb_2fd5"},{"type":"Feature","properties":{"lga_name11":"Yarra Ranges (S)","lga_code":"27450","a80_dangerous_&_negligent_acts_endangering_people":122,"f10_regulatory_driving_offences":null,"a10_homicide_&_related_offences":4,"reference_period":"2017"},"id":"lga_vic_crime_stats_2008_2017.fid--2ea3ac96_16319d179fb_2fd6"},{"type":"Feature","properties":{"lga_name11":"Yarriambiack (S)","lga_code":"27630","a80_dangerous_&_negligent_acts_endangering_people":8,"f10_regulatory_driving_offences":null,"a10_homicide_&_related_offences":null,"reference_period":"2017"},"id":"lga_vic_crime_stats_2008_2017.fid--2ea3ac96_16319d179fb_2fd7"},{"type":"Feature","properties":{"lga_name11":"Glenelg (S)","lga_code":"22410","a80_dangerous_&_negligent_acts_endangering_people":26,"f10_regulatory_driving_offences":null,"a10_homicide_&_related_offences":null,"reference_period":"2017"},"id":"lga_vic_crime_stats_2008_2017.fid--2ea3ac96_16319d179fb_2fd8"},{"type":"Feature","properties":{"lga_name11":"Glen Eira (C)","lga_code":"22310","a80_dangerous_&_negligent_acts_endangering_people":29,"f10_regulatory_driving_offences":null,"a10_homicide_&_related_offences":5,"reference_period":"2017"},"id":"lga_vic_crime_stats_2008_2017.fid--2ea3ac96_16319d179fb_2fd9"},{"type":"Feature","properties":{"lga_name11":"Golden Plains (S)","lga_code":"22490","a80_dangerous_&_negligent_acts_endangering_people":11,"f10_regulatory_driving_offences":null,"a10_homicide_&_related_offences":2,"reference_period":"2017"},"id":"lga_vic_crime_stats_2008_2017.fid--2ea3ac96_16319d179fb_2fda"},{"type":"Feature","properties":{"lga_name11":"Greater Bendigo (C)","lga_code":"22620","a80_dangerous_&_negligent_acts_endangering_people":169,"f10_regulatory_driving_offences":1,"a10_homicide_&_related_offences":4,"reference_period":"2017"},"id":"lga_vic_crime_stats_2008_2017.fid--2ea3ac96_16319d179fb_2fdb"},{"type":"Feature","properties":{"lga_name11":"Greater Dandenong (C)","lga_code":"22670","a80_dangerous_&_negligent_acts_endangering_people":271,"f10_regulatory_driving_offences":1,"a10_homicide_&_related_offences":15,"reference_period":"2017"},"id":"lga_vic_crime_stats_2008_2017.fid--2ea3ac96_16319d179fb_2fdc"},{"type":"Feature","properties":{"lga_name11":"Greater Geelong (C)","lga_code":"22750","a80_dangerous_&_negligent_acts_endangering_people":259,"f10_regulatory_driving_offences":1,"a10_homicide_&_related_offences":7,"reference_period":"2017"},"id":"lga_vic_crime_stats_2008_2017.fid--2ea3ac96_16319d179fb_2fdd"}]}