{"organisation":"VIC_Govt_CSA","name":"lga_vic_crime_stats_2008_2017","title":"LGA Number of Offences in Victoria by Offence Type 2008 - 2017","legal":{"copyrightYear":"2018","attributionYear":"2017","attribution":"{datasource.organisationTitle}, ({dataset.attributionYear}): {dataset.title}; accessed from AURIN Portal on {dateOfAccess}.","clickthrough":false,"licenceType":"Creative Commons Attribution 4.0 International (CC BY 4.0)","copyrightNotice":"&copy; {datasource.organisationTitle} {dataset.copyrightYear}"},"referenceSystemIdentifier":"urn:x-ogc:def:crs:EPSG:4283","geoLevel":"lga2011","key":"lga_code","keyRegex":null,"availability":"true","geomField":"wkb_geometry","keyword":"crime,stats,statistics,victoria,LGA","theme":null,"temporalExtent":{"beginDate":"2007-10-01T00:00:00","endDate":"2017-09-30T00:00:00","selectTime":false},"type":"dataset","_id":"dataset-VIC_Govt_CSA-lga_vic_crime_stats_2008_2017-lga2011","bbox":null,"abstract":"The Crime Statistics Agency (CSA) presents statistics about the characteristics of crime recorded on the Victoria Police Law Enforcement Assistance Program (LEAP). Recorded offences include any criminal act or omission by a person or organisation for which a penalty could be imposed by the Victorian legal system. This dataset covers crime sub-categories from 2008 to 2017\n<br/>\nFor the purposes of CSA statistics, an offence is counted and included in the data where it was reported to, or detected by, Victoria Police and, was first recorded in LEAP within the reference period. Recorded offence data are compiled on the basis of the date that the offence was created on the LEAP database, rather than the date the offence was detected by, or reported to police. The create date may not be the date when the offence occurred, or the date when the offence came to the attention of police.\n<br/>\nThe crime statistics are aggregated to Australian Standard Geographical Classification (ASGC) Local Government Area (LGA) 2011 boundaries (1259.0.30.001). <br/>\nPlease note, in order to maintain confidentiality, sensitive offence counts for subdivisions Homicide and related offences and  Sexual offences with a value of 3 or less are given a value of 2 to calculate totals. For more information visit <a href=\"https://www.crimestatistics.vic.gov.au/about-the-data\" target=\"_blank\">Victorian Crime Statistics Agency</a>.","selectedAttributes":[{"name":"reference_period","type":"java.lang.String","title":"Reference Period","description":"The reference period","stype":"ordinal","categories":[{"key":"2008","label":"2008"},{"key":"2008-2017","label":"2008-2017"},{"key":"2009","label":"2009"},{"key":"2010","label":"2010"},{"key":"2011","label":"2011"},{"key":"2012","label":"2012"},{"key":"2013","label":"2013"},{"key":"2014","label":"2014"},{"key":"2015","label":"2015"},{"key":"2016","label":"2016"},{"key":"2017","label":"2017"}],"filterValue":"2017","isDimension":true},{"name":"lga_code","type":"java.lang.String","title":"LGA code 2011","description":"LGA code 2011.","stype":"nominal","isDimension":false},{"name":"a10_homicide_&_related_offences","type":"java.lang.Integer","title":"A10 Homicide and related offence","description":"A10 Homicide and related offence count. Unlawfully kill, attempt or conspire to unlawfully kill, or kill another person as a result of culpable, reckless or negligent act. Includes: murder, attempted murder, accessory or conspiracy to murder, manslaughter and driving causing death.","stype":"ratio","isDimension":false},{"name":"f10_regulatory_driving_offences","type":"java.lang.Integer","title":"F10 Regulatory driving offences","description":"F10 Regulatory driving offence count. Offences relating to vehicles and most forms of traffic, including offences pertaining to the licensing, registration, roadworthiness or use of vehicles and bicycle offences. Includes: drink driving, drug driving, speeding offences, parking offences, licensing offences, registration and roadworthiness offences and other regulatory driving offences.","stype":"ratio","isDimension":false},{"name":"a80_dangerous_&_negligent_acts_endangering_people","type":"java.lang.Integer","title":"A80 Dangerous and negligent acts endangering people","description":"A80 Dangerous and negligent acts endangering people offence count. Dangerous or negligent acts which, though not intended to cause harm, actually or potentially result in injury to oneself or another person. Includes: dangerous driving, neglect or ill treatment of people, throw or discharge object endangering people and other dangerous or negligent acts endangering people.","stype":"ratio","isDimension":false},{"name":"lga_name11","type":"java.lang.String","title":"LGA name 2011","description":"LGA name 2011.","stype":"nominal","isDimension":false}],"filter":{"filterType":"tabular","where":"(reference_period IN ('2017'))","feature":{"key":"lga_code","geoLevel":"lga2011","geoField":"ignored","year":"2006","featureBbox":[96.81676569599999,-43.740509603,159.109219008,-9.142175977],"featureType":"country","featureInstance":"au","featureName":"Australia","referenceSystemIdentifier":"urn:x-ogc:def:crs:EPSG:4283","prefix":"","keyTransform":null},"states":[]}}