{"type":"FeatureCollection","bbox":[0.0,0.0,-1.0,-1.0],"features":[{"type":"Feature","properties":{"SOL_Japanese_P":0,"SOL_Hungarian_P":3,"SEO_Persons":255,"SOL_Serbian_P":0,"SOL_Iran_Lan_Tot_P":0,"SOL_Polish_P":3,"SOL_Spanish_P":0,"SOL_Aus_Indig_Lang_P":0,"SOL_Chin_lang_Tot_P":8,"SOL_Croatian_P":3,"SOL_Korean_P":3,"SOL_Maltese_P":0,"Total_P":305,"SOL_French_P":3,"SOL_Se_As_A_L_Tot_P":0,"SOL_Dutch_P":6,"SA1_MAIN11":"60105102716","SOL_Thai_P":3,"SOL_Italian_P":0,"SOL_Arabic_P":0,"SOL_Vietnamese_P":0,"SOL_German_P":3,"SOL_Russian_P":0,"SOL_Samoan_P":0,"SOL_Assyrian_P":0,"SOL_Macedonian_P":0,"SOL_Tamil_P":0,"SOL_In_Ar_Lang_Tot_P":6,"SOL_Turkish_P":0,"SOL_Greek_P":3,"SOL_Khmer_P":0,"SOL_Portuguese_P":0},"id":"b13_aust_sa1.60105102716"},{"type":"Feature","properties":{"SOL_Japanese_P":3,"SOL_Hungarian_P":0,"SEO_Persons":214,"SOL_Serbian_P":0,"SOL_Iran_Lan_Tot_P":0,"SOL_Polish_P":0,"SOL_Spanish_P":0,"SOL_Aus_Indig_Lang_P":0,"SOL_Chin_lang_Tot_P":0,"SOL_Croatian_P":0,"SOL_Korean_P":0,"SOL_Maltese_P":0,"Total_P":279,"SOL_French_P":3,"SOL_Se_As_A_L_Tot_P":0,"SOL_Dutch_P":0,"SA1_MAIN11":"60105102718","SOL_Thai_P":0,"SOL_Italian_P":0,"SOL_Arabic_P":0,"SOL_Vietnamese_P":0,"SOL_German_P":0,"SOL_Russian_P":3,"SOL_Samoan_P":0,"SOL_Assyrian_P":0,"SOL_Macedonian_P":0,"SOL_Tamil_P":0,"SOL_In_Ar_Lang_Tot_P":3,"SOL_Turkish_P":0,"SOL_Greek_P":3,"SOL_Khmer_P":0,"SOL_Portuguese_P":0},"id":"b13_aust_sa1.60105102718"},{"type":"Feature","properties":{"SOL_Japanese_P":0,"SOL_Hungarian_P":0,"SEO_Persons":280,"SOL_Serbian_P":0,"SOL_Iran_Lan_Tot_P":0,"SOL_Polish_P":0,"SOL_Spanish_P":3,"SOL_Aus_Indig_Lang_P":0,"SOL_Chin_lang_Tot_P":37,"SOL_Croatian_P":0,"SOL_Korean_P":0,"SOL_Maltese_P":0,"Total_P":500,"SOL_French_P":0,"SOL_Se_As_A_L_Tot_P":0,"SOL_Dutch_P":3,"SA1_MAIN11":"60105102719","SOL_Thai_P":0,"SOL_Italian_P":4,"SOL_Arabic_P":8,"SOL_Vietnamese_P":0,"SOL_German_P":0,"SOL_Russian_P":0,"SOL_Samoan_P":0,"SOL_Assyrian_P":0,"SOL_Macedonian_P":0,"SOL_Tamil_P":0,"SOL_In_Ar_Lang_Tot_P":29,"SOL_Turkish_P":0,"SOL_Greek_P":3,"SOL_Khmer_P":0,"SOL_Portuguese_P":3},"id":"b13_aust_sa1.60105102719"},{"type":"Feature","properties":{"SOL_Japanese_P":7,"SOL_Hungarian_P":0,"SEO_Persons":311,"SOL_Serbian_P":0,"SOL_Iran_Lan_Tot_P":0,"SOL_Polish_P":3,"SOL_Spanish_P":4,"SOL_Aus_Indig_Lang_P":0,"SOL_Chin_lang_Tot_P":14,"SOL_Croatian_P":3,"SOL_Korean_P":0,"SOL_Maltese_P":0,"Total_P":430,"SOL_French_P":3,"SOL_Se_As_A_L_Tot_P":0,"SOL_Dutch_P":0,"SA1_MAIN11":"60105102717","SOL_Thai_P":0,"SOL_Italian_P":3,"SOL_Arabic_P":3,"SOL_Vietnamese_P":4,"SOL_German_P":0,"SOL_Russian_P":0,"SOL_Samoan_P":0,"SOL_Assyrian_P":0,"SOL_Macedonian_P":0,"SOL_Tamil_P":0,"SOL_In_Ar_Lang_Tot_P":0,"SOL_Turkish_P":0,"SOL_Greek_P":0,"SOL_Khmer_P":3,"SOL_Portuguese_P":0},"id":"b13_aust_sa1.60105102717"},{"type":"Feature","properties":{"SOL_Japanese_P":4,"SOL_Hungarian_P":0,"SEO_Persons":420,"SOL_Serbian_P":0,"SOL_Iran_Lan_Tot_P":0,"SOL_Polish_P":0,"SOL_Spanish_P":0,"SOL_Aus_Indig_Lang_P":0,"SOL_Chin_lang_Tot_P":46,"SOL_Croatian_P":0,"SOL_Korean_P":0,"SOL_Maltese_P":0,"Total_P":592,"SOL_French_P":3,"SOL_Se_As_A_L_Tot_P":0,"SOL_Dutch_P":4,"SA1_MAIN11":"60105102720","SOL_Thai_P":3,"SOL_Italian_P":0,"SOL_Arabic_P":0,"SOL_Vietnamese_P":9,"SOL_German_P":0,"SOL_Russian_P":3,"SOL_Samoan_P":0,"SOL_Assyrian_P":0,"SOL_Macedonian_P":0,"SOL_Tamil_P":0,"SOL_In_Ar_Lang_Tot_P":4,"SOL_Turkish_P":0,"SOL_Greek_P":0,"SOL_Khmer_P":4,"SOL_Portuguese_P":0},"id":"b13_aust_sa1.60105102720"}]}