{
  "Adelaide":
            {
              "p_60_64_yrs": 78686, "p_55_59_yrs": 87259, "p_75_79_yrs": 40000, "p_30_34_yrs": 94204, "p_tot": 1376672, "p_65_69_yrs": 70364, "p_35_39_yrs": 86256, "p_25_29_yrs": 98583, "p_50_54_yrs": 93845, "p_15_19_yrs": 86033, "p_70_74_yrs": 50848, "p_40_44_yrs": 94782, "p_45_49_yrs": 92388, "p_20_24_yrs": 98338
              
            },
  "AliceSprings":
            {
              "p_60_64_yrs": 2195, "p_55_59_yrs": 3033, "p_75_79_yrs": 374, "p_30_34_yrs": 5109, "p_tot": 52033, "p_65_69_yrs": 1335, "p_35_39_yrs": 4228, "p_25_29_yrs": 5161, "p_50_54_yrs": 3409, "p_15_19_yrs": 3308, "p_70_74_yrs": 840, "p_40_44_yrs": 4085, "p_45_49_yrs": 3443, "p_20_24_yrs": 3819
              
            },
  "Brisbane":
            {
              "p_60_64_yrs": 109658, "p_55_59_yrs": 124468, "p_75_79_yrs": 46384, "p_30_34_yrs": 171287, "p_tot": 2229674, "p_65_69_yrs": 94551, "p_35_39_yrs": 154640, "p_25_29_yrs": 180021, "p_50_54_yrs": 141804, "p_15_19_yrs": 148045, "p_70_74_yrs": 65857, "p_40_44_yrs": 163996, "p_45_49_yrs": 145750, "p_20_24_yrs": 177160
              
            },
  "Canberra":
            {
              "p_60_64_yrs": 18843, "p_55_59_yrs": 21738, "p_75_79_yrs": 7746, "p_30_34_yrs": 32562, "p_tot": 385996, "p_65_69_yrs": 15984, "p_35_39_yrs": 28191, "p_25_29_yrs": 33998, "p_50_54_yrs": 24606, "p_15_19_yrs": 22963, "p_70_74_yrs": 10668, "p_40_44_yrs": 28287, "p_45_49_yrs": 25098, "p_20_24_yrs": 32225
              
            },
  "Hobart":
            {
              "p_60_64_yrs": 13472, "p_55_59_yrs": 14605, "p_75_79_yrs": 6303, "p_30_34_yrs": 12819, "p_tot": 212005, "p_65_69_yrs": 11701, "p_35_39_yrs": 12571, "p_25_29_yrs": 13483, "p_50_54_yrs": 15342, "p_15_19_yrs": 13430, "p_70_74_yrs": 8527, "p_40_44_yrs": 14293, "p_45_49_yrs": 13647, "p_20_24_yrs": 14229
              
            },
  "Mackay":
            {
              "p_60_64_yrs": 8876, "p_55_59_yrs": 11570, "p_75_79_yrs": 3486, "p_30_34_yrs": 14347, "p_tot": 185259, "p_65_69_yrs": 7014, "p_35_39_yrs": 12671, "p_25_29_yrs": 14830, "p_50_54_yrs": 13603, "p_15_19_yrs": 11167, "p_70_74_yrs": 4840, "p_40_44_yrs": 14154, "p_45_49_yrs": 12906, "p_20_24_yrs": 12639
              
            },
  "Melbourne":
            {
              "p_60_64_yrs": 241943, "p_55_59_yrs": 279398, "p_75_79_yrs": 121281, "p_30_34_yrs": 386479, "p_tot": 4844354, "p_65_69_yrs": 214332 , "p_35_39_yrs": 340187, "p_25_29_yrs": 397002, "p_50_54_yrs": 310408, "p_15_19_yrs": 292165, "p_70_74_yrs": 157405, "p_40_44_yrs": 353425, "p_45_49_yrs": 321955, "p_20_24_yrs": 363858
              
            },
  "Perth":
            {
              "p_60_64_yrs": 104231, "p_55_59_yrs": 118346, "p_75_79_yrs": 47349, "p_30_34_yrs": 164129, "p_tot": 2065144, "p_65_69_yrs": 88147, "p_35_39_yrs": 142394, "p_25_29_yrs": 176629, "p_50_54_yrs": 133281, "p_15_19_yrs": 132384, "p_70_74_yrs": 63412, "p_40_44_yrs": 148332, "p_45_49_yrs": 136805, "p_20_24_yrs": 155493
              
            },
  "Sydney":
            {
              "p_60_64_yrs": 276736, "p_55_59_yrs": 319061, "p_75_79_yrs": 133627, "p_30_34_yrs": 429107, "p_tot": 5439189, "p_65_69_yrs": 243634, "p_35_39_yrs": 384722, "p_25_29_yrs": 426744, "p_50_54_yrs": 355920, "p_15_19_yrs": 331985, "p_70_74_yrs": 177118, "p_40_44_yrs": 393285, "p_45_49_yrs": 352626, "p_20_24_yrs": 391488
              
            },
  "Wollongong":
            {
              "p_60_64_yrs": 11251, "p_55_59_yrs": 12554, "p_75_79_yrs": 6656, "p_30_34_yrs": 13035, "p_tot": 206794, "p_65_69_yrs": 10198, "p_35_39_yrs": 12937, "p_25_29_yrs": 14182, "p_50_54_yrs": 14063, "p_15_19_yrs": 13225, "p_70_74_yrs": 8033, "p_40_44_yrs": 14007, "p_45_49_yrs": 12770, "p_20_24_yrs": 16643
              
            },
  "GoldCoast":
            {
              "p_60_64_yrs": 64039, "p_55_59_yrs": 69946, "p_75_79_yrs": 29436, "p_30_34_yrs": 76032, "p_tot": 1140022, "p_65_69_yrs": 58549, "p_35_39_yrs": 73247, "p_25_29_yrs": 75991, "p_50_54_yrs": 76311, "p_15_19_yrs": 76641, "p_70_74_yrs": 41503, "p_40_44_yrs": 81787, "p_45_49_yrs": 74723, "p_20_24_yrs": 77793
            },
  "Newcastle":
           {
             "p_60_64_yrs": 32863, "p_55_59_yrs": 36105, "p_75_79_yrs": 17299, "p_30_34_yrs": 35731, "p_tot": 563696, "p_65_69_yrs": 30570, "p_35_39_yrs": 33956, "p_25_29_yrs": 37038, "p_50_54_yrs": 38060, "p_15_19_yrs": 35779, "p_70_74_yrs": 22477, "p_40_44_yrs": 37953, "p_45_49_yrs": 35135, "p_20_24_yrs": 39636
    
  }
  
}