{"Wollongong": {"Poor_Areas": 858, "Rich_Areas": 3202, "Middle_Class_Areas": 2591}, "AliceSprings": {"Poor_Areas": 27, "Rich_Areas": 42, "Middle_Class_Areas": 28}, "Melbourne": {"Poor_Areas": 2594, "Rich_Areas": 7045, "Middle_Class_Areas": 2680}, "Perth": {"Poor_Areas": 253, "Rich_Areas": 2533, "Middle_Class_Areas": 693}, "Sydney": {"Poor_Areas": 717, "Rich_Areas": 3228, "Middle_Class_Areas": 990}, "Newcastle": {"Poor_Areas": 3611, "Rich_Areas": 30412, "Middle_Class_Areas": 20997}, "Mackay": {"Poor_Areas": 112, "Rich_Areas": 792, "Middle_Class_Areas": 486}, "Canberra": {"Poor_Areas": 4311, "Rich_Areas": 89333, "Middle_Class_Areas": 23811}, "Brisbane": {"Poor_Areas": 314, "Rich_Areas": 1971, "Middle_Class_Areas": 472}, "Hobart": {"Poor_Areas": 60, "Rich_Areas": 376, "Middle_Class_Areas": 266}, "GoldCoast": {"Poor_Areas": 10458, "Rich_Areas": 94562, "Middle_Class_Areas": 62008}, "Adelaide": {"Poor_Areas": 1143, "Rich_Areas": 2482, "Middle_Class_Areas": 1466}}