{
  "Melbourne": [
    "Great Ocean Road", "Yarra River", "Flinders Street Railway Station", "Federation Square", "Royal Botanic Gardens", "Queen Victoria Market", "Yarra Valley", "Puffing Billy Railway", "Dandenong", "Eureka Tower", "Luna Park", "National Gallery of Victoria", "Melbourne Zoo", "Melbourne Cricket Ground", "Healesville Sanctuary", "Sea Life Melbourne Acquarium", "Shrine of Rememberance", "Collins Street",  "St Kilda Beach", "State Library of Victoria", "Melbourn Museum", "Old Melbourne Gaol", "St Paul's Cathedral", "Australian Centre for the Moving Image", "Melbourne Star", "Albert Park and Lake", "Flagstaff Gardens", "Birrarung Marr", "National Sports Museum", "Werribee Park", "Treasury Gardens", "Port Phillip", "Crown Melbourne", "Royal Exhibition Building", "Werribee Open Range Zoo", "Phillip Island Nature Park", "Fitzroy Gardens", "Chinatown", "Dandenong Ranges National Park", "Carlton Gardens", "Swanston Street", "City Circle Tram Tour", "Captain Cook's Cottage", "Docklands", "Parliament House", "Immigration Museum" 
    ],
  "Adelaide": [
    "North Terrace", "Adelaide Botanic Garden", "Art Gallery of South Australia", "South Australian Museum", "State Library of South Australia", "Adelaide Central Market", "Glenelg Beach", "Adelaide Zoo", "Cleland Wildlife Park", "Adelaide Festival Centre", "Ayers Historic House Museum", "Victoria Square", "Port Adelaide", "Migration Museum", "Adelaide Oval", "Morialta Conservation Park", "Rundle Mall", "Belair National Park", "Waterfall Gully", "Himeji Gardens", "Adelaide Park Lands", "Big Rocking Horse", "Tandanya National Aboriginal Cultural Institute", "Elder Park", "National Railway Museum", "Adelaide Gaol", "Black Hill Conservation Park", "Carrick Hill", "Santos Museum of Economic Botany", "South Australian Maritime Museum", "Anstey Hill Recreation Park", "Bay Discovery Centre", "National War Memorial", "Scott Creek Conservation Park", "Mount Lofty", "Mount Lofty Botanic Garden", "National Wine Centre of Australia", "Clare Valley", "Gorge Wildlife Park", "St Peter's Cathedral", "Onkaparinga River National Park", "Wittunga Botanic Garden", "Adelaide Dolphin Sanctuary", "Veale Gardens", "Thorndon Park Reserve", "Fort Glanville Conservation Park"
    ],
  "Perth": [
    "Kings Park", "Bibbulmun Track", "Fremantle Prison", "Perth Zoo", "Perth Mint", "Aquarium of Western Australia", "Adventure World", "Crown Perth", "Round House", "Art Gallery of Western Australia", "Western Australian Museum", "Scitech", "Cohunu Koala Park", "Stirling Gardens", "Shipwrecks Museum", "Maritime Museum", "Army Museum of Western Australia", "Perth Gaol", "The Nostalgia Box", "Swan Valley", "Caversham Wildlife Park", "Swan Bells", "Penguin Island", "Fremantle Markets", "Serpentine National Park", "Yanchep National Park", "Elizabeth Quay", "Shoalwater Islands Marine Park", "Araluen Botanic Park", "Cottesloe Beach", "John Forrest National Park", "Mundy Regional Park", "Mundaring Weir", "Lake Monger", "Perth Cultural Centre", "Scarborough Beach", "Heirisson Island", "State War Memorial", "Cape Peron", "Whiteman Park", "Matilda Bay", "WACA Ground", "Garden Island", "Beelu National Park", "Lake Leschenaultia", "Hyde Park", "St Mary's Cathedral", "Walyunga National Park", "Bold Park", "Fremantle Arts Centre"
    ],
  "Canberra": [
    "Australian War Memorial", "New Parliament House", "Museum of Australian Democracy", "Old Parliament House", "Lake Burley Griffin", "National Gallery of Australia", "Questacon National Science and Technology Centre", "National Portrait Gallery", "National Library of Australia", "Mount Ainslie Lookout", "Australian National Botanic Gardens", "National Zoo", "National Aquarium", "National Museum", "National Carillon", "Black Mountain Nature Park", "Royal Australian Mint", "National Dinosaur Museum", "Big Splash Waterpark", "Lanyon Homestead", "Blundells Cottage", "CSIRO Discovery", "Calthorpes' House", "Mugga Mugga", "Telstra Tower", "Tidbinbilla Nature Reserve", "National Arboretum", "Australian Institute of Sport", "Lake Ginninderra", "Captain James Cook Memorial", "Parliament Triangle", "Casino Canberra", "Mulligans Flat Nature Reserve", "Lake Tuggeranong", "Weston Park", "Pine Island Reserve", "Manuka Oval", "Mount Stromlo Observatory", "Mount Majura", "Mount Ginini", "Canberra Centenary Trail", "Lennox Gardens", "John Knight Memorial Park", "National Capital Exhibition", "Canberra Glassworks", "Aspen Island", "Nara Peace Park", "Kemal Ataturk Memorial", "Civic Square"
    ],
  "Brisbane": [
    "Lone Pine Koala Sanctuary", "The Cultural Precinct", "Botanic Gardens Mount Coot-tha", "Queensland Art Gallery & Gallery of Modern Art - QAGOMA", "South Bank", "River Cruises", "Queen Street Mall", "Story Bridge Adventure Climb", "Moreton Island", "Museum of Brisbane", "Customs House", "Sea World Gold Coast", "Glass House Mountains", "Story Bridge", "Roma Street Parkland", "Treasury Casino", "Brisbane City Hall", "Queensland Maritime Museum", "Newstead House", "Workshops Rail Museum", "The Old Windmill", "Bee Gees Way", "Commissariat Store", "Sherwood Arboretum", "Wheel of Brisbane", "ANZAC Square", "The Giant Drop", "Mount Tibrogargan", "Coochiemudlo Island", "Sir Thomas Brisbane Planetarium", "Reddacliff Place", "Kangaroo Point Cliffs Park", "New Farm Park", "Brown Lake", "Mount Glorious", "St Helena Island National Park", "Peel Island", "The Claw", "Streets Beach", "Victoria Bridge", "Fort Lytton National Park", "Robelle Domain", "J C Slaughter Falls", "Blue Lake National Park", "Cathedral of St Stephen", "Penguin Encounter"
    ],
  "GoldCoast": [
    "Surfers Paradise Beach", "Skypoint Surfer's Paradise", "Currumbin Wildlife Sanctuary", "Cavill Avenue", "Coolangatta Beach", "Sea World", "Dreamworld", "Warner Bros Movie World", "Lamington National Park", "Springbrook National Park", "Burleigh Head National Park", "Broadbeach", "Wet n Wild Gold Coast", "Tamborine National Park", "WhiteWater World", "The Star Gold Coast", "Snapper Rocks", "Purling Brook Falls", "Sanctuary Cove", "Glow Worm Caves", "Tamborine Mountain", "Southport Broadwater Parklands", "Tallebudgera Creek", "Point Danger", "Infinity Attraction", "Gold Coast Highway", "Gold Coast Beach", "Greenmount Beach", "David Fleay Wildlife Park", "Hinze Dam", "Tiger Island", "The Giant Drop", "Superman Escape", "Timezone Surfers Paradise", "Gold coast Regional Botanic Gardens", "The Wax Musuem", "BuzzSaw", "NighQuarter","Kirra Beach", "Duranbah Beach", "Currumbin beach", "Wiggles World", "Morans Falls"
    ],
  "Newcastle": [
    "The Tyne Bridges", "Historic Quayside", "Newcastle Castle", "St. Nicholas Cathedral", "The Old City Chares", "Grainger Town and Grey's Monument", "Eldon Square Shopping Centre", "Laing Art Gallery", "Great North Museu- Hancock", "Discovery Museum", "Jesmond Dene", "Gateshead", "Stockton Beach", "Port Stephens", "Lake Macquarie", "Fort Scratchley", "Christ Church Cathedral", "Newcastle Museum", "Queens Wharf Tower", "Dobell House", "Hunter Region", "Tuggerah Lake", "Broughton Island", "Sand Dune Adventures", "Nobbys Beach", "Merewether Ocean Baths", "Karuah River", "Blacbutt Nature Reserve", "Nobbys Head", "Werakata National Park", "Glenrock", "Fernleigh Track", "Redhead Beach", "Hunter Wetlands Centre", "Glenrock Lagoon", "Newcastle Civic Park", "Glenrock State Conservation Area", "Newcastle Memorial Walk", "Hunter wetlands National Park", "Blacksmiths Beach", "Wallarah National Park", "Dixon Park", "Hunter Region Botanic Gardens", "Mount Sugarloaf", "Newcastle Art Gallery", "Fighter World", "Pacific Park", "The Obelisk"
    ],
  "Mackay": [
    "Great Barrier Reef", "Whitsunday Islands", "Eungella National Park", "Bluewater Lagoon", "Orchid House", "Town Beach", "Brampton Island Track", "Regional Botanic Gardens", "Far Beach", "GoWake Cable Park", "Queens Park", "Bluewater Quay", "Jubilee Park", "Round Top Island National Park", "Illawong Beach", "Illawong Park", "Tom Mclean Park", "Bassett Basin", "Aqua Park", "Bluewater Trail", "Armstrong Beach", "Harbour Beach", "Caneland Central Shopping Centre", "Bucasia Beach", "Greenmount Homestead", "Gooseponds", "Artspace", "Slade Point", "Pioneer River", "Lamberts Lookout", "J M Mulherin Memorial Park", "Homevale National Park"
    ],
  "AliceSprings": [
    "The Desert Park", "Telegraph Station", "Araluen Cultural Precinct", "Todd Mall", "The School of the Air", "Flynn’s Grave", "Emily and Jessie Gaps", "Simpsons Gap", "Larapinta Trail", "West MacDonnell National Park", "Finke Gorge National Park", "Reptil Centre", "Olive Pink Botanic Garden", "The Residency", "Adelaide House Museum", "Hartley Street School", "Anzac Hill"
    ],
  "Hobart": [
    "Kunanyi","Mount Wellington", "Salamanca Place", "Salamanca Market", "Battery Point", "Mona Museum and Art Gallery", "Penitentiary Chapel", "Royal Tasmanian Botanical Gardens", "Tasman Bridge", "Tasmanian Museum and Art Gallery", "North Hobart", "Runnymede", "State Cinema", "St David's Cathedral", "Louisa's Walk", "Theatre Royal", "Moorila Winery Grounds", "Salamanca Market", "Cape Brunchy Lighthouse", "Cascades Female Factory", "Zoodoo Wildlife Park", "Franklin Square", "Mawson's Huts Replica Museum", "Narryna Heritage Museum", "Markree House Museum and Garden", "Transport Museum", "Army Museum", "Glenorchy Art & Sculpture Park", "Wrest Point Hotel Casino", "Constitution Dock", "Salamanca arts Centre", "Hobart Zoo", "Kelly's Steps", "Shot Tower Taroona", "Segway Tasmania", "Iron Pot", "St David's Park", "Waterworks Reserve", "Risdon Cove", "Hinsby Beach", "Kangaroo Bluff","Truganini Reserve"
    ],
  "Wollongong": [
    "Sea Cliff Bridge", "Wattamolla", "Nan Tien Temple", "Symbio Wildlife Park", "Bald Hill", "Jamberoo Action Park", "Lake Illawarra", "Mount Keira", "Breakwater Lighthouse", "Botanic Garden", "Head Lighthouse", "Wollongong Beach", "Beach Cove", "Belmore Basin", "Garie Beach", "Illawarra Fly Treetop Walk", "Stuart Park", "Cathedral Rocks", "Bombo Headland Quarry", "Stanwell Park Beach", "Mount Keira", "Bulli Beach", "Bombo Beach", "Sublime Point", "MacCabe Park", "Five Islands Nature Reserve", "Stanwell Park Beach Reserve", "Lang Park", "Science Space", "Puckeys Estate Reserve", "Towradgi Beach", "Brokers Nose", "Stanwell Beach", "Woonona Beach", "Flagstaff Hill Park", "Maddens Fall", "Illawarra Fly Zipline Tour", "Illawarra Grevillea Park", "The Boneyard Beach", "Coalcliff Beach", "Bellambi Beach", "Kellys Falls"
    ],
  "Sydney": [
    "Sydney Opera House", "Sydney Harbour Bridge", "Bondi Beach", "Darling Harbour", "Port Jackson", "The Rocks", "Taronga Zoo", "Royal Botanic Garden", "Sea Life Sydney Aquarium", "Featherdale Wildlife Park", "Hyde Park", "Luna Park", "Mrs Macquarie's Chair", "Olympic Park", "Museum of Contemporary Art", "Powerhouse Museum", "St Mary's Cathedral", "The Star", "The Domain", "Australian National Maritime Musuem", "Botany Bay", "North Bondi", "Hyde Park Barracks", "Sydney Observatory", "Manly Sea Life Sanctuary", "Kamay Botany Bay National Park", "Museum of Sydney", "Wet n Wild Sydney", "Madame Tussauds", "The Rocks Discovery Musuem", "White Rabbit Gallery", "Sydney Mint", "Circular Quay", "Sydney Tower", "Royal National Park", "Manly Beach", "Ku-ring-gai Chase National Park", "Cockatoo Island", "Sydney Harbour National Park", "Chinses Garden of Frienship", "Shelly Beach", "Kings cross", "Sculpture by Sea Exhibition", "Bondi to Bronte Coastal Walk", "Sydney Fish Market", "Pylon Lookout", "Sydney Heads"
    ]
}