{"type":"FeatureCollection","bbox":[0.0,0.0,-1.0,-1.0],"features":[{"type":"Feature","properties":{"SOL_Japanese_P":0,"SOL_Hungarian_P":0,"SEO_Persons":262,"SOL_Ir_La_Pe_excl_Da_P":0,"SOL_Serbian_P":0,"SOL_Polish_P":3,"SOL_Iran_Lan_Tot_P":0,"SOL_In_Ar_Lang_Urdu_P":0,"SOL_Spanish_P":0,"SOL_Aus_Indig_Lang_P":0,"SOL_In_Ar_Lang_Sinh_P":0,"SOL_Chin_lang_Tot_P":3,"SOL_Croatian_P":0,"SOL_Se_As_A_L_Othr_P":0,"SOL_Chin_lang_Mand_P":3,"SOL_Korean_P":0,"SOL_Maltese_P":0,"SOL_In_Ar_Lang_Beng_P":0,"SOL_Se_As_A_L_Tagal_P":16,"SOL_In_Ar_Lang_Punj_P":0,"SOL_Chin_lang_Cant_P":0,"SOL_French_P":3,"SOL_Se_As_A_L_Tot_P":33,"SOL_Dutch_P":3,"SOL_Chin_lang_Other_P":0,"SA1_MAIN11":"31202134610","SOL_Irani_Lan_Othr_P":0,"SOL_Thai_P":0,"SOL_Italian_P":6,"SOL_Arabic_P":0,"SOL_Vietnamese_P":3,"SOL_Se_As_A_L_Filipino_P":14,"SOL_Ir_Lang_Dari_P":0,"SOL_Samoan_P":0,"SOL_Russian_P":0,"SOL_German_P":0,"SOL_Se_As_A_L_Indon_P":3,"SOL_In_Ar_Lang_Hind_P":5,"SOL_Macedonian_P":0,"SOL_Assyrian_P":0,"SOL_Tamil_P":0,"SOL_In_Ar_Lang_Tot_P":5,"SOL_Turkish_P":0,"SOL_Greek_P":0,"SOL_Portuguese_P":0,"SOL_Khmer_P":0,"SOL_In_Ar_Lang_Othr_P":0},"id":"b13_aust_sa1.31202134610"},{"type":"Feature","properties":{"SOL_Japanese_P":4,"SOL_Hungarian_P":0,"SEO_Persons":340,"SOL_Ir_La_Pe_excl_Da_P":0,"SOL_Serbian_P":0,"SOL_Polish_P":0,"SOL_Iran_Lan_Tot_P":0,"SOL_In_Ar_Lang_Urdu_P":3,"SOL_Spanish_P":0,"SOL_Aus_Indig_Lang_P":0,"SOL_In_Ar_Lang_Sinh_P":3,"SOL_Chin_lang_Tot_P":23,"SOL_Croatian_P":0,"SOL_Se_As_A_L_Othr_P":0,"SOL_Chin_lang_Mand_P":14,"SOL_Korean_P":0,"SOL_Maltese_P":3,"SOL_In_Ar_Lang_Beng_P":11,"SOL_Se_As_A_L_Tagal_P":35,"SOL_In_Ar_Lang_Punj_P":0,"SOL_Chin_lang_Cant_P":5,"SOL_French_P":0,"SOL_Se_As_A_L_Tot_P":55,"SOL_Dutch_P":3,"SOL_Chin_lang_Other_P":4,"SA1_MAIN11":"31202134607","SOL_Irani_Lan_Othr_P":0,"SOL_Thai_P":0,"SOL_Italian_P":8,"SOL_Arabic_P":0,"SOL_Vietnamese_P":6,"SOL_Se_As_A_L_Filipino_P":20,"SOL_Ir_Lang_Dari_P":0,"SOL_Samoan_P":0,"SOL_Russian_P":0,"SOL_German_P":3,"SOL_Se_As_A_L_Indon_P":0,"SOL_In_Ar_Lang_Hind_P":0,"SOL_Macedonian_P":0,"SOL_Assyrian_P":0,"SOL_Tamil_P":0,"SOL_In_Ar_Lang_Tot_P":33,"SOL_Turkish_P":0,"SOL_Greek_P":0,"SOL_Portuguese_P":0,"SOL_Khmer_P":0,"SOL_In_Ar_Lang_Othr_P":16},"id":"b13_aust_sa1.31202134607"},{"type":"Feature","properties":{"SOL_Japanese_P":0,"SOL_Hungarian_P":0,"SEO_Persons":414,"SOL_Ir_La_Pe_excl_Da_P":0,"SOL_Serbian_P":0,"SOL_Polish_P":3,"SOL_Iran_Lan_Tot_P":0,"SOL_In_Ar_Lang_Urdu_P":0,"SOL_Spanish_P":0,"SOL_Aus_Indig_Lang_P":0,"SOL_In_Ar_Lang_Sinh_P":0,"SOL_Chin_lang_Tot_P":0,"SOL_Croatian_P":0,"SOL_Se_As_A_L_Othr_P":0,"SOL_Chin_lang_Mand_P":0,"SOL_Korean_P":0,"SOL_Maltese_P":0,"SOL_In_Ar_Lang_Beng_P":0,"SOL_Se_As_A_L_Tagal_P":9,"SOL_In_Ar_Lang_Punj_P":0,"SOL_Chin_lang_Cant_P":0,"SOL_French_P":0,"SOL_Se_As_A_L_Tot_P":22,"SOL_Dutch_P":0,"SOL_Chin_lang_Other_P":0,"SA1_MAIN11":"31202134606","SOL_Irani_Lan_Othr_P":0,"SOL_Thai_P":3,"SOL_Italian_P":0,"SOL_Arabic_P":0,"SOL_Vietnamese_P":0,"SOL_Se_As_A_L_Filipino_P":13,"SOL_Ir_Lang_Dari_P":0,"SOL_Samoan_P":0,"SOL_Russian_P":0,"SOL_German_P":0,"SOL_Se_As_A_L_Indon_P":0,"SOL_In_Ar_Lang_Hind_P":0,"SOL_Macedonian_P":0,"SOL_Assyrian_P":0,"SOL_Tamil_P":0,"SOL_In_Ar_Lang_Tot_P":0,"SOL_Turkish_P":0,"SOL_Greek_P":0,"SOL_Portuguese_P":10,"SOL_Khmer_P":0,"SOL_In_Ar_Lang_Othr_P":0},"id":"b13_aust_sa1.31202134606"},{"type":"Feature","properties":{"SOL_Japanese_P":3,"SOL_Hungarian_P":0,"SEO_Persons":333,"SOL_Ir_La_Pe_excl_Da_P":0,"SOL_Serbian_P":0,"SOL_Polish_P":3,"SOL_Iran_Lan_Tot_P":0,"SOL_In_Ar_Lang_Urdu_P":4,"SOL_Spanish_P":0,"SOL_Aus_Indig_Lang_P":0,"SOL_In_Ar_Lang_Sinh_P":0,"SOL_Chin_lang_Tot_P":9,"SOL_Croatian_P":0,"SOL_Se_As_A_L_Othr_P":0,"SOL_Chin_lang_Mand_P":6,"SOL_Korean_P":3,"SOL_Maltese_P":0,"SOL_In_Ar_Lang_Beng_P":0,"SOL_Se_As_A_L_Tagal_P":7,"SOL_In_Ar_Lang_Punj_P":0,"SOL_Chin_lang_Cant_P":0,"SOL_French_P":0,"SOL_Se_As_A_L_Tot_P":25,"SOL_Dutch_P":0,"SOL_Chin_lang_Other_P":3,"SA1_MAIN11":"31202134605","SOL_Irani_Lan_Othr_P":0,"SOL_Thai_P":0,"SOL_Italian_P":0,"SOL_Arabic_P":0,"SOL_Vietnamese_P":0,"SOL_Se_As_A_L_Filipino_P":15,"SOL_Ir_Lang_Dari_P":0,"SOL_Samoan_P":3,"SOL_Russian_P":0,"SOL_German_P":3,"SOL_Se_As_A_L_Indon_P":3,"SOL_In_Ar_Lang_Hind_P":6,"SOL_Macedonian_P":0,"SOL_Assyrian_P":0,"SOL_Tamil_P":0,"SOL_In_Ar_Lang_Tot_P":10,"SOL_Turkish_P":0,"SOL_Greek_P":3,"SOL_Portuguese_P":0,"SOL_Khmer_P":0,"SOL_In_Ar_Lang_Othr_P":0},"id":"b13_aust_sa1.31202134605"},{"type":"Feature","properties":{"SOL_Japanese_P":0,"SOL_Hungarian_P":0,"SEO_Persons":253,"SOL_Ir_La_Pe_excl_Da_P":0,"SOL_Serbian_P":3,"SOL_Polish_P":0,"SOL_Iran_Lan_Tot_P":0,"SOL_In_Ar_Lang_Urdu_P":0,"SOL_Spanish_P":3,"SOL_Aus_Indig_Lang_P":0,"SOL_In_Ar_Lang_Sinh_P":0,"SOL_Chin_lang_Tot_P":6,"SOL_Croatian_P":0,"SOL_Se_As_A_L_Othr_P":0,"SOL_Chin_lang_Mand_P":6,"SOL_Korean_P":0,"SOL_Maltese_P":0,"SOL_In_Ar_Lang_Beng_P":0,"SOL_Se_As_A_L_Tagal_P":9,"SOL_In_Ar_Lang_Punj_P":7,"SOL_Chin_lang_Cant_P":0,"SOL_French_P":6,"SOL_Se_As_A_L_Tot_P":12,"SOL_Dutch_P":0,"SOL_Chin_lang_Other_P":0,"SA1_MAIN11":"31202134603","SOL_Irani_Lan_Othr_P":0,"SOL_Thai_P":0,"SOL_Italian_P":7,"SOL_Arabic_P":0,"SOL_Vietnamese_P":0,"SOL_Se_As_A_L_Filipino_P":3,"SOL_Ir_Lang_Dari_P":0,"SOL_Samoan_P":0,"SOL_Russian_P":0,"SOL_German_P":0,"SOL_Se_As_A_L_Indon_P":0,"SOL_In_Ar_Lang_Hind_P":0,"SOL_Macedonian_P":0,"SOL_Assyrian_P":0,"SOL_Tamil_P":0,"SOL_In_Ar_Lang_Tot_P":7,"SOL_Turkish_P":0,"SOL_Greek_P":0,"SOL_Portuguese_P":0,"SOL_Khmer_P":0,"SOL_In_Ar_Lang_Othr_P":0},"id":"b13_aust_sa1.31202134603"},{"type":"Feature","properties":{"SOL_Japanese_P":4,"SOL_Hungarian_P":0,"SEO_Persons":293,"SOL_Ir_La_Pe_excl_Da_P":0,"SOL_Serbian_P":0,"SOL_Polish_P":0,"SOL_Iran_Lan_Tot_P":0,"SOL_In_Ar_Lang_Urdu_P":0,"SOL_Spanish_P":0,"SOL_Aus_Indig_Lang_P":0,"SOL_In_Ar_Lang_Sinh_P":0,"SOL_Chin_lang_Tot_P":0,"SOL_Croatian_P":0,"SOL_Se_As_A_L_Othr_P":0,"SOL_Chin_lang_Mand_P":0,"SOL_Korean_P":6,"SOL_Maltese_P":0,"SOL_In_Ar_Lang_Beng_P":0,"SOL_Se_As_A_L_Tagal_P":13,"SOL_In_Ar_Lang_Punj_P":0,"SOL_Chin_lang_Cant_P":0,"SOL_French_P":0,"SOL_Se_As_A_L_Tot_P":24,"SOL_Dutch_P":0,"SOL_Chin_lang_Other_P":0,"SA1_MAIN11":"31202134604","SOL_Irani_Lan_Othr_P":0,"SOL_Thai_P":0,"SOL_Italian_P":3,"SOL_Arabic_P":0,"SOL_Vietnamese_P":0,"SOL_Se_As_A_L_Filipino_P":11,"SOL_Ir_Lang_Dari_P":0,"SOL_Samoan_P":0,"SOL_Russian_P":0,"SOL_German_P":3,"SOL_Se_As_A_L_Indon_P":0,"SOL_In_Ar_Lang_Hind_P":0,"SOL_Macedonian_P":0,"SOL_Assyrian_P":0,"SOL_Tamil_P":0,"SOL_In_Ar_Lang_Tot_P":5,"SOL_Turkish_P":0,"SOL_Greek_P":3,"SOL_Portuguese_P":0,"SOL_Khmer_P":0,"SOL_In_Ar_Lang_Othr_P":5},"id":"b13_aust_sa1.31202134604"},{"type":"Feature","properties":{"SOL_Japanese_P":0,"SOL_Hungarian_P":0,"SEO_Persons":104,"SOL_Ir_La_Pe_excl_Da_P":0,"SOL_Serbian_P":0,"SOL_Polish_P":0,"SOL_Iran_Lan_Tot_P":0,"SOL_In_Ar_Lang_Urdu_P":0,"SOL_Spanish_P":0,"SOL_Aus_Indig_Lang_P":0,"SOL_In_Ar_Lang_Sinh_P":0,"SOL_Chin_lang_Tot_P":0,"SOL_Croatian_P":0,"SOL_Se_As_A_L_Othr_P":0,"SOL_Chin_lang_Mand_P":0,"SOL_Korean_P":0,"SOL_Maltese_P":0,"SOL_In_Ar_Lang_Beng_P":0,"SOL_Se_As_A_L_Tagal_P":17,"SOL_In_Ar_Lang_Punj_P":0,"SOL_Chin_lang_Cant_P":0,"SOL_French_P":0,"SOL_Se_As_A_L_Tot_P":17,"SOL_Dutch_P":0,"SOL_Chin_lang_Other_P":0,"SA1_MAIN11":"31202134609","SOL_Irani_Lan_Othr_P":0,"SOL_Thai_P":0,"SOL_Italian_P":0,"SOL_Arabic_P":0,"SOL_Vietnamese_P":0,"SOL_Se_As_A_L_Filipino_P":0,"SOL_Ir_Lang_Dari_P":0,"SOL_Samoan_P":0,"SOL_Russian_P":0,"SOL_German_P":6,"SOL_Se_As_A_L_Indon_P":0,"SOL_In_Ar_Lang_Hind_P":3,"SOL_Macedonian_P":0,"SOL_Assyrian_P":0,"SOL_Tamil_P":0,"SOL_In_Ar_Lang_Tot_P":6,"SOL_Turkish_P":3,"SOL_Greek_P":0,"SOL_Portuguese_P":0,"SOL_Khmer_P":0,"SOL_In_Ar_Lang_Othr_P":3},"id":"b13_aust_sa1.31202134609"},{"type":"Feature","properties":{"SOL_Japanese_P":0,"SOL_Hungarian_P":0,"SEO_Persons":388,"SOL_Ir_La_Pe_excl_Da_P":0,"SOL_Serbian_P":0,"SOL_Polish_P":3,"SOL_Iran_Lan_Tot_P":0,"SOL_In_Ar_Lang_Urdu_P":0,"SOL_Spanish_P":3,"SOL_Aus_Indig_Lang_P":0,"SOL_In_Ar_Lang_Sinh_P":0,"SOL_Chin_lang_Tot_P":11,"SOL_Croatian_P":0,"SOL_Se_As_A_L_Othr_P":3,"SOL_Chin_lang_Mand_P":11,"SOL_Korean_P":0,"SOL_Maltese_P":0,"SOL_In_Ar_Lang_Beng_P":0,"SOL_Se_As_A_L_Tagal_P":13,"SOL_In_Ar_Lang_Punj_P":0,"SOL_Chin_lang_Cant_P":0,"SOL_French_P":0,"SOL_Se_As_A_L_Tot_P":25,"SOL_Dutch_P":0,"SOL_Chin_lang_Other_P":0,"SA1_MAIN11":"31202134608","SOL_Irani_Lan_Othr_P":0,"SOL_Thai_P":5,"SOL_Italian_P":0,"SOL_Arabic_P":0,"SOL_Vietnamese_P":4,"SOL_Se_As_A_L_Filipino_P":9,"SOL_Ir_Lang_Dari_P":0,"SOL_Samoan_P":0,"SOL_Russian_P":0,"SOL_German_P":0,"SOL_Se_As_A_L_Indon_P":0,"SOL_In_Ar_Lang_Hind_P":6,"SOL_Macedonian_P":0,"SOL_Assyrian_P":0,"SOL_Tamil_P":0,"SOL_In_Ar_Lang_Tot_P":13,"SOL_Turkish_P":0,"SOL_Greek_P":3,"SOL_Portuguese_P":0,"SOL_Khmer_P":0,"SOL_In_Ar_Lang_Othr_P":7},"id":"b13_aust_sa1.31202134608"},{"type":"Feature","properties":{"SOL_Japanese_P":0,"SOL_Hungarian_P":0,"SEO_Persons":244,"SOL_Ir_La_Pe_excl_Da_P":0,"SOL_Serbian_P":0,"SOL_Polish_P":0,"SOL_Iran_Lan_Tot_P":0,"SOL_In_Ar_Lang_Urdu_P":0,"SOL_Spanish_P":3,"SOL_Aus_Indig_Lang_P":0,"SOL_In_Ar_Lang_Sinh_P":0,"SOL_Chin_lang_Tot_P":8,"SOL_Croatian_P":0,"SOL_Se_As_A_L_Othr_P":0,"SOL_Chin_lang_Mand_P":8,"SOL_Korean_P":0,"SOL_Maltese_P":0,"SOL_In_Ar_Lang_Beng_P":0,"SOL_Se_As_A_L_Tagal_P":6,"SOL_In_Ar_Lang_Punj_P":0,"SOL_Chin_lang_Cant_P":0,"SOL_French_P":5,"SOL_Se_As_A_L_Tot_P":18,"SOL_Dutch_P":0,"SOL_Chin_lang_Other_P":0,"SA1_MAIN11":"31202134602","SOL_Irani_Lan_Othr_P":0,"SOL_Thai_P":0,"SOL_Italian_P":0,"SOL_Arabic_P":0,"SOL_Vietnamese_P":0,"SOL_Se_As_A_L_Filipino_P":12,"SOL_Ir_Lang_Dari_P":0,"SOL_Samoan_P":0,"SOL_Russian_P":0,"SOL_German_P":0,"SOL_Se_As_A_L_Indon_P":0,"SOL_In_Ar_Lang_Hind_P":0,"SOL_Macedonian_P":0,"SOL_Assyrian_P":0,"SOL_Tamil_P":0,"SOL_In_Ar_Lang_Tot_P":0,"SOL_Turkish_P":0,"SOL_Greek_P":0,"SOL_Portuguese_P":3,"SOL_Khmer_P":0,"SOL_In_Ar_Lang_Othr_P":0},"id":"b13_aust_sa1.31202134602"},{"type":"Feature","properties":{"SOL_Japanese_P":4,"SOL_Hungarian_P":0,"SEO_Persons":326,"SOL_Ir_La_Pe_excl_Da_P":0,"SOL_Serbian_P":0,"SOL_Polish_P":0,"SOL_Iran_Lan_Tot_P":0,"SOL_In_Ar_Lang_Urdu_P":0,"SOL_Spanish_P":0,"SOL_Aus_Indig_Lang_P":0,"SOL_In_Ar_Lang_Sinh_P":0,"SOL_Chin_lang_Tot_P":0,"SOL_Croatian_P":0,"SOL_Se_As_A_L_Othr_P":0,"SOL_Chin_lang_Mand_P":0,"SOL_Korean_P":0,"SOL_Maltese_P":0,"SOL_In_Ar_Lang_Beng_P":0,"SOL_Se_As_A_L_Tagal_P":10,"SOL_In_Ar_Lang_Punj_P":6,"SOL_Chin_lang_Cant_P":0,"SOL_French_P":0,"SOL_Se_As_A_L_Tot_P":17,"SOL_Dutch_P":0,"SOL_Chin_lang_Other_P":0,"SA1_MAIN11":"31202134601","SOL_Irani_Lan_Othr_P":0,"SOL_Thai_P":0,"SOL_Italian_P":4,"SOL_Arabic_P":0,"SOL_Vietnamese_P":0,"SOL_Se_As_A_L_Filipino_P":7,"SOL_Ir_Lang_Dari_P":0,"SOL_Samoan_P":0,"SOL_Russian_P":0,"SOL_German_P":0,"SOL_Se_As_A_L_Indon_P":0,"SOL_In_Ar_Lang_Hind_P":0,"SOL_Macedonian_P":0,"SOL_Assyrian_P":0,"SOL_Tamil_P":0,"SOL_In_Ar_Lang_Tot_P":6,"SOL_Turkish_P":0,"SOL_Greek_P":0,"SOL_Portuguese_P":0,"SOL_Khmer_P":0,"SOL_In_Ar_Lang_Othr_P":0},"id":"b13_aust_sa1.31202134601"}]}