{"organisation":"AU_Govt_ABS","name":"b13_aust_sa1","title":"SA1-based B13 Language Spoken at Home by Sex as at 2011-08-11","legal":{"copyrightYear":"2011","attributionYear":"2011","attribution":"{datasource.organisationTitle}, ({dataset.attributionYear}): {dataset.title}; accessed from AURIN Portal on {dateOfAccess}.","clickthrough":false,"licenceType":"Creative Commons Attribution 2.5 Australia (CC BY 2.5 AU)","copyrightNotice":"&copy; Commonwealth of Australia (Australian Bureau of Statistics) {dataset.copyrightYear}"},"referenceSystemIdentifier":"urn:x-ogc:def:crs:EPSG:4283","geoLevel":"sa1","key":"SA1_MAIN11","keyRegex":null,"availability":"true","geomField":"wkb_geometry","keyword":"census","theme":null,"temporalExtent":{"beginDate":"2011-01-01T00:00:00","endDate":"2011-12-31T00:00:00","selectTime":false},"type":"dataset","_id":"dataset-AU_Govt_ABS-b13_aust_sa1-sa1","bbox":null,"abstract":"SA1 based data for Language spoken at home by Sex, for 2011 Census. Count of all persons on Census night based on place of usual residence. This list of languages consists of the most common Language Spoken at Home responses reported in the 2006 Census. Data sourced from: <a href='http://www.abs.gov.au/census' target=\"_blank\">http://www.abs.gov.au/census</a>. For further information about these and related statistics, contact the National Information and Referral Services on 1300 135 070. Periodicity: 5-Yearly.","selectedAttributes":[{"name":"SA1_MAIN11","type":"java.lang.String","title":"SA1 Code","description":"Statistical Area Level 1 (SA1) Code.","stype":"nominal","isDimension":false},{"name":"SEO_Persons","type":"java.lang.Integer","title":"Speaks English only Persons","description":"Speaks English only Persons.","stype":"ratio","isDimension":false},{"name":"SOL_Arabic_P","type":"java.lang.Integer","title":"Speaks other language Arabic Persons","description":"Speaks other language Arabic Persons.","stype":"ratio","isDimension":false},{"name":"SOL_Assyrian_P","type":"java.lang.Integer","title":"Speaks other language Assyrian Persons","description":"Speaks other language Assyrian Persons.","stype":"ratio","isDimension":false},{"name":"SOL_Aus_Indig_Lang_P","type":"java.lang.Integer","title":"Speaks other language Australian Indigenous Languages Persons","description":"Speaks other language Australian Indigenous Languages Persons.","stype":"ratio","isDimension":false},{"name":"SOL_Chin_lang_Cant_P","type":"java.lang.Integer","title":"Speaks other language Chinese languages Cantonese Persons","description":"Speaks other language Chinese languages Cantonese Persons.","stype":"ratio","isDimension":false},{"name":"SOL_Chin_lang_Mand_P","type":"java.lang.Integer","title":"Speaks other language Chinese languages Mandarin Persons","description":"Speaks other language Chinese languages Mandarin Persons.","stype":"ratio","isDimension":false},{"name":"SOL_Chin_lang_Other_P","type":"java.lang.Integer","title":"Speaks other language Chinese languages Other Persons","description":"Speaks other language Chinese languages Other Persons.","stype":"ratio","isDimension":false},{"name":"SOL_Chin_lang_Tot_P","type":"java.lang.Integer","title":"Speaks other language Chinese languages Total Persons","description":"Speaks other language Chinese languages Total Persons.","stype":"ratio","isDimension":false},{"name":"SOL_Croatian_P","type":"java.lang.Integer","title":"Speaks other language Croatian Persons","description":"Speaks other language Croatian Persons.","stype":"ratio","isDimension":false},{"name":"SOL_Dutch_P","type":"java.lang.Integer","title":"Speaks other language Dutch Persons","description":"Speaks other language Dutch Persons.","stype":"ratio","isDimension":false},{"name":"SOL_French_P","type":"java.lang.Integer","title":"Speaks other language French Persons","description":"Speaks other language French Persons.","stype":"ratio","isDimension":false},{"name":"SOL_German_P","type":"java.lang.Integer","title":"Speaks other language German Persons","description":"Speaks other language German Persons.","stype":"ratio","isDimension":false},{"name":"SOL_Greek_P","type":"java.lang.Integer","title":"Speaks other language Greek Persons","description":"Speaks other language Greek Persons.","stype":"ratio","isDimension":false},{"name":"SOL_Hungarian_P","type":"java.lang.Integer","title":"Speaks other language Hungarian Persons","description":"Speaks other language Hungarian Persons.","stype":"ratio","isDimension":false},{"name":"SOL_In_Ar_Lang_Beng_P","type":"java.lang.Integer","title":"Speaks other language Indo Aryan Languages Bengali Persons","description":"Speaks other language Indo Aryan Languages Bengali Persons.","stype":"ratio","isDimension":false},{"name":"SOL_In_Ar_Lang_Hind_P","type":"java.lang.Integer","title":"Speaks other language Indo Aryan Languages Hindi Persons","description":"Speaks other language Indo Aryan Languages Hindi Persons.","stype":"ratio","isDimension":false},{"name":"SOL_In_Ar_Lang_Punj_P","type":"java.lang.Integer","title":"Speaks other language Indo Aryan Languages Punjabi Persons","description":"Speaks other language Indo Aryan Languages Punjabi Persons.","stype":"ratio","isDimension":false},{"name":"SOL_In_Ar_Lang_Sinh_P","type":"java.lang.Integer","title":"Speaks other language Indo Aryan Languages Sinhalese Persons","description":"Speaks other language Indo Aryan Languages Sinhalese Persons.","stype":"ratio","isDimension":false},{"name":"SOL_In_Ar_Lang_Urdu_P","type":"java.lang.Integer","title":"Speaks other language Indo Aryan Languages Urdu Persons","description":"Speaks other language Indo Aryan Languages Urdu Persons.","stype":"ratio","isDimension":false},{"name":"SOL_In_Ar_Lang_Othr_P","type":"java.lang.Integer","title":"Speaks other language Indo Aryan Languages Other Persons","description":"Speaks other language Indo Aryan Languages Other Persons.","stype":"ratio","isDimension":false},{"name":"SOL_In_Ar_Lang_Tot_P","type":"java.lang.Integer","title":"Speaks other language Indo Aryan Languages Total Persons","description":"Speaks other language Indo Aryan Languages Total Persons.","stype":"ratio","isDimension":false},{"name":"SOL_Ir_Lang_Dari_P","type":"java.lang.Integer","title":"Speaks other language Iranic Languages Dari Persons","description":"Speaks other language Iranic Languages Dari Persons.","stype":"ratio","isDimension":false},{"name":"SOL_Ir_La_Pe_excl_Da_P","type":"java.lang.Integer","title":"Speaks other language Iranic Languages Persian excluding Dari Persons","description":"Speaks other language Iranic Languages Persian excluding Dari Persons.","stype":"ratio","isDimension":false},{"name":"SOL_Irani_Lan_Othr_P","type":"java.lang.Integer","title":"Speaks other language Iranic Languages Other Persons","description":"Speaks other language Iranic Languages Other Persons.","stype":"ratio","isDimension":false},{"name":"SOL_Iran_Lan_Tot_P","type":"java.lang.Integer","title":"Speaks other language Iranic Languages Total Persons","description":"Speaks other language Iranic Languages Total Persons.","stype":"ratio","isDimension":false},{"name":"SOL_Italian_P","type":"java.lang.Integer","title":"Speaks other language Italian Persons","description":"Speaks other language Italian Persons.","stype":"ratio","isDimension":false},{"name":"SOL_Japanese_P","type":"java.lang.Integer","title":"Speaks other language Japanese Persons","description":"Speaks other language Japanese Persons.","stype":"ratio","isDimension":false},{"name":"SOL_Khmer_P","type":"java.lang.Integer","title":"Speaks other language Khmer Persons","description":"Speaks other language Khmer Persons.","stype":"ratio","isDimension":false},{"name":"SOL_Korean_P","type":"java.lang.Integer","title":"Speaks other language Korean Persons","description":"Speaks other language Korean Persons.","stype":"ratio","isDimension":false},{"name":"SOL_Macedonian_P","type":"java.lang.Integer","title":"Speaks other language Macedonian Persons","description":"Speaks other language Macedonian Persons.","stype":"ratio","isDimension":false},{"name":"SOL_Maltese_P","type":"java.lang.Integer","title":"Speaks other language Maltese Persons","description":"Speaks other language Maltese Persons.","stype":"ratio","isDimension":false},{"name":"SOL_Polish_P","type":"java.lang.Integer","title":"Speaks other language Polish Persons","description":"Speaks other language Polish Persons.","stype":"ratio","isDimension":false},{"name":"SOL_Portuguese_P","type":"java.lang.Integer","title":"Speaks other language Portuguese Persons","description":"Speaks other language Portuguese Persons.","stype":"ratio","isDimension":false},{"name":"SOL_Russian_P","type":"java.lang.Integer","title":"Speaks other language Russian Persons","description":"Speaks other language Russian Persons.","stype":"ratio","isDimension":false},{"name":"SOL_Samoan_P","type":"java.lang.Integer","title":"Speaks other language Samoan Persons","description":"Speaks other language Samoan Persons.","stype":"ratio","isDimension":false},{"name":"SOL_Serbian_P","type":"java.lang.Integer","title":"Speaks other language Serbian Persons","description":"Speaks other language Serbian Persons.","stype":"ratio","isDimension":false},{"name":"SOL_Se_As_A_L_Filipino_P","type":"java.lang.Integer","title":"Speaks other language Southeast Asian Austronesian Languages Filipino Persons","description":"Speaks other language Southeast Asian Austronesian Languages Filipino Persons.","stype":"ratio","isDimension":false},{"name":"SOL_Se_As_A_L_Indon_P","type":"java.lang.Integer","title":"Speaks other language Southeast Asian Austronesian Languages Indonesian Persons","description":"Speaks other language Southeast Asian Austronesian Languages Indonesian Persons.","stype":"ratio","isDimension":false},{"name":"SOL_Se_As_A_L_Tagal_P","type":"java.lang.Integer","title":"Speaks other language Southeast Asian Austronesian Languages Tagalog Persons","description":"Speaks other language Southeast Asian Austronesian Languages Tagalog Persons.","stype":"ratio","isDimension":false},{"name":"SOL_Se_As_A_L_Othr_P","type":"java.lang.Integer","title":"Speaks other language Southeast Asian Austronesian Languages Other Persons","description":"Speaks other language Southeast Asian Austronesian Languages Other Persons.","stype":"ratio","isDimension":false},{"name":"SOL_Se_As_A_L_Tot_P","type":"java.lang.Integer","title":"Speaks other language Southeast Asian Austronesian Languages Total Persons","description":"Speaks other language Southeast Asian Austronesian Languages Total Persons.","stype":"ratio","isDimension":false},{"name":"SOL_Spanish_P","type":"java.lang.Integer","title":"Speaks other language Spanish Persons","description":"Speaks other language Spanish Persons.","stype":"ratio","isDimension":false},{"name":"SOL_Tamil_P","type":"java.lang.Integer","title":"Speaks other language Tamil Persons","description":"Speaks other language Tamil Persons.","stype":"ratio","isDimension":false},{"name":"SOL_Thai_P","type":"java.lang.Integer","title":"Speaks other language Thai Persons","description":"Speaks other language Thai Persons.","stype":"ratio","isDimension":false},{"name":"SOL_Turkish_P","type":"java.lang.Integer","title":"Speaks other language Turkish Persons","description":"Speaks other language Turkish Persons.","stype":"ratio","isDimension":false},{"name":"SOL_Vietnamese_P","type":"java.lang.Integer","title":"Speaks other language Vietnamese Persons","description":"Speaks other language Vietnamese Persons.","stype":"ratio","isDimension":false}],"filter":{"filterType":"tabular","feature":{"key":"SA1_MAIN11","geoLevel":"sa1","geoField":"ignored","year":"2006","featureBbox":[149.16637670399996,-21.152324509999996,149.19903103999997,-21.13412300749999],"featureType":"ssc2011","featureInstance":"30988","featureName":"Mackay","referenceSystemIdentifier":"urn:x-ogc:def:crs:EPSG:4283","prefix":"","keyTransform":null},"states":["3"]}}