{"type":"FeatureCollection","bbox":[0.0,0.0,-1.0,-1.0],"features":[{"type":"Feature","properties":{"HI_2500_2999_Tot":16,"HI_600_799_Tot":8,"HI_4000_more_Tot":8,"HI_3500_3999_Tot":4,"Negative_Nil_income_Tot":0,"HI_1500_1999_Tot":20,"Tot_Tot":191,"HI_1_199_Tot":7,"HI_400_599_Tot":13,"HI_800_999_Tot":7,"HI_300_399_Tot":22,"HI_2000_2499_Tot":12,"HI_3000_3499_Tot":8,"HI_200_299_Tot":13,"HI_1000_1249_Tot":22,"HI_1250_1499_Tot":8,"SA1_MAIN11":"31202134606"},"id":"b28_aust_sa1.31202134606"},{"type":"Feature","properties":{"HI_2500_2999_Tot":12,"HI_600_799_Tot":6,"HI_4000_more_Tot":4,"HI_3500_3999_Tot":3,"Negative_Nil_income_Tot":3,"HI_1500_1999_Tot":19,"Tot_Tot":158,"HI_1_199_Tot":0,"HI_400_599_Tot":11,"HI_800_999_Tot":14,"HI_300_399_Tot":5,"HI_2000_2499_Tot":9,"HI_3000_3499_Tot":6,"HI_200_299_Tot":11,"HI_1000_1249_Tot":17,"HI_1250_1499_Tot":15,"SA1_MAIN11":"31202134601"},"id":"b28_aust_sa1.31202134601"},{"type":"Feature","properties":{"HI_2500_2999_Tot":5,"HI_600_799_Tot":11,"HI_4000_more_Tot":4,"HI_3500_3999_Tot":3,"Negative_Nil_income_Tot":0,"HI_1500_1999_Tot":32,"Tot_Tot":149,"HI_1_199_Tot":3,"HI_400_599_Tot":13,"HI_800_999_Tot":7,"HI_300_399_Tot":15,"HI_2000_2499_Tot":7,"HI_3000_3499_Tot":3,"HI_200_299_Tot":0,"HI_1000_1249_Tot":15,"HI_1250_1499_Tot":11,"SA1_MAIN11":"31202134602"},"id":"b28_aust_sa1.31202134602"},{"type":"Feature","properties":{"HI_2500_2999_Tot":6,"HI_600_799_Tot":14,"HI_4000_more_Tot":9,"HI_3500_3999_Tot":4,"Negative_Nil_income_Tot":3,"HI_1500_1999_Tot":8,"Tot_Tot":133,"HI_1_199_Tot":0,"HI_400_599_Tot":12,"HI_800_999_Tot":7,"HI_300_399_Tot":13,"HI_2000_2499_Tot":4,"HI_3000_3499_Tot":0,"HI_200_299_Tot":11,"HI_1000_1249_Tot":15,"HI_1250_1499_Tot":8,"SA1_MAIN11":"31202134603"},"id":"b28_aust_sa1.31202134603"},{"type":"Feature","properties":{"HI_2500_2999_Tot":5,"HI_600_799_Tot":15,"HI_4000_more_Tot":3,"HI_3500_3999_Tot":6,"Negative_Nil_income_Tot":0,"HI_1500_1999_Tot":12,"Tot_Tot":148,"HI_1_199_Tot":3,"HI_400_599_Tot":13,"HI_800_999_Tot":9,"HI_300_399_Tot":10,"HI_2000_2499_Tot":14,"HI_3000_3499_Tot":6,"HI_200_299_Tot":6,"HI_1000_1249_Tot":15,"HI_1250_1499_Tot":9,"SA1_MAIN11":"31202134604"},"id":"b28_aust_sa1.31202134604"},{"type":"Feature","properties":{"HI_2500_2999_Tot":10,"HI_600_799_Tot":19,"HI_4000_more_Tot":3,"HI_3500_3999_Tot":0,"Negative_Nil_income_Tot":4,"HI_1500_1999_Tot":17,"Tot_Tot":185,"HI_1_199_Tot":0,"HI_400_599_Tot":18,"HI_800_999_Tot":13,"HI_300_399_Tot":25,"HI_2000_2499_Tot":11,"HI_3000_3499_Tot":12,"HI_200_299_Tot":12,"HI_1000_1249_Tot":5,"HI_1250_1499_Tot":11,"SA1_MAIN11":"31202134605"},"id":"b28_aust_sa1.31202134605"},{"type":"Feature","properties":{"HI_2500_2999_Tot":13,"HI_600_799_Tot":19,"HI_4000_more_Tot":4,"HI_3500_3999_Tot":4,"Negative_Nil_income_Tot":3,"HI_1500_1999_Tot":30,"Tot_Tot":237,"HI_1_199_Tot":4,"HI_400_599_Tot":21,"HI_800_999_Tot":11,"HI_300_399_Tot":22,"HI_2000_2499_Tot":21,"HI_3000_3499_Tot":6,"HI_200_299_Tot":10,"HI_1000_1249_Tot":25,"HI_1250_1499_Tot":12,"SA1_MAIN11":"31202134607"},"id":"b28_aust_sa1.31202134607"},{"type":"Feature","properties":{"HI_2500_2999_Tot":14,"HI_600_799_Tot":10,"HI_4000_more_Tot":5,"HI_3500_3999_Tot":0,"Negative_Nil_income_Tot":0,"HI_1500_1999_Tot":34,"Tot_Tot":199,"HI_1_199_Tot":3,"HI_400_599_Tot":18,"HI_800_999_Tot":17,"HI_300_399_Tot":15,"HI_2000_2499_Tot":18,"HI_3000_3499_Tot":6,"HI_200_299_Tot":7,"HI_1000_1249_Tot":18,"HI_1250_1499_Tot":12,"SA1_MAIN11":"31202134608"},"id":"b28_aust_sa1.31202134608"},{"type":"Feature","properties":{"HI_2500_2999_Tot":4,"HI_600_799_Tot":6,"HI_4000_more_Tot":3,"HI_3500_3999_Tot":0,"Negative_Nil_income_Tot":0,"HI_1500_1999_Tot":10,"Tot_Tot":64,"HI_1_199_Tot":0,"HI_400_599_Tot":6,"HI_800_999_Tot":9,"HI_300_399_Tot":3,"HI_2000_2499_Tot":3,"HI_3000_3499_Tot":3,"HI_200_299_Tot":3,"HI_1000_1249_Tot":8,"HI_1250_1499_Tot":3,"SA1_MAIN11":"31202134609"},"id":"b28_aust_sa1.31202134609"},{"type":"Feature","properties":{"HI_2500_2999_Tot":19,"HI_600_799_Tot":11,"HI_4000_more_Tot":9,"HI_3500_3999_Tot":3,"Negative_Nil_income_Tot":0,"HI_1500_1999_Tot":10,"Tot_Tot":128,"HI_1_199_Tot":3,"HI_400_599_Tot":5,"HI_800_999_Tot":9,"HI_300_399_Tot":4,"HI_2000_2499_Tot":8,"HI_3000_3499_Tot":12,"HI_200_299_Tot":3,"HI_1000_1249_Tot":8,"HI_1250_1499_Tot":11,"SA1_MAIN11":"31202134610"},"id":"b28_aust_sa1.31202134610"}]}