{"type":"FeatureCollection","bbox":[0.0,0.0,-1.0,-1.0],"features":[{"type":"Feature","properties":{"internet_tt_1_no_6_11_6_11":1638.0,"internet_no_2_denom_6_11_6_11":1787.0,"area_code":801041034,"internet_ot_1_no_6_11_6_11":70.0,"internet_du_1_no_6_11_6_11":60.0,"internet_bb_1_no_6_11_6_11":1508.0,"internet_no_1_no_6_11_6_11":120.0},"id":"sa2_internetaccessathome.801041034"},{"type":"Feature","properties":{"internet_tt_1_no_6_11_6_11":1015.0,"internet_no_2_denom_6_11_6_11":1215.0,"area_code":801081095,"internet_ot_1_no_6_11_6_11":42.0,"internet_du_1_no_6_11_6_11":45.0,"internet_bb_1_no_6_11_6_11":928.0,"internet_no_1_no_6_11_6_11":173.0},"id":"sa2_internetaccessathome.801081095"},{"type":"Feature","properties":{"internet_tt_1_no_6_11_6_11":628.0,"internet_no_2_denom_6_11_6_11":753.0,"area_code":801081096,"internet_ot_1_no_6_11_6_11":30.0,"internet_du_1_no_6_11_6_11":21.0,"internet_bb_1_no_6_11_6_11":577.0,"internet_no_1_no_6_11_6_11":115.0},"id":"sa2_internetaccessathome.801081096"},{"type":"Feature","properties":{"internet_tt_1_no_6_11_6_11":825.0,"internet_no_2_denom_6_11_6_11":1031.0,"area_code":801081097,"internet_ot_1_no_6_11_6_11":54.0,"internet_du_1_no_6_11_6_11":33.0,"internet_bb_1_no_6_11_6_11":738.0,"internet_no_1_no_6_11_6_11":177.0},"id":"sa2_internetaccessathome.801081097"},{"type":"Feature","properties":{"internet_tt_1_no_6_11_6_11":949.0,"internet_no_2_denom_6_11_6_11":1158.0,"area_code":801011014,"internet_ot_1_no_6_11_6_11":53.0,"internet_du_1_no_6_11_6_11":37.0,"internet_bb_1_no_6_11_6_11":859.0,"internet_no_1_no_6_11_6_11":174.0},"id":"sa2_internetaccessathome.801011014"},{"type":"Feature","properties":{"internet_tt_1_no_6_11_6_11":1580.0,"internet_no_2_denom_6_11_6_11":1976.0,"area_code":801011015,"internet_ot_1_no_6_11_6_11":81.0,"internet_du_1_no_6_11_6_11":61.0,"internet_bb_1_no_6_11_6_11":1438.0,"internet_no_1_no_6_11_6_11":335.0},"id":"sa2_internetaccessathome.801011015"},{"type":"Feature","properties":{"internet_tt_1_no_6_11_6_11":1059.0,"internet_no_2_denom_6_11_6_11":1248.0,"area_code":801081098,"internet_ot_1_no_6_11_6_11":42.0,"internet_du_1_no_6_11_6_11":36.0,"internet_bb_1_no_6_11_6_11":981.0,"internet_no_1_no_6_11_6_11":159.0},"id":"sa2_internetaccessathome.801081098"},{"type":"Feature","properties":{"internet_tt_1_no_6_11_6_11":834.0,"internet_no_2_denom_6_11_6_11":990.0,"area_code":801091099,"internet_ot_1_no_6_11_6_11":51.0,"internet_du_1_no_6_11_6_11":34.0,"internet_bb_1_no_6_11_6_11":749.0,"internet_no_1_no_6_11_6_11":133.0},"id":"sa2_internetaccessathome.801091099"},{"type":"Feature","properties":{"internet_tt_1_no_6_11_6_11":1765.0,"internet_no_2_denom_6_11_6_11":2007.0,"area_code":801041048,"internet_ot_1_no_6_11_6_11":103.0,"internet_du_1_no_6_11_6_11":71.0,"internet_bb_1_no_6_11_6_11":1591.0,"internet_no_1_no_6_11_6_11":201.0},"id":"sa2_internetaccessathome.801041048"},{"type":"Feature","properties":{"internet_tt_1_no_6_11_6_11":1544.0,"internet_no_2_denom_6_11_6_11":1950.0,"area_code":801051050,"internet_ot_1_no_6_11_6_11":74.0,"internet_du_1_no_6_11_6_11":45.0,"internet_bb_1_no_6_11_6_11":1425.0,"internet_no_1_no_6_11_6_11":350.0},"id":"sa2_internetaccessathome.801051050"},{"type":"Feature","properties":{"internet_tt_1_no_6_11_6_11":1613.0,"internet_no_2_denom_6_11_6_11":1984.0,"area_code":801051051,"internet_ot_1_no_6_11_6_11":142.0,"internet_du_1_no_6_11_6_11":48.0,"internet_bb_1_no_6_11_6_11":1423.0,"internet_no_1_no_6_11_6_11":283.0},"id":"sa2_internetaccessathome.801051051"},{"type":"Feature","properties":{"internet_tt_1_no_6_11_6_11":729.0,"internet_no_2_denom_6_11_6_11":800.0,"area_code":801051053,"internet_ot_1_no_6_11_6_11":67.0,"internet_du_1_no_6_11_6_11":15.0,"internet_bb_1_no_6_11_6_11":647.0,"internet_no_1_no_6_11_6_11":63.0},"id":"sa2_internetaccessathome.801051053"},{"type":"Feature","properties":{"internet_tt_1_no_6_11_6_11":685.0,"internet_no_2_denom_6_11_6_11":856.0,"area_code":801051054,"internet_ot_1_no_6_11_6_11":57.0,"internet_du_1_no_6_11_6_11":30.0,"internet_bb_1_no_6_11_6_11":598.0,"internet_no_1_no_6_11_6_11":155.0},"id":"sa2_internetaccessathome.801051054"},{"type":"Feature","properties":{"internet_tt_1_no_6_11_6_11":1108.0,"internet_no_2_denom_6_11_6_11":1380.0,"area_code":801051055,"internet_ot_1_no_6_11_6_11":70.0,"internet_du_1_no_6_11_6_11":41.0,"internet_bb_1_no_6_11_6_11":997.0,"internet_no_1_no_6_11_6_11":236.0},"id":"sa2_internetaccessathome.801051055"},{"type":"Feature","properties":{"internet_tt_1_no_6_11_6_11":746.0,"internet_no_2_denom_6_11_6_11":844.0,"area_code":801011001,"internet_ot_1_no_6_11_6_11":25.0,"internet_du_1_no_6_11_6_11":37.0,"internet_bb_1_no_6_11_6_11":684.0,"internet_no_1_no_6_11_6_11":75.0},"id":"sa2_internetaccessathome.801011001"},{"type":"Feature","properties":{"internet_tt_1_no_6_11_6_11":0.0,"internet_no_2_denom_6_11_6_11":0.0,"area_code":801061068,"internet_ot_1_no_6_11_6_11":0.0,"internet_du_1_no_6_11_6_11":0.0,"internet_bb_1_no_6_11_6_11":0.0,"internet_no_1_no_6_11_6_11":0.0},"id":"sa2_internetaccessathome.801061068"},{"type":"Feature","properties":{"internet_tt_1_no_6_11_6_11":904.0,"internet_no_2_denom_6_11_6_11":1082.0,"area_code":801091103,"internet_ot_1_no_6_11_6_11":44.0,"internet_du_1_no_6_11_6_11":32.0,"internet_bb_1_no_6_11_6_11":828.0,"internet_no_1_no_6_11_6_11":160.0},"id":"sa2_internetaccessathome.801091103"},{"type":"Feature","properties":{"internet_tt_1_no_6_11_6_11":716.0,"internet_no_2_denom_6_11_6_11":839.0,"area_code":801091110,"internet_ot_1_no_6_11_6_11":16.0,"internet_du_1_no_6_11_6_11":19.0,"internet_bb_1_no_6_11_6_11":681.0,"internet_no_1_no_6_11_6_11":101.0},"id":"sa2_internetaccessathome.801091110"},{"type":"Feature","properties":{"internet_tt_1_no_6_11_6_11":1762.0,"internet_no_2_denom_6_11_6_11":2006.0,"area_code":801071073,"internet_ot_1_no_6_11_6_11":79.0,"internet_du_1_no_6_11_6_11":60.0,"internet_bb_1_no_6_11_6_11":1623.0,"internet_no_1_no_6_11_6_11":194.0},"id":"sa2_internetaccessathome.801071073"},{"type":"Feature","properties":{"internet_tt_1_no_6_11_6_11":686.0,"internet_no_2_denom_6_11_6_11":741.0,"area_code":801041038,"internet_ot_1_no_6_11_6_11":42.0,"internet_du_1_no_6_11_6_11":4.0,"internet_bb_1_no_6_11_6_11":640.0,"internet_no_1_no_6_11_6_11":41.0},"id":"sa2_internetaccessathome.801041038"},{"type":"Feature","properties":{"internet_tt_1_no_6_11_6_11":486.0,"internet_no_2_denom_6_11_6_11":536.0,"area_code":801061063,"internet_ot_1_no_6_11_6_11":14.0,"internet_du_1_no_6_11_6_11":8.0,"internet_bb_1_no_6_11_6_11":464.0,"internet_no_1_no_6_11_6_11":36.0},"id":"sa2_internetaccessathome.801061063"},{"type":"Feature","properties":{"internet_tt_1_no_6_11_6_11":4877.0,"internet_no_2_denom_6_11_6_11":5653.0,"area_code":801071082,"internet_ot_1_no_6_11_6_11":171.0,"internet_du_1_no_6_11_6_11":200.0,"internet_bb_1_no_6_11_6_11":4506.0,"internet_no_1_no_6_11_6_11":647.0},"id":"sa2_internetaccessathome.801071082"},{"type":"Feature","properties":{"internet_tt_1_no_6_11_6_11":89.0,"internet_no_2_denom_6_11_6_11":104.0,"area_code":801041043,"internet_ot_1_no_6_11_6_11":0.0,"internet_du_1_no_6_11_6_11":5.0,"internet_bb_1_no_6_11_6_11":84.0,"internet_no_1_no_6_11_6_11":12.0},"id":"sa2_internetaccessathome.801041043"},{"type":"Feature","properties":{"internet_tt_1_no_6_11_6_11":1170.0,"internet_no_2_denom_6_11_6_11":1247.0,"area_code":801041039,"internet_ot_1_no_6_11_6_11":71.0,"internet_du_1_no_6_11_6_11":21.0,"internet_bb_1_no_6_11_6_11":1078.0,"internet_no_1_no_6_11_6_11":41.0},"id":"sa2_internetaccessathome.801041039"},{"type":"Feature","properties":{"internet_tt_1_no_6_11_6_11":2181.0,"internet_no_2_denom_6_11_6_11":2567.0,"area_code":801011016,"internet_ot_1_no_6_11_6_11":74.0,"internet_du_1_no_6_11_6_11":97.0,"internet_bb_1_no_6_11_6_11":2010.0,"internet_no_1_no_6_11_6_11":322.0},"id":"sa2_internetaccessathome.801011016"},{"type":"Feature","properties":{"internet_tt_1_no_6_11_6_11":832.0,"internet_no_2_denom_6_11_6_11":1022.0,"area_code":801011020,"internet_ot_1_no_6_11_6_11":49.0,"internet_du_1_no_6_11_6_11":31.0,"internet_bb_1_no_6_11_6_11":752.0,"internet_no_1_no_6_11_6_11":161.0},"id":"sa2_internetaccessathome.801011020"},{"type":"Feature","properties":{"internet_tt_1_no_6_11_6_11":1620.0,"internet_no_2_denom_6_11_6_11":1917.0,"area_code":801011002,"internet_ot_1_no_6_11_6_11":145.0,"internet_du_1_no_6_11_6_11":62.0,"internet_bb_1_no_6_11_6_11":1413.0,"internet_no_1_no_6_11_6_11":244.0},"id":"sa2_internetaccessathome.801011002"},{"type":"Feature","properties":{"internet_tt_1_no_6_11_6_11":1741.0,"internet_no_2_denom_6_11_6_11":1894.0,"area_code":801011003,"internet_ot_1_no_6_11_6_11":140.0,"internet_du_1_no_6_11_6_11":38.0,"internet_bb_1_no_6_11_6_11":1563.0,"internet_no_1_no_6_11_6_11":111.0},"id":"sa2_internetaccessathome.801011003"},{"type":"Feature","properties":{"internet_tt_1_no_6_11_6_11":902.0,"internet_no_2_denom_6_11_6_11":1139.0,"area_code":801011004,"internet_ot_1_no_6_11_6_11":55.0,"internet_du_1_no_6_11_6_11":42.0,"internet_bb_1_no_6_11_6_11":805.0,"internet_no_1_no_6_11_6_11":200.0},"id":"sa2_internetaccessathome.801011004"},{"type":"Feature","properties":{"internet_tt_1_no_6_11_6_11":1034.0,"internet_no_2_denom_6_11_6_11":1213.0,"area_code":801011005,"internet_ot_1_no_6_11_6_11":40.0,"internet_du_1_no_6_11_6_11":44.0,"internet_bb_1_no_6_11_6_11":950.0,"internet_no_1_no_6_11_6_11":150.0},"id":"sa2_internetaccessathome.801011005"},{"type":"Feature","properties":{"internet_tt_1_no_6_11_6_11":2132.0,"internet_no_2_denom_6_11_6_11":2367.0,"area_code":801011006,"internet_ot_1_no_6_11_6_11":98.0,"internet_du_1_no_6_11_6_11":71.0,"internet_bb_1_no_6_11_6_11":1963.0,"internet_no_1_no_6_11_6_11":174.0},"id":"sa2_internetaccessathome.801011006"},{"type":"Feature","properties":{"internet_tt_1_no_6_11_6_11":1540.0,"internet_no_2_denom_6_11_6_11":1819.0,"area_code":801011008,"internet_ot_1_no_6_11_6_11":62.0,"internet_du_1_no_6_11_6_11":65.0,"internet_bb_1_no_6_11_6_11":1413.0,"internet_no_1_no_6_11_6_11":239.0},"id":"sa2_internetaccessathome.801011008"},{"type":"Feature","properties":{"internet_tt_1_no_6_11_6_11":1673.0,"internet_no_2_denom_6_11_6_11":1901.0,"area_code":801011007,"internet_ot_1_no_6_11_6_11":56.0,"internet_du_1_no_6_11_6_11":67.0,"internet_bb_1_no_6_11_6_11":1550.0,"internet_no_1_no_6_11_6_11":180.0},"id":"sa2_internetaccessathome.801011007"},{"type":"Feature","properties":{"internet_tt_1_no_6_11_6_11":978.0,"internet_no_2_denom_6_11_6_11":1113.0,"area_code":801011013,"internet_ot_1_no_6_11_6_11":42.0,"internet_du_1_no_6_11_6_11":38.0,"internet_bb_1_no_6_11_6_11":898.0,"internet_no_1_no_6_11_6_11":106.0},"id":"sa2_internetaccessathome.801011013"},{"type":"Feature","properties":{"internet_tt_1_no_6_11_6_11":1020.0,"internet_no_2_denom_6_11_6_11":1143.0,"area_code":801011009,"internet_ot_1_no_6_11_6_11":37.0,"internet_du_1_no_6_11_6_11":26.0,"internet_bb_1_no_6_11_6_11":957.0,"internet_no_1_no_6_11_6_11":103.0},"id":"sa2_internetaccessathome.801011009"},{"type":"Feature","properties":{"internet_tt_1_no_6_11_6_11":672.0,"internet_no_2_denom_6_11_6_11":728.0,"area_code":801011010,"internet_ot_1_no_6_11_6_11":18.0,"internet_du_1_no_6_11_6_11":22.0,"internet_bb_1_no_6_11_6_11":632.0,"internet_no_1_no_6_11_6_11":47.0},"id":"sa2_internetaccessathome.801011010"},{"type":"Feature","properties":{"internet_tt_1_no_6_11_6_11":1015.0,"internet_no_2_denom_6_11_6_11":1167.0,"area_code":801011011,"internet_ot_1_no_6_11_6_11":42.0,"internet_du_1_no_6_11_6_11":41.0,"internet_bb_1_no_6_11_6_11":932.0,"internet_no_1_no_6_11_6_11":127.0},"id":"sa2_internetaccessathome.801011011"},{"type":"Feature","properties":{"internet_tt_1_no_6_11_6_11":0.0,"internet_no_2_denom_6_11_6_11":0.0,"area_code":801011012,"internet_ot_1_no_6_11_6_11":0.0,"internet_du_1_no_6_11_6_11":0.0,"internet_bb_1_no_6_11_6_11":0.0,"internet_no_1_no_6_11_6_11":0.0},"id":"sa2_internetaccessathome.801011012"},{"type":"Feature","properties":{"internet_tt_1_no_6_11_6_11":1150.0,"internet_no_2_denom_6_11_6_11":1315.0,"area_code":801011017,"internet_ot_1_no_6_11_6_11":55.0,"internet_du_1_no_6_11_6_11":52.0,"internet_bb_1_no_6_11_6_11":1043.0,"internet_no_1_no_6_11_6_11":140.0},"id":"sa2_internetaccessathome.801011017"},{"type":"Feature","properties":{"internet_tt_1_no_6_11_6_11":925.0,"internet_no_2_denom_6_11_6_11":1105.0,"area_code":801011024,"internet_ot_1_no_6_11_6_11":58.0,"internet_du_1_no_6_11_6_11":31.0,"internet_bb_1_no_6_11_6_11":836.0,"internet_no_1_no_6_11_6_11":156.0},"id":"sa2_internetaccessathome.801011024"},{"type":"Feature","properties":{"internet_tt_1_no_6_11_6_11":0.0,"internet_no_2_denom_6_11_6_11":0.0,"area_code":801011018,"internet_ot_1_no_6_11_6_11":0.0,"internet_du_1_no_6_11_6_11":0.0,"internet_bb_1_no_6_11_6_11":0.0,"internet_no_1_no_6_11_6_11":0.0},"id":"sa2_internetaccessathome.801011018"},{"type":"Feature","properties":{"internet_tt_1_no_6_11_6_11":1760.0,"internet_no_2_denom_6_11_6_11":1978.0,"area_code":801011019,"internet_ot_1_no_6_11_6_11":101.0,"internet_du_1_no_6_11_6_11":53.0,"internet_bb_1_no_6_11_6_11":1606.0,"internet_no_1_no_6_11_6_11":176.0},"id":"sa2_internetaccessathome.801011019"},{"type":"Feature","properties":{"internet_tt_1_no_6_11_6_11":829.0,"internet_no_2_denom_6_11_6_11":950.0,"area_code":801011021,"internet_ot_1_no_6_11_6_11":18.0,"internet_du_1_no_6_11_6_11":26.0,"internet_bb_1_no_6_11_6_11":785.0,"internet_no_1_no_6_11_6_11":97.0},"id":"sa2_internetaccessathome.801011021"},{"type":"Feature","properties":{"internet_tt_1_no_6_11_6_11":777.0,"internet_no_2_denom_6_11_6_11":881.0,"area_code":801011026,"internet_ot_1_no_6_11_6_11":25.0,"internet_du_1_no_6_11_6_11":18.0,"internet_bb_1_no_6_11_6_11":734.0,"internet_no_1_no_6_11_6_11":86.0},"id":"sa2_internetaccessathome.801011026"},{"type":"Feature","properties":{"internet_tt_1_no_6_11_6_11":131.0,"internet_no_2_denom_6_11_6_11":162.0,"area_code":801021027,"internet_ot_1_no_6_11_6_11":7.0,"internet_du_1_no_6_11_6_11":8.0,"internet_bb_1_no_6_11_6_11":116.0,"internet_no_1_no_6_11_6_11":28.0},"id":"sa2_internetaccessathome.801021027"},{"type":"Feature","properties":{"internet_tt_1_no_6_11_6_11":6.0,"internet_no_2_denom_6_11_6_11":9.0,"area_code":801021028,"internet_ot_1_no_6_11_6_11":0.0,"internet_du_1_no_6_11_6_11":0.0,"internet_bb_1_no_6_11_6_11":6.0,"internet_no_1_no_6_11_6_11":3.0},"id":"sa2_internetaccessathome.801021028"},{"type":"Feature","properties":{"internet_tt_1_no_6_11_6_11":7.0,"internet_no_2_denom_6_11_6_11":10.0,"area_code":801021029,"internet_ot_1_no_6_11_6_11":0.0,"internet_du_1_no_6_11_6_11":0.0,"internet_bb_1_no_6_11_6_11":7.0,"internet_no_1_no_6_11_6_11":3.0},"id":"sa2_internetaccessathome.801021029"},{"type":"Feature","properties":{"internet_tt_1_no_6_11_6_11":993.0,"internet_no_2_denom_6_11_6_11":1151.0,"area_code":801011022,"internet_ot_1_no_6_11_6_11":27.0,"internet_du_1_no_6_11_6_11":44.0,"internet_bb_1_no_6_11_6_11":922.0,"internet_no_1_no_6_11_6_11":133.0},"id":"sa2_internetaccessathome.801011022"},{"type":"Feature","properties":{"internet_tt_1_no_6_11_6_11":875.0,"internet_no_2_denom_6_11_6_11":1119.0,"area_code":801011023,"internet_ot_1_no_6_11_6_11":37.0,"internet_du_1_no_6_11_6_11":31.0,"internet_bb_1_no_6_11_6_11":807.0,"internet_no_1_no_6_11_6_11":212.0},"id":"sa2_internetaccessathome.801011023"},{"type":"Feature","properties":{"internet_tt_1_no_6_11_6_11":3.0,"internet_no_2_denom_6_11_6_11":3.0,"area_code":801031031,"internet_ot_1_no_6_11_6_11":0.0,"internet_du_1_no_6_11_6_11":0.0,"internet_bb_1_no_6_11_6_11":3.0,"internet_no_1_no_6_11_6_11":0.0},"id":"sa2_internetaccessathome.801031031"},{"type":"Feature","properties":{"internet_tt_1_no_6_11_6_11":765.0,"internet_no_2_denom_6_11_6_11":889.0,"area_code":801011025,"internet_ot_1_no_6_11_6_11":36.0,"internet_du_1_no_6_11_6_11":31.0,"internet_bb_1_no_6_11_6_11":698.0,"internet_no_1_no_6_11_6_11":111.0},"id":"sa2_internetaccessathome.801011025"},{"type":"Feature","properties":{"internet_tt_1_no_6_11_6_11":10.0,"internet_no_2_denom_6_11_6_11":10.0,"area_code":801031032,"internet_ot_1_no_6_11_6_11":0.0,"internet_du_1_no_6_11_6_11":0.0,"internet_bb_1_no_6_11_6_11":10.0,"internet_no_1_no_6_11_6_11":0.0},"id":"sa2_internetaccessathome.801031032"},{"type":"Feature","properties":{"internet_tt_1_no_6_11_6_11":86.0,"internet_no_2_denom_6_11_6_11":98.0,"area_code":801031033,"internet_ot_1_no_6_11_6_11":9.0,"internet_du_1_no_6_11_6_11":9.0,"internet_bb_1_no_6_11_6_11":68.0,"internet_no_1_no_6_11_6_11":12.0},"id":"sa2_internetaccessathome.801031033"},{"type":"Feature","properties":{"internet_tt_1_no_6_11_6_11":241.0,"internet_no_2_denom_6_11_6_11":432.0,"area_code":801031030,"internet_ot_1_no_6_11_6_11":13.0,"internet_du_1_no_6_11_6_11":12.0,"internet_bb_1_no_6_11_6_11":216.0,"internet_no_1_no_6_11_6_11":170.0},"id":"sa2_internetaccessathome.801031030"},{"type":"Feature","properties":{"internet_tt_1_no_6_11_6_11":477.0,"internet_no_2_denom_6_11_6_11":519.0,"area_code":801041035,"internet_ot_1_no_6_11_6_11":37.0,"internet_du_1_no_6_11_6_11":7.0,"internet_bb_1_no_6_11_6_11":433.0,"internet_no_1_no_6_11_6_11":31.0},"id":"sa2_internetaccessathome.801041035"},{"type":"Feature","properties":{"internet_tt_1_no_6_11_6_11":493.0,"internet_no_2_denom_6_11_6_11":537.0,"area_code":801041036,"internet_ot_1_no_6_11_6_11":55.0,"internet_du_1_no_6_11_6_11":9.0,"internet_bb_1_no_6_11_6_11":429.0,"internet_no_1_no_6_11_6_11":30.0},"id":"sa2_internetaccessathome.801041036"},{"type":"Feature","properties":{"internet_tt_1_no_6_11_6_11":215.0,"internet_no_2_denom_6_11_6_11":232.0,"area_code":801041037,"internet_ot_1_no_6_11_6_11":17.0,"internet_du_1_no_6_11_6_11":6.0,"internet_bb_1_no_6_11_6_11":192.0,"internet_no_1_no_6_11_6_11":14.0},"id":"sa2_internetaccessathome.801041037"},{"type":"Feature","properties":{"internet_tt_1_no_6_11_6_11":1726.0,"internet_no_2_denom_6_11_6_11":1909.0,"area_code":801041040,"internet_ot_1_no_6_11_6_11":130.0,"internet_du_1_no_6_11_6_11":45.0,"internet_bb_1_no_6_11_6_11":1551.0,"internet_no_1_no_6_11_6_11":138.0},"id":"sa2_internetaccessathome.801041040"},{"type":"Feature","properties":{"internet_tt_1_no_6_11_6_11":3.0,"internet_no_2_denom_6_11_6_11":6.0,"area_code":801041045,"internet_ot_1_no_6_11_6_11":0.0,"internet_du_1_no_6_11_6_11":0.0,"internet_bb_1_no_6_11_6_11":3.0,"internet_no_1_no_6_11_6_11":3.0},"id":"sa2_internetaccessathome.801041045"},{"type":"Feature","properties":{"internet_tt_1_no_6_11_6_11":4.0,"internet_no_2_denom_6_11_6_11":9.0,"area_code":801041041,"internet_ot_1_no_6_11_6_11":0.0,"internet_du_1_no_6_11_6_11":0.0,"internet_bb_1_no_6_11_6_11":4.0,"internet_no_1_no_6_11_6_11":5.0},"id":"sa2_internetaccessathome.801041041"},{"type":"Feature","properties":{"internet_tt_1_no_6_11_6_11":1280.0,"internet_no_2_denom_6_11_6_11":1357.0,"area_code":801041044,"internet_ot_1_no_6_11_6_11":57.0,"internet_du_1_no_6_11_6_11":26.0,"internet_bb_1_no_6_11_6_11":1197.0,"internet_no_1_no_6_11_6_11":52.0},"id":"sa2_internetaccessathome.801041044"},{"type":"Feature","properties":{"internet_tt_1_no_6_11_6_11":0.0,"internet_no_2_denom_6_11_6_11":0.0,"area_code":801041042,"internet_ot_1_no_6_11_6_11":0.0,"internet_du_1_no_6_11_6_11":0.0,"internet_bb_1_no_6_11_6_11":0.0,"internet_no_1_no_6_11_6_11":0.0},"id":"sa2_internetaccessathome.801041042"},{"type":"Feature","properties":{"internet_tt_1_no_6_11_6_11":2003.0,"internet_no_2_denom_6_11_6_11":2192.0,"area_code":801041047,"internet_ot_1_no_6_11_6_11":61.0,"internet_du_1_no_6_11_6_11":56.0,"internet_bb_1_no_6_11_6_11":1886.0,"internet_no_1_no_6_11_6_11":131.0},"id":"sa2_internetaccessathome.801041047"},{"type":"Feature","properties":{"internet_tt_1_no_6_11_6_11":1691.0,"internet_no_2_denom_6_11_6_11":2022.0,"area_code":801051058,"internet_ot_1_no_6_11_6_11":123.0,"internet_du_1_no_6_11_6_11":51.0,"internet_bb_1_no_6_11_6_11":1517.0,"internet_no_1_no_6_11_6_11":287.0},"id":"sa2_internetaccessathome.801051058"},{"type":"Feature","properties":{"internet_tt_1_no_6_11_6_11":525.0,"internet_no_2_denom_6_11_6_11":702.0,"area_code":801051059,"internet_ot_1_no_6_11_6_11":49.0,"internet_du_1_no_6_11_6_11":21.0,"internet_bb_1_no_6_11_6_11":455.0,"internet_no_1_no_6_11_6_11":155.0},"id":"sa2_internetaccessathome.801051059"},{"type":"Feature","properties":{"internet_tt_1_no_6_11_6_11":1433.0,"internet_no_2_denom_6_11_6_11":1665.0,"area_code":801051060,"internet_ot_1_no_6_11_6_11":125.0,"internet_du_1_no_6_11_6_11":45.0,"internet_bb_1_no_6_11_6_11":1263.0,"internet_no_1_no_6_11_6_11":207.0},"id":"sa2_internetaccessathome.801051060"},{"type":"Feature","properties":{"internet_tt_1_no_6_11_6_11":1713.0,"internet_no_2_denom_6_11_6_11":2055.0,"area_code":801051061,"internet_ot_1_no_6_11_6_11":122.0,"internet_du_1_no_6_11_6_11":57.0,"internet_bb_1_no_6_11_6_11":1534.0,"internet_no_1_no_6_11_6_11":301.0},"id":"sa2_internetaccessathome.801051061"},{"type":"Feature","properties":{"internet_tt_1_no_6_11_6_11":2879.0,"internet_no_2_denom_6_11_6_11":3331.0,"area_code":801041046,"internet_ot_1_no_6_11_6_11":204.0,"internet_du_1_no_6_11_6_11":116.0,"internet_bb_1_no_6_11_6_11":2559.0,"internet_no_1_no_6_11_6_11":379.0},"id":"sa2_internetaccessathome.801041046"},{"type":"Feature","properties":{"internet_tt_1_no_6_11_6_11":10.0,"internet_no_2_denom_6_11_6_11":10.0,"area_code":801051049,"internet_ot_1_no_6_11_6_11":0.0,"internet_du_1_no_6_11_6_11":0.0,"internet_bb_1_no_6_11_6_11":10.0,"internet_no_1_no_6_11_6_11":0.0},"id":"sa2_internetaccessathome.801051049"},{"type":"Feature","properties":{"internet_tt_1_no_6_11_6_11":1146.0,"internet_no_2_denom_6_11_6_11":1309.0,"area_code":801051052,"internet_ot_1_no_6_11_6_11":60.0,"internet_du_1_no_6_11_6_11":36.0,"internet_bb_1_no_6_11_6_11":1050.0,"internet_no_1_no_6_11_6_11":135.0},"id":"sa2_internetaccessathome.801051052"},{"type":"Feature","properties":{"internet_tt_1_no_6_11_6_11":942.0,"internet_no_2_denom_6_11_6_11":1156.0,"area_code":801051056,"internet_ot_1_no_6_11_6_11":42.0,"internet_du_1_no_6_11_6_11":46.0,"internet_bb_1_no_6_11_6_11":854.0,"internet_no_1_no_6_11_6_11":189.0},"id":"sa2_internetaccessathome.801051056"},{"type":"Feature","properties":{"internet_tt_1_no_6_11_6_11":1477.0,"internet_no_2_denom_6_11_6_11":1849.0,"area_code":801051057,"internet_ot_1_no_6_11_6_11":136.0,"internet_du_1_no_6_11_6_11":62.0,"internet_bb_1_no_6_11_6_11":1279.0,"internet_no_1_no_6_11_6_11":318.0},"id":"sa2_internetaccessathome.801051057"},{"type":"Feature","properties":{"internet_tt_1_no_6_11_6_11":950.0,"internet_no_2_denom_6_11_6_11":1072.0,"area_code":801071079,"internet_ot_1_no_6_11_6_11":21.0,"internet_du_1_no_6_11_6_11":26.0,"internet_bb_1_no_6_11_6_11":903.0,"internet_no_1_no_6_11_6_11":99.0},"id":"sa2_internetaccessathome.801071079"},{"type":"Feature","properties":{"internet_tt_1_no_6_11_6_11":861.0,"internet_no_2_denom_6_11_6_11":1071.0,"area_code":801061062,"internet_ot_1_no_6_11_6_11":44.0,"internet_du_1_no_6_11_6_11":28.0,"internet_bb_1_no_6_11_6_11":789.0,"internet_no_1_no_6_11_6_11":173.0},"id":"sa2_internetaccessathome.801061062"},{"type":"Feature","properties":{"internet_tt_1_no_6_11_6_11":1407.0,"internet_no_2_denom_6_11_6_11":1684.0,"area_code":801061064,"internet_ot_1_no_6_11_6_11":112.0,"internet_du_1_no_6_11_6_11":48.0,"internet_bb_1_no_6_11_6_11":1247.0,"internet_no_1_no_6_11_6_11":240.0},"id":"sa2_internetaccessathome.801061064"},{"type":"Feature","properties":{"internet_tt_1_no_6_11_6_11":1283.0,"internet_no_2_denom_6_11_6_11":1474.0,"area_code":801071081,"internet_ot_1_no_6_11_6_11":71.0,"internet_du_1_no_6_11_6_11":27.0,"internet_bb_1_no_6_11_6_11":1185.0,"internet_no_1_no_6_11_6_11":147.0},"id":"sa2_internetaccessathome.801071081"},{"type":"Feature","properties":{"internet_tt_1_no_6_11_6_11":1730.0,"internet_no_2_denom_6_11_6_11":1901.0,"area_code":801061065,"internet_ot_1_no_6_11_6_11":156.0,"internet_du_1_no_6_11_6_11":44.0,"internet_bb_1_no_6_11_6_11":1530.0,"internet_no_1_no_6_11_6_11":129.0},"id":"sa2_internetaccessathome.801061065"},{"type":"Feature","properties":{"internet_tt_1_no_6_11_6_11":0.0,"internet_no_2_denom_6_11_6_11":0.0,"area_code":801061066,"internet_ot_1_no_6_11_6_11":0.0,"internet_du_1_no_6_11_6_11":0.0,"internet_bb_1_no_6_11_6_11":0.0,"internet_no_1_no_6_11_6_11":0.0},"id":"sa2_internetaccessathome.801061066"},{"type":"Feature","properties":{"internet_tt_1_no_6_11_6_11":1799.0,"internet_no_2_denom_6_11_6_11":2266.0,"area_code":801061067,"internet_ot_1_no_6_11_6_11":123.0,"internet_du_1_no_6_11_6_11":72.0,"internet_bb_1_no_6_11_6_11":1604.0,"internet_no_1_no_6_11_6_11":393.0},"id":"sa2_internetaccessathome.801061067"},{"type":"Feature","properties":{"internet_tt_1_no_6_11_6_11":923.0,"internet_no_2_denom_6_11_6_11":1105.0,"area_code":801061069,"internet_ot_1_no_6_11_6_11":42.0,"internet_du_1_no_6_11_6_11":42.0,"internet_bb_1_no_6_11_6_11":839.0,"internet_no_1_no_6_11_6_11":152.0},"id":"sa2_internetaccessathome.801061069"},{"type":"Feature","properties":{"internet_tt_1_no_6_11_6_11":968.0,"internet_no_2_denom_6_11_6_11":1133.0,"area_code":801061070,"internet_ot_1_no_6_11_6_11":33.0,"internet_du_1_no_6_11_6_11":31.0,"internet_bb_1_no_6_11_6_11":904.0,"internet_no_1_no_6_11_6_11":143.0},"id":"sa2_internetaccessathome.801061070"},{"type":"Feature","properties":{"internet_tt_1_no_6_11_6_11":1464.0,"internet_no_2_denom_6_11_6_11":1659.0,"area_code":801071071,"internet_ot_1_no_6_11_6_11":62.0,"internet_du_1_no_6_11_6_11":38.0,"internet_bb_1_no_6_11_6_11":1364.0,"internet_no_1_no_6_11_6_11":146.0},"id":"sa2_internetaccessathome.801071071"},{"type":"Feature","properties":{"internet_tt_1_no_6_11_6_11":1200.0,"internet_no_2_denom_6_11_6_11":1381.0,"area_code":801071072,"internet_ot_1_no_6_11_6_11":57.0,"internet_du_1_no_6_11_6_11":41.0,"internet_bb_1_no_6_11_6_11":1102.0,"internet_no_1_no_6_11_6_11":156.0},"id":"sa2_internetaccessathome.801071072"},{"type":"Feature","properties":{"internet_tt_1_no_6_11_6_11":1559.0,"internet_no_2_denom_6_11_6_11":1784.0,"area_code":801071074,"internet_ot_1_no_6_11_6_11":57.0,"internet_du_1_no_6_11_6_11":49.0,"internet_bb_1_no_6_11_6_11":1453.0,"internet_no_1_no_6_11_6_11":178.0},"id":"sa2_internetaccessathome.801071074"},{"type":"Feature","properties":{"internet_tt_1_no_6_11_6_11":1500.0,"internet_no_2_denom_6_11_6_11":1699.0,"area_code":801071075,"internet_ot_1_no_6_11_6_11":55.0,"internet_du_1_no_6_11_6_11":28.0,"internet_bb_1_no_6_11_6_11":1417.0,"internet_no_1_no_6_11_6_11":154.0},"id":"sa2_internetaccessathome.801071075"},{"type":"Feature","properties":{"internet_tt_1_no_6_11_6_11":951.0,"internet_no_2_denom_6_11_6_11":1025.0,"area_code":801071076,"internet_ot_1_no_6_11_6_11":18.0,"internet_du_1_no_6_11_6_11":25.0,"internet_bb_1_no_6_11_6_11":908.0,"internet_no_1_no_6_11_6_11":57.0},"id":"sa2_internetaccessathome.801071076"},{"type":"Feature","properties":{"internet_tt_1_no_6_11_6_11":821.0,"internet_no_2_denom_6_11_6_11":947.0,"area_code":801071077,"internet_ot_1_no_6_11_6_11":38.0,"internet_du_1_no_6_11_6_11":28.0,"internet_bb_1_no_6_11_6_11":755.0,"internet_no_1_no_6_11_6_11":101.0},"id":"sa2_internetaccessathome.801071077"},{"type":"Feature","properties":{"internet_tt_1_no_6_11_6_11":2299.0,"internet_no_2_denom_6_11_6_11":2644.0,"area_code":801071078,"internet_ot_1_no_6_11_6_11":92.0,"internet_du_1_no_6_11_6_11":70.0,"internet_bb_1_no_6_11_6_11":2137.0,"internet_no_1_no_6_11_6_11":287.0},"id":"sa2_internetaccessathome.801071078"},{"type":"Feature","properties":{"internet_tt_1_no_6_11_6_11":595.0,"internet_no_2_denom_6_11_6_11":696.0,"area_code":801071080,"internet_ot_1_no_6_11_6_11":38.0,"internet_du_1_no_6_11_6_11":15.0,"internet_bb_1_no_6_11_6_11":542.0,"internet_no_1_no_6_11_6_11":82.0},"id":"sa2_internetaccessathome.801071080"},{"type":"Feature","properties":{"internet_tt_1_no_6_11_6_11":436.0,"internet_no_2_denom_6_11_6_11":465.0,"area_code":801071083,"internet_ot_1_no_6_11_6_11":6.0,"internet_du_1_no_6_11_6_11":9.0,"internet_bb_1_no_6_11_6_11":421.0,"internet_no_1_no_6_11_6_11":23.0},"id":"sa2_internetaccessathome.801071083"},{"type":"Feature","properties":{"internet_tt_1_no_6_11_6_11":1689.0,"internet_no_2_denom_6_11_6_11":1988.0,"area_code":801071084,"internet_ot_1_no_6_11_6_11":67.0,"internet_du_1_no_6_11_6_11":60.0,"internet_bb_1_no_6_11_6_11":1562.0,"internet_no_1_no_6_11_6_11":247.0},"id":"sa2_internetaccessathome.801071084"},{"type":"Feature","properties":{"internet_tt_1_no_6_11_6_11":0.0,"internet_no_2_denom_6_11_6_11":0.0,"area_code":801071085,"internet_ot_1_no_6_11_6_11":0.0,"internet_du_1_no_6_11_6_11":0.0,"internet_bb_1_no_6_11_6_11":0.0,"internet_no_1_no_6_11_6_11":0.0},"id":"sa2_internetaccessathome.801071085"},{"type":"Feature","properties":{"internet_tt_1_no_6_11_6_11":534.0,"internet_no_2_denom_6_11_6_11":609.0,"area_code":801071086,"internet_ot_1_no_6_11_6_11":24.0,"internet_du_1_no_6_11_6_11":17.0,"internet_bb_1_no_6_11_6_11":493.0,"internet_no_1_no_6_11_6_11":55.0},"id":"sa2_internetaccessathome.801071086"},{"type":"Feature","properties":{"internet_tt_1_no_6_11_6_11":918.0,"internet_no_2_denom_6_11_6_11":1080.0,"area_code":801071087,"internet_ot_1_no_6_11_6_11":36.0,"internet_du_1_no_6_11_6_11":40.0,"internet_bb_1_no_6_11_6_11":842.0,"internet_no_1_no_6_11_6_11":133.0},"id":"sa2_internetaccessathome.801071087"},{"type":"Feature","properties":{"internet_tt_1_no_6_11_6_11":1158.0,"internet_no_2_denom_6_11_6_11":1324.0,"area_code":801071088,"internet_ot_1_no_6_11_6_11":48.0,"internet_du_1_no_6_11_6_11":37.0,"internet_bb_1_no_6_11_6_11":1073.0,"internet_no_1_no_6_11_6_11":130.0},"id":"sa2_internetaccessathome.801071088"},{"type":"Feature","properties":{"internet_tt_1_no_6_11_6_11":14.0,"internet_no_2_denom_6_11_6_11":14.0,"area_code":801071089,"internet_ot_1_no_6_11_6_11":3.0,"internet_du_1_no_6_11_6_11":0.0,"internet_bb_1_no_6_11_6_11":11.0,"internet_no_1_no_6_11_6_11":0.0},"id":"sa2_internetaccessathome.801071089"},{"type":"Feature","properties":{"internet_tt_1_no_6_11_6_11":2418.0,"internet_no_2_denom_6_11_6_11":2830.0,"area_code":801071090,"internet_ot_1_no_6_11_6_11":78.0,"internet_du_1_no_6_11_6_11":92.0,"internet_bb_1_no_6_11_6_11":2248.0,"internet_no_1_no_6_11_6_11":345.0},"id":"sa2_internetaccessathome.801071090"},{"type":"Feature","properties":{"internet_tt_1_no_6_11_6_11":912.0,"internet_no_2_denom_6_11_6_11":1054.0,"area_code":801081094,"internet_ot_1_no_6_11_6_11":30.0,"internet_du_1_no_6_11_6_11":30.0,"internet_bb_1_no_6_11_6_11":852.0,"internet_no_1_no_6_11_6_11":123.0},"id":"sa2_internetaccessathome.801081094"},{"type":"Feature","properties":{"internet_tt_1_no_6_11_6_11":860.0,"internet_no_2_denom_6_11_6_11":944.0,"area_code":801081091,"internet_ot_1_no_6_11_6_11":15.0,"internet_du_1_no_6_11_6_11":32.0,"internet_bb_1_no_6_11_6_11":813.0,"internet_no_1_no_6_11_6_11":68.0},"id":"sa2_internetaccessathome.801081091"},{"type":"Feature","properties":{"internet_tt_1_no_6_11_6_11":1035.0,"internet_no_2_denom_6_11_6_11":1176.0,"area_code":801081092,"internet_ot_1_no_6_11_6_11":35.0,"internet_du_1_no_6_11_6_11":27.0,"internet_bb_1_no_6_11_6_11":973.0,"internet_no_1_no_6_11_6_11":124.0},"id":"sa2_internetaccessathome.801081092"},{"type":"Feature","properties":{"internet_tt_1_no_6_11_6_11":979.0,"internet_no_2_denom_6_11_6_11":1199.0,"area_code":801081093,"internet_ot_1_no_6_11_6_11":50.0,"internet_du_1_no_6_11_6_11":29.0,"internet_bb_1_no_6_11_6_11":900.0,"internet_no_1_no_6_11_6_11":189.0},"id":"sa2_internetaccessathome.801081093"},{"type":"Feature","properties":{"internet_tt_1_no_6_11_6_11":1672.0,"internet_no_2_denom_6_11_6_11":1979.0,"area_code":801091100,"internet_ot_1_no_6_11_6_11":81.0,"internet_du_1_no_6_11_6_11":62.0,"internet_bb_1_no_6_11_6_11":1529.0,"internet_no_1_no_6_11_6_11":269.0},"id":"sa2_internetaccessathome.801091100"},{"type":"Feature","properties":{"internet_tt_1_no_6_11_6_11":1027.0,"internet_no_2_denom_6_11_6_11":1214.0,"area_code":801091101,"internet_ot_1_no_6_11_6_11":28.0,"internet_du_1_no_6_11_6_11":37.0,"internet_bb_1_no_6_11_6_11":962.0,"internet_no_1_no_6_11_6_11":157.0},"id":"sa2_internetaccessathome.801091101"},{"type":"Feature","properties":{"internet_tt_1_no_6_11_6_11":1007.0,"internet_no_2_denom_6_11_6_11":1172.0,"area_code":801091102,"internet_ot_1_no_6_11_6_11":50.0,"internet_du_1_no_6_11_6_11":38.0,"internet_bb_1_no_6_11_6_11":919.0,"internet_no_1_no_6_11_6_11":149.0},"id":"sa2_internetaccessathome.801091102"},{"type":"Feature","properties":{"internet_tt_1_no_6_11_6_11":772.0,"internet_no_2_denom_6_11_6_11":875.0,"area_code":801091104,"internet_ot_1_no_6_11_6_11":17.0,"internet_du_1_no_6_11_6_11":36.0,"internet_bb_1_no_6_11_6_11":719.0,"internet_no_1_no_6_11_6_11":87.0},"id":"sa2_internetaccessathome.801091104"},{"type":"Feature","properties":{"internet_tt_1_no_6_11_6_11":886.0,"internet_no_2_denom_6_11_6_11":1143.0,"area_code":801091105,"internet_ot_1_no_6_11_6_11":55.0,"internet_du_1_no_6_11_6_11":40.0,"internet_bb_1_no_6_11_6_11":791.0,"internet_no_1_no_6_11_6_11":222.0},"id":"sa2_internetaccessathome.801091105"},{"type":"Feature","properties":{"internet_tt_1_no_6_11_6_11":1052.0,"internet_no_2_denom_6_11_6_11":1270.0,"area_code":801091106,"internet_ot_1_no_6_11_6_11":60.0,"internet_du_1_no_6_11_6_11":42.0,"internet_bb_1_no_6_11_6_11":950.0,"internet_no_1_no_6_11_6_11":184.0},"id":"sa2_internetaccessathome.801091106"},{"type":"Feature","properties":{"internet_tt_1_no_6_11_6_11":250.0,"internet_no_2_denom_6_11_6_11":279.0,"area_code":801091107,"internet_ot_1_no_6_11_6_11":5.0,"internet_du_1_no_6_11_6_11":11.0,"internet_bb_1_no_6_11_6_11":234.0,"internet_no_1_no_6_11_6_11":21.0},"id":"sa2_internetaccessathome.801091107"},{"type":"Feature","properties":{"internet_tt_1_no_6_11_6_11":861.0,"internet_no_2_denom_6_11_6_11":1025.0,"area_code":801091108,"internet_ot_1_no_6_11_6_11":40.0,"internet_du_1_no_6_11_6_11":37.0,"internet_bb_1_no_6_11_6_11":784.0,"internet_no_1_no_6_11_6_11":143.0},"id":"sa2_internetaccessathome.801091108"},{"type":"Feature","properties":{"internet_tt_1_no_6_11_6_11":916.0,"internet_no_2_denom_6_11_6_11":1095.0,"area_code":801091109,"internet_ot_1_no_6_11_6_11":81.0,"internet_du_1_no_6_11_6_11":44.0,"internet_bb_1_no_6_11_6_11":791.0,"internet_no_1_no_6_11_6_11":158.0},"id":"sa2_internetaccessathome.801091109"}]}