{"organisation":"TUA_PHIDU","name":"sa2_internetaccessathome","title":"SA2 Internet Access at Home","legal":{"copyrightYear":"2014","attributionYear":"2014","attribution":"{datasource.organisationTitle}, ({dataset.attributionYear}): {dataset.title}; accessed from AURIN Portal on {dateOfAccess}.","clickthrough":false,"licenceType":"Creative Commons Attribution-NonCommercial-ShareAlike 3.0 Australia (CC BY-NC-SA 3.0 AU)","copyrightNotice":"&copy; {datasource.organisationTitle} {dataset.copyrightYear}"},"referenceSystemIdentifier":"EPSG:4283","geoLevel":"sa2","key":"area_code","keyRegex":null,"availability":"true","geomField":"wkb_geometry","keyword":"internet, broadband, dial-up, dwellings, housing","theme":null,"temporalExtent":{"beginDate":"2011-06-30T00:00:00","endDate":"2011-06-30T00:00:00","selectTime":false},"type":"dataset","_id":"dataset-TUA_PHIDU-sa2_internetaccessathome-sa2","bbox":null,"abstract":"Private dwellings and the internet including access to broadband, dial-up, other internet access and no internet access by SA2, for the year 2011.","selectedAttributes":[{"name":"area_code","type":"java.lang.Integer","title":"Statistical Area Level 2 Code","description":"Statistical Area Level 2 code (2011)","stype":"nominal","isDimension":false},{"name":"internet_no_2_denom_6_11_6_11","type":"java.lang.Double","title":"Total Private Dwellings","description":"Total Private Dwellings. Source: ABS Census 2011","stype":"ratio","isDimension":false},{"name":"internet_ot_1_no_6_11_6_11","type":"java.lang.Double","title":"Private Dwellings with Other Internet Connections - Count","description":"Private Dwellings with other Internet connections. Source: ABS Census 2011","stype":"ratio","isDimension":false},{"name":"internet_tt_1_no_6_11_6_11","type":"java.lang.Double","title":"All Private Dwellings with Internet Connections - Count","description":"All private dwellings with Internet connections. Source: ABS Census 2011","stype":"ratio","isDimension":false},{"name":"internet_bb_1_no_6_11_6_11","type":"java.lang.Double","title":"Private Dwellings with Broadband Internet - Count","description":"Private Dwellings with Broadband Internet. Source: ABS Census 2011","stype":"ratio","isDimension":false},{"name":"internet_du_1_no_6_11_6_11","type":"java.lang.Double","title":"Private Dwellings with Dial-Up Internet - Count","description":"Private Dwellings with Dial-up Internet. Source: ABS Census 2011","stype":"ratio","isDimension":false},{"name":"internet_no_1_no_6_11_6_11","type":"java.lang.Double","title":"Private Dwellings with No Internet Connection - Count","description":"Private Dwellings with no Internet connection. Source: ABS Census 2011","stype":"ratio","isDimension":false}],"filter":{"filterType":"tabular","feature":{"key":"area_code","geoLevel":"sa2","geoField":"ignored","year":"2006","featureBbox":[148.762674816,-35.920762215,149.39928432,-35.124517275500004],"featureType":"ste","featureInstance":"8","featureName":"Australian Capital Territory","referenceSystemIdentifier":"EPSG:4283","prefix":"","keyTransform":null},"states":["8"]}}