{"type":"FeatureCollection","bbox":[0.0,0.0,-1.0,-1.0],"features":[{"type":"Feature","properties":{"area_code":62810,"area_name":"Hobart (C)","arthritis_me_1_no_3_11_7_13":6970.73352657219,"musculo_me_1_no_3_11_7_13":12512.0541014906,"diabetes_me_1_no_3_11_7_13":1669.61325106035,"hypertens_me_1_no_3_11_7_13":5905.91746228305,"respirtry_me_1_no_3_11_7_13":14919.8854868436,"asthma_me_1_no_3_11_7_13":4567.18664952198,"hg_choles_me_1_no_3_11_7_13":14961.3617202595},"id":"lga11_chronicdisease_modelledestimate.62810"}]}