{"type":"FeatureCollection","bbox":[0.0,0.0,-1.0,-1.0],"features":[{"type":"Feature","properties":{"SOL_Japanese_P":0,"SOL_Hungarian_P":0,"SEO_Persons":287,"SOL_Ir_La_Pe_excl_Da_P":6,"SOL_Serbian_P":0,"SOL_Polish_P":6,"SOL_Iran_Lan_Tot_P":6,"SOL_In_Ar_Lang_Urdu_P":0,"SOL_Spanish_P":0,"SOL_Aus_Indig_Lang_P":0,"SOL_In_Ar_Lang_Sinh_P":0,"SOL_Chin_lang_Tot_P":25,"SOL_Croatian_P":0,"SOL_Se_As_A_L_Othr_P":0,"SOL_Chin_lang_Mand_P":22,"SOL_Korean_P":0,"SOL_Maltese_P":0,"SOL_In_Ar_Lang_Beng_P":0,"SOL_Se_As_A_L_Tagal_P":6,"SOL_In_Ar_Lang_Punj_P":0,"SOL_Chin_lang_Cant_P":0,"SOL_French_P":0,"SOL_Se_As_A_L_Tot_P":12,"SOL_Dutch_P":0,"SOL_Chin_lang_Other_P":3,"SA1_MAIN11":"10704114949","SOL_Irani_Lan_Othr_P":0,"SOL_Thai_P":0,"SOL_Italian_P":8,"SOL_Arabic_P":14,"SOL_Vietnamese_P":0,"SOL_Se_As_A_L_Filipino_P":6,"SOL_Ir_Lang_Dari_P":0,"SOL_Samoan_P":0,"SOL_Russian_P":0,"SOL_German_P":3,"SOL_Se_As_A_L_Indon_P":0,"SOL_In_Ar_Lang_Hind_P":6,"SOL_Macedonian_P":9,"SOL_Assyrian_P":0,"SOL_Tamil_P":3,"SOL_In_Ar_Lang_Tot_P":6,"SOL_Turkish_P":3,"SOL_Greek_P":0,"SOL_Portuguese_P":6,"SOL_Khmer_P":0,"SOL_In_Ar_Lang_Othr_P":0},"id":"b13_aust_sa1.10704114949"},{"type":"Feature","properties":{"SOL_Japanese_P":0,"SOL_Hungarian_P":0,"SEO_Persons":213,"SOL_Ir_La_Pe_excl_Da_P":3,"SOL_Serbian_P":7,"SOL_Polish_P":0,"SOL_Iran_Lan_Tot_P":3,"SOL_In_Ar_Lang_Urdu_P":0,"SOL_Spanish_P":9,"SOL_Aus_Indig_Lang_P":0,"SOL_In_Ar_Lang_Sinh_P":0,"SOL_Chin_lang_Tot_P":35,"SOL_Croatian_P":3,"SOL_Se_As_A_L_Othr_P":0,"SOL_Chin_lang_Mand_P":23,"SOL_Korean_P":0,"SOL_Maltese_P":0,"SOL_In_Ar_Lang_Beng_P":9,"SOL_Se_As_A_L_Tagal_P":0,"SOL_In_Ar_Lang_Punj_P":0,"SOL_Chin_lang_Cant_P":4,"SOL_French_P":0,"SOL_Se_As_A_L_Tot_P":0,"SOL_Dutch_P":0,"SOL_Chin_lang_Other_P":8,"SA1_MAIN11":"10704114920","SOL_Irani_Lan_Othr_P":0,"SOL_Thai_P":8,"SOL_Italian_P":6,"SOL_Arabic_P":12,"SOL_Vietnamese_P":4,"SOL_Se_As_A_L_Filipino_P":0,"SOL_Ir_Lang_Dari_P":0,"SOL_Samoan_P":0,"SOL_Russian_P":6,"SOL_German_P":4,"SOL_Se_As_A_L_Indon_P":0,"SOL_In_Ar_Lang_Hind_P":0,"SOL_Macedonian_P":0,"SOL_Assyrian_P":0,"SOL_Tamil_P":0,"SOL_In_Ar_Lang_Tot_P":13,"SOL_Turkish_P":3,"SOL_Greek_P":6,"SOL_Portuguese_P":5,"SOL_Khmer_P":0,"SOL_In_Ar_Lang_Othr_P":4},"id":"b13_aust_sa1.10704114920"},{"type":"Feature","properties":{"SOL_Japanese_P":6,"SOL_Hungarian_P":3,"SEO_Persons":512,"SOL_Ir_La_Pe_excl_Da_P":0,"SOL_Serbian_P":14,"SOL_Polish_P":6,"SOL_Iran_Lan_Tot_P":0,"SOL_In_Ar_Lang_Urdu_P":0,"SOL_Spanish_P":11,"SOL_Aus_Indig_Lang_P":0,"SOL_In_Ar_Lang_Sinh_P":0,"SOL_Chin_lang_Tot_P":66,"SOL_Croatian_P":3,"SOL_Se_As_A_L_Othr_P":0,"SOL_Chin_lang_Mand_P":48,"SOL_Korean_P":6,"SOL_Maltese_P":0,"SOL_In_Ar_Lang_Beng_P":0,"SOL_Se_As_A_L_Tagal_P":0,"SOL_In_Ar_Lang_Punj_P":0,"SOL_Chin_lang_Cant_P":6,"SOL_French_P":0,"SOL_Se_As_A_L_Tot_P":0,"SOL_Dutch_P":3,"SOL_Chin_lang_Other_P":12,"SA1_MAIN11":"10704114921","SOL_Irani_Lan_Othr_P":0,"SOL_Thai_P":6,"SOL_Italian_P":11,"SOL_Arabic_P":20,"SOL_Vietnamese_P":0,"SOL_Se_As_A_L_Filipino_P":0,"SOL_Ir_Lang_Dari_P":0,"SOL_Samoan_P":0,"SOL_Russian_P":0,"SOL_German_P":0,"SOL_Se_As_A_L_Indon_P":0,"SOL_In_Ar_Lang_Hind_P":0,"SOL_Macedonian_P":3,"SOL_Assyrian_P":0,"SOL_Tamil_P":0,"SOL_In_Ar_Lang_Tot_P":3,"SOL_Turkish_P":3,"SOL_Greek_P":6,"SOL_Portuguese_P":3,"SOL_Khmer_P":0,"SOL_In_Ar_Lang_Othr_P":3},"id":"b13_aust_sa1.10704114921"},{"type":"Feature","properties":{"SOL_Japanese_P":4,"SOL_Hungarian_P":0,"SEO_Persons":295,"SOL_Ir_La_Pe_excl_Da_P":5,"SOL_Serbian_P":3,"SOL_Polish_P":0,"SOL_Iran_Lan_Tot_P":5,"SOL_In_Ar_Lang_Urdu_P":0,"SOL_Spanish_P":0,"SOL_Aus_Indig_Lang_P":0,"SOL_In_Ar_Lang_Sinh_P":0,"SOL_Chin_lang_Tot_P":18,"SOL_Croatian_P":0,"SOL_Se_As_A_L_Othr_P":0,"SOL_Chin_lang_Mand_P":8,"SOL_Korean_P":0,"SOL_Maltese_P":0,"SOL_In_Ar_Lang_Beng_P":0,"SOL_Se_As_A_L_Tagal_P":0,"SOL_In_Ar_Lang_Punj_P":0,"SOL_Chin_lang_Cant_P":3,"SOL_French_P":0,"SOL_Se_As_A_L_Tot_P":0,"SOL_Dutch_P":0,"SOL_Chin_lang_Other_P":7,"SA1_MAIN11":"10704114950","SOL_Irani_Lan_Othr_P":0,"SOL_Thai_P":0,"SOL_Italian_P":4,"SOL_Arabic_P":7,"SOL_Vietnamese_P":0,"SOL_Se_As_A_L_Filipino_P":0,"SOL_Ir_Lang_Dari_P":0,"SOL_Samoan_P":0,"SOL_Russian_P":0,"SOL_German_P":0,"SOL_Se_As_A_L_Indon_P":0,"SOL_In_Ar_Lang_Hind_P":0,"SOL_Macedonian_P":3,"SOL_Assyrian_P":0,"SOL_Tamil_P":0,"SOL_In_Ar_Lang_Tot_P":7,"SOL_Turkish_P":0,"SOL_Greek_P":6,"SOL_Portuguese_P":7,"SOL_Khmer_P":0,"SOL_In_Ar_Lang_Othr_P":7},"id":"b13_aust_sa1.10704114950"},{"type":"Feature","properties":{"SOL_Japanese_P":0,"SOL_Hungarian_P":0,"SEO_Persons":303,"SOL_Ir_La_Pe_excl_Da_P":0,"SOL_Serbian_P":0,"SOL_Polish_P":3,"SOL_Iran_Lan_Tot_P":0,"SOL_In_Ar_Lang_Urdu_P":0,"SOL_Spanish_P":10,"SOL_Aus_Indig_Lang_P":0,"SOL_In_Ar_Lang_Sinh_P":0,"SOL_Chin_lang_Tot_P":39,"SOL_Croatian_P":3,"SOL_Se_As_A_L_Othr_P":0,"SOL_Chin_lang_Mand_P":21,"SOL_Korean_P":0,"SOL_Maltese_P":0,"SOL_In_Ar_Lang_Beng_P":0,"SOL_Se_As_A_L_Tagal_P":0,"SOL_In_Ar_Lang_Punj_P":0,"SOL_Chin_lang_Cant_P":0,"SOL_French_P":0,"SOL_Se_As_A_L_Tot_P":0,"SOL_Dutch_P":0,"SOL_Chin_lang_Other_P":18,"SA1_MAIN11":"10704114951","SOL_Irani_Lan_Othr_P":0,"SOL_Thai_P":0,"SOL_Italian_P":8,"SOL_Arabic_P":9,"SOL_Vietnamese_P":0,"SOL_Se_As_A_L_Filipino_P":0,"SOL_Ir_Lang_Dari_P":0,"SOL_Samoan_P":0,"SOL_Russian_P":0,"SOL_German_P":0,"SOL_Se_As_A_L_Indon_P":0,"SOL_In_Ar_Lang_Hind_P":0,"SOL_Macedonian_P":4,"SOL_Assyrian_P":0,"SOL_Tamil_P":0,"SOL_In_Ar_Lang_Tot_P":0,"SOL_Turkish_P":0,"SOL_Greek_P":0,"SOL_Portuguese_P":7,"SOL_Khmer_P":0,"SOL_In_Ar_Lang_Othr_P":0},"id":"b13_aust_sa1.10704114951"},{"type":"Feature","properties":{"SOL_Japanese_P":0,"SOL_Hungarian_P":0,"SEO_Persons":384,"SOL_Ir_La_Pe_excl_Da_P":6,"SOL_Serbian_P":7,"SOL_Polish_P":0,"SOL_Iran_Lan_Tot_P":6,"SOL_In_Ar_Lang_Urdu_P":0,"SOL_Spanish_P":0,"SOL_Aus_Indig_Lang_P":0,"SOL_In_Ar_Lang_Sinh_P":0,"SOL_Chin_lang_Tot_P":56,"SOL_Croatian_P":3,"SOL_Se_As_A_L_Othr_P":0,"SOL_Chin_lang_Mand_P":34,"SOL_Korean_P":0,"SOL_Maltese_P":0,"SOL_In_Ar_Lang_Beng_P":0,"SOL_Se_As_A_L_Tagal_P":0,"SOL_In_Ar_Lang_Punj_P":0,"SOL_Chin_lang_Cant_P":13,"SOL_French_P":3,"SOL_Se_As_A_L_Tot_P":0,"SOL_Dutch_P":3,"SOL_Chin_lang_Other_P":9,"SA1_MAIN11":"10704114952","SOL_Irani_Lan_Othr_P":0,"SOL_Thai_P":3,"SOL_Italian_P":7,"SOL_Arabic_P":0,"SOL_Vietnamese_P":0,"SOL_Se_As_A_L_Filipino_P":0,"SOL_Ir_Lang_Dari_P":0,"SOL_Samoan_P":0,"SOL_Russian_P":3,"SOL_German_P":0,"SOL_Se_As_A_L_Indon_P":0,"SOL_In_Ar_Lang_Hind_P":3,"SOL_Macedonian_P":4,"SOL_Assyrian_P":0,"SOL_Tamil_P":0,"SOL_In_Ar_Lang_Tot_P":9,"SOL_Turkish_P":0,"SOL_Greek_P":0,"SOL_Portuguese_P":3,"SOL_Khmer_P":0,"SOL_In_Ar_Lang_Othr_P":6},"id":"b13_aust_sa1.10704114952"},{"type":"Feature","properties":{"SOL_Japanese_P":0,"SOL_Hungarian_P":0,"SEO_Persons":0,"SOL_Ir_La_Pe_excl_Da_P":0,"SOL_Serbian_P":0,"SOL_Polish_P":0,"SOL_Iran_Lan_Tot_P":0,"SOL_In_Ar_Lang_Urdu_P":0,"SOL_Spanish_P":0,"SOL_Aus_Indig_Lang_P":0,"SOL_In_Ar_Lang_Sinh_P":0,"SOL_Chin_lang_Tot_P":0,"SOL_Croatian_P":0,"SOL_Se_As_A_L_Othr_P":0,"SOL_Chin_lang_Mand_P":0,"SOL_Korean_P":0,"SOL_Maltese_P":0,"SOL_In_Ar_Lang_Beng_P":0,"SOL_Se_As_A_L_Tagal_P":0,"SOL_In_Ar_Lang_Punj_P":0,"SOL_Chin_lang_Cant_P":0,"SOL_French_P":0,"SOL_Se_As_A_L_Tot_P":0,"SOL_Dutch_P":0,"SOL_Chin_lang_Other_P":0,"SA1_MAIN11":"10704114901","SOL_Irani_Lan_Othr_P":0,"SOL_Thai_P":0,"SOL_Italian_P":0,"SOL_Arabic_P":0,"SOL_Vietnamese_P":0,"SOL_Se_As_A_L_Filipino_P":0,"SOL_Ir_Lang_Dari_P":0,"SOL_Samoan_P":0,"SOL_Russian_P":0,"SOL_German_P":0,"SOL_Se_As_A_L_Indon_P":0,"SOL_In_Ar_Lang_Hind_P":0,"SOL_Macedonian_P":0,"SOL_Assyrian_P":0,"SOL_Tamil_P":0,"SOL_In_Ar_Lang_Tot_P":0,"SOL_Turkish_P":0,"SOL_Greek_P":0,"SOL_Portuguese_P":0,"SOL_Khmer_P":0,"SOL_In_Ar_Lang_Othr_P":0},"id":"b13_aust_sa1.10704114901"},{"type":"Feature","properties":{"SOL_Japanese_P":3,"SOL_Hungarian_P":3,"SEO_Persons":430,"SOL_Ir_La_Pe_excl_Da_P":0,"SOL_Serbian_P":27,"SOL_Polish_P":0,"SOL_Iran_Lan_Tot_P":0,"SOL_In_Ar_Lang_Urdu_P":0,"SOL_Spanish_P":10,"SOL_Aus_Indig_Lang_P":4,"SOL_In_Ar_Lang_Sinh_P":0,"SOL_Chin_lang_Tot_P":36,"SOL_Croatian_P":4,"SOL_Se_As_A_L_Othr_P":6,"SOL_Chin_lang_Mand_P":15,"SOL_Korean_P":11,"SOL_Maltese_P":0,"SOL_In_Ar_Lang_Beng_P":0,"SOL_Se_As_A_L_Tagal_P":3,"SOL_In_Ar_Lang_Punj_P":0,"SOL_Chin_lang_Cant_P":8,"SOL_French_P":0,"SOL_Se_As_A_L_Tot_P":9,"SOL_Dutch_P":0,"SOL_Chin_lang_Other_P":13,"SA1_MAIN11":"10704114908","SOL_Irani_Lan_Othr_P":0,"SOL_Thai_P":0,"SOL_Italian_P":17,"SOL_Arabic_P":19,"SOL_Vietnamese_P":14,"SOL_Se_As_A_L_Filipino_P":0,"SOL_Ir_Lang_Dari_P":0,"SOL_Samoan_P":0,"SOL_Russian_P":0,"SOL_German_P":3,"SOL_Se_As_A_L_Indon_P":0,"SOL_In_Ar_Lang_Hind_P":0,"SOL_Macedonian_P":14,"SOL_Assyrian_P":0,"SOL_Tamil_P":0,"SOL_In_Ar_Lang_Tot_P":0,"SOL_Turkish_P":0,"SOL_Greek_P":11,"SOL_Portuguese_P":0,"SOL_Khmer_P":0,"SOL_In_Ar_Lang_Othr_P":0},"id":"b13_aust_sa1.10704114908"},{"type":"Feature","properties":{"SOL_Japanese_P":0,"SOL_Hungarian_P":3,"SEO_Persons":386,"SOL_Ir_La_Pe_excl_Da_P":7,"SOL_Serbian_P":15,"SOL_Polish_P":6,"SOL_Iran_Lan_Tot_P":7,"SOL_In_Ar_Lang_Urdu_P":0,"SOL_Spanish_P":7,"SOL_Aus_Indig_Lang_P":0,"SOL_In_Ar_Lang_Sinh_P":0,"SOL_Chin_lang_Tot_P":40,"SOL_Croatian_P":0,"SOL_Se_As_A_L_Othr_P":0,"SOL_Chin_lang_Mand_P":19,"SOL_Korean_P":0,"SOL_Maltese_P":0,"SOL_In_Ar_Lang_Beng_P":0,"SOL_Se_As_A_L_Tagal_P":0,"SOL_In_Ar_Lang_Punj_P":0,"SOL_Chin_lang_Cant_P":9,"SOL_French_P":3,"SOL_Se_As_A_L_Tot_P":5,"SOL_Dutch_P":0,"SOL_Chin_lang_Other_P":12,"SA1_MAIN11":"10704114919","SOL_Irani_Lan_Othr_P":0,"SOL_Thai_P":7,"SOL_Italian_P":9,"SOL_Arabic_P":14,"SOL_Vietnamese_P":9,"SOL_Se_As_A_L_Filipino_P":0,"SOL_Ir_Lang_Dari_P":0,"SOL_Samoan_P":0,"SOL_Russian_P":0,"SOL_German_P":3,"SOL_Se_As_A_L_Indon_P":5,"SOL_In_Ar_Lang_Hind_P":0,"SOL_Macedonian_P":6,"SOL_Assyrian_P":0,"SOL_Tamil_P":0,"SOL_In_Ar_Lang_Tot_P":6,"SOL_Turkish_P":3,"SOL_Greek_P":5,"SOL_Portuguese_P":0,"SOL_Khmer_P":0,"SOL_In_Ar_Lang_Othr_P":6},"id":"b13_aust_sa1.10704114919"},{"type":"Feature","properties":{"SOL_Japanese_P":0,"SOL_Hungarian_P":0,"SEO_Persons":179,"SOL_Ir_La_Pe_excl_Da_P":0,"SOL_Serbian_P":15,"SOL_Polish_P":0,"SOL_Iran_Lan_Tot_P":0,"SOL_In_Ar_Lang_Urdu_P":0,"SOL_Spanish_P":0,"SOL_Aus_Indig_Lang_P":0,"SOL_In_Ar_Lang_Sinh_P":0,"SOL_Chin_lang_Tot_P":37,"SOL_Croatian_P":0,"SOL_Se_As_A_L_Othr_P":0,"SOL_Chin_lang_Mand_P":24,"SOL_Korean_P":9,"SOL_Maltese_P":0,"SOL_In_Ar_Lang_Beng_P":0,"SOL_Se_As_A_L_Tagal_P":0,"SOL_In_Ar_Lang_Punj_P":0,"SOL_Chin_lang_Cant_P":0,"SOL_French_P":0,"SOL_Se_As_A_L_Tot_P":0,"SOL_Dutch_P":0,"SOL_Chin_lang_Other_P":13,"SA1_MAIN11":"10704114913","SOL_Irani_Lan_Othr_P":0,"SOL_Thai_P":6,"SOL_Italian_P":3,"SOL_Arabic_P":4,"SOL_Vietnamese_P":0,"SOL_Se_As_A_L_Filipino_P":0,"SOL_Ir_Lang_Dari_P":0,"SOL_Samoan_P":0,"SOL_Russian_P":0,"SOL_German_P":0,"SOL_Se_As_A_L_Indon_P":0,"SOL_In_Ar_Lang_Hind_P":3,"SOL_Macedonian_P":4,"SOL_Assyrian_P":0,"SOL_Tamil_P":3,"SOL_In_Ar_Lang_Tot_P":7,"SOL_Turkish_P":4,"SOL_Greek_P":0,"SOL_Portuguese_P":0,"SOL_Khmer_P":0,"SOL_In_Ar_Lang_Othr_P":4},"id":"b13_aust_sa1.10704114913"},{"type":"Feature","properties":{"SOL_Japanese_P":0,"SOL_Hungarian_P":3,"SEO_Persons":467,"SOL_Ir_La_Pe_excl_Da_P":6,"SOL_Serbian_P":6,"SOL_Polish_P":0,"SOL_Iran_Lan_Tot_P":6,"SOL_In_Ar_Lang_Urdu_P":0,"SOL_Spanish_P":3,"SOL_Aus_Indig_Lang_P":0,"SOL_In_Ar_Lang_Sinh_P":0,"SOL_Chin_lang_Tot_P":40,"SOL_Croatian_P":0,"SOL_Se_As_A_L_Othr_P":0,"SOL_Chin_lang_Mand_P":25,"SOL_Korean_P":0,"SOL_Maltese_P":4,"SOL_In_Ar_Lang_Beng_P":0,"SOL_Se_As_A_L_Tagal_P":0,"SOL_In_Ar_Lang_Punj_P":0,"SOL_Chin_lang_Cant_P":3,"SOL_French_P":0,"SOL_Se_As_A_L_Tot_P":0,"SOL_Dutch_P":0,"SOL_Chin_lang_Other_P":12,"SA1_MAIN11":"10704114917","SOL_Irani_Lan_Othr_P":0,"SOL_Thai_P":0,"SOL_Italian_P":20,"SOL_Arabic_P":19,"SOL_Vietnamese_P":8,"SOL_Se_As_A_L_Filipino_P":0,"SOL_Ir_Lang_Dari_P":0,"SOL_Samoan_P":0,"SOL_Russian_P":0,"SOL_German_P":7,"SOL_Se_As_A_L_Indon_P":0,"SOL_In_Ar_Lang_Hind_P":5,"SOL_Macedonian_P":15,"SOL_Assyrian_P":5,"SOL_Tamil_P":0,"SOL_In_Ar_Lang_Tot_P":5,"SOL_Turkish_P":8,"SOL_Greek_P":12,"SOL_Portuguese_P":0,"SOL_Khmer_P":0,"SOL_In_Ar_Lang_Othr_P":0},"id":"b13_aust_sa1.10704114917"},{"type":"Feature","properties":{"SOL_Japanese_P":0,"SOL_Hungarian_P":0,"SEO_Persons":202,"SOL_Ir_La_Pe_excl_Da_P":6,"SOL_Serbian_P":3,"SOL_Polish_P":3,"SOL_Iran_Lan_Tot_P":6,"SOL_In_Ar_Lang_Urdu_P":0,"SOL_Spanish_P":3,"SOL_Aus_Indig_Lang_P":0,"SOL_In_Ar_Lang_Sinh_P":0,"SOL_Chin_lang_Tot_P":24,"SOL_Croatian_P":3,"SOL_Se_As_A_L_Othr_P":0,"SOL_Chin_lang_Mand_P":18,"SOL_Korean_P":0,"SOL_Maltese_P":0,"SOL_In_Ar_Lang_Beng_P":0,"SOL_Se_As_A_L_Tagal_P":0,"SOL_In_Ar_Lang_Punj_P":0,"SOL_Chin_lang_Cant_P":0,"SOL_French_P":0,"SOL_Se_As_A_L_Tot_P":6,"SOL_Dutch_P":0,"SOL_Chin_lang_Other_P":6,"SA1_MAIN11":"10704114918","SOL_Irani_Lan_Othr_P":0,"SOL_Thai_P":0,"SOL_Italian_P":4,"SOL_Arabic_P":0,"SOL_Vietnamese_P":4,"SOL_Se_As_A_L_Filipino_P":6,"SOL_Ir_Lang_Dari_P":0,"SOL_Samoan_P":0,"SOL_Russian_P":3,"SOL_German_P":3,"SOL_Se_As_A_L_Indon_P":0,"SOL_In_Ar_Lang_Hind_P":0,"SOL_Macedonian_P":0,"SOL_Assyrian_P":0,"SOL_Tamil_P":0,"SOL_In_Ar_Lang_Tot_P":0,"SOL_Turkish_P":6,"SOL_Greek_P":0,"SOL_Portuguese_P":3,"SOL_Khmer_P":0,"SOL_In_Ar_Lang_Othr_P":0},"id":"b13_aust_sa1.10704114918"},{"type":"Feature","properties":{"SOL_Japanese_P":0,"SOL_Hungarian_P":0,"SEO_Persons":313,"SOL_Ir_La_Pe_excl_Da_P":3,"SOL_Serbian_P":12,"SOL_Polish_P":3,"SOL_Iran_Lan_Tot_P":3,"SOL_In_Ar_Lang_Urdu_P":3,"SOL_Spanish_P":3,"SOL_Aus_Indig_Lang_P":0,"SOL_In_Ar_Lang_Sinh_P":6,"SOL_Chin_lang_Tot_P":48,"SOL_Croatian_P":6,"SOL_Se_As_A_L_Othr_P":0,"SOL_Chin_lang_Mand_P":36,"SOL_Korean_P":0,"SOL_Maltese_P":0,"SOL_In_Ar_Lang_Beng_P":0,"SOL_Se_As_A_L_Tagal_P":3,"SOL_In_Ar_Lang_Punj_P":0,"SOL_Chin_lang_Cant_P":3,"SOL_French_P":0,"SOL_Se_As_A_L_Tot_P":9,"SOL_Dutch_P":0,"SOL_Chin_lang_Other_P":9,"SA1_MAIN11":"10704114922","SOL_Irani_Lan_Othr_P":0,"SOL_Thai_P":0,"SOL_Italian_P":8,"SOL_Arabic_P":17,"SOL_Vietnamese_P":3,"SOL_Se_As_A_L_Filipino_P":3,"SOL_Ir_Lang_Dari_P":0,"SOL_Samoan_P":0,"SOL_Russian_P":0,"SOL_German_P":0,"SOL_Se_As_A_L_Indon_P":3,"SOL_In_Ar_Lang_Hind_P":3,"SOL_Macedonian_P":7,"SOL_Assyrian_P":0,"SOL_Tamil_P":0,"SOL_In_Ar_Lang_Tot_P":12,"SOL_Turkish_P":3,"SOL_Greek_P":18,"SOL_Portuguese_P":3,"SOL_Khmer_P":0,"SOL_In_Ar_Lang_Othr_P":0},"id":"b13_aust_sa1.10704114922"},{"type":"Feature","properties":{"SOL_Japanese_P":3,"SOL_Hungarian_P":0,"SEO_Persons":255,"SOL_Ir_La_Pe_excl_Da_P":0,"SOL_Serbian_P":38,"SOL_Polish_P":0,"SOL_Iran_Lan_Tot_P":0,"SOL_In_Ar_Lang_Urdu_P":9,"SOL_Spanish_P":6,"SOL_Aus_Indig_Lang_P":0,"SOL_In_Ar_Lang_Sinh_P":0,"SOL_Chin_lang_Tot_P":92,"SOL_Croatian_P":3,"SOL_Se_As_A_L_Othr_P":0,"SOL_Chin_lang_Mand_P":48,"SOL_Korean_P":3,"SOL_Maltese_P":0,"SOL_In_Ar_Lang_Beng_P":6,"SOL_Se_As_A_L_Tagal_P":6,"SOL_In_Ar_Lang_Punj_P":0,"SOL_Chin_lang_Cant_P":15,"SOL_French_P":0,"SOL_Se_As_A_L_Tot_P":6,"SOL_Dutch_P":0,"SOL_Chin_lang_Other_P":29,"SA1_MAIN11":"10704114923","SOL_Irani_Lan_Othr_P":0,"SOL_Thai_P":10,"SOL_Italian_P":12,"SOL_Arabic_P":25,"SOL_Vietnamese_P":3,"SOL_Se_As_A_L_Filipino_P":0,"SOL_Ir_Lang_Dari_P":0,"SOL_Samoan_P":0,"SOL_Russian_P":6,"SOL_German_P":6,"SOL_Se_As_A_L_Indon_P":0,"SOL_In_Ar_Lang_Hind_P":8,"SOL_Macedonian_P":6,"SOL_Assyrian_P":0,"SOL_Tamil_P":10,"SOL_In_Ar_Lang_Tot_P":29,"SOL_Turkish_P":22,"SOL_Greek_P":12,"SOL_Portuguese_P":0,"SOL_Khmer_P":0,"SOL_In_Ar_Lang_Othr_P":6},"id":"b13_aust_sa1.10704114923"},{"type":"Feature","properties":{"SOL_Japanese_P":3,"SOL_Hungarian_P":0,"SEO_Persons":247,"SOL_Ir_La_Pe_excl_Da_P":5,"SOL_Serbian_P":27,"SOL_Polish_P":0,"SOL_Iran_Lan_Tot_P":5,"SOL_In_Ar_Lang_Urdu_P":3,"SOL_Spanish_P":9,"SOL_Aus_Indig_Lang_P":0,"SOL_In_Ar_Lang_Sinh_P":0,"SOL_Chin_lang_Tot_P":60,"SOL_Croatian_P":0,"SOL_Se_As_A_L_Othr_P":0,"SOL_Chin_lang_Mand_P":48,"SOL_Korean_P":3,"SOL_Maltese_P":0,"SOL_In_Ar_Lang_Beng_P":0,"SOL_Se_As_A_L_Tagal_P":0,"SOL_In_Ar_Lang_Punj_P":0,"SOL_Chin_lang_Cant_P":6,"SOL_French_P":0,"SOL_Se_As_A_L_Tot_P":0,"SOL_Dutch_P":0,"SOL_Chin_lang_Other_P":6,"SA1_MAIN11":"10704114924","SOL_Irani_Lan_Othr_P":0,"SOL_Thai_P":0,"SOL_Italian_P":3,"SOL_Arabic_P":19,"SOL_Vietnamese_P":6,"SOL_Se_As_A_L_Filipino_P":0,"SOL_Ir_Lang_Dari_P":0,"SOL_Samoan_P":0,"SOL_Russian_P":0,"SOL_German_P":0,"SOL_Se_As_A_L_Indon_P":0,"SOL_In_Ar_Lang_Hind_P":0,"SOL_Macedonian_P":30,"SOL_Assyrian_P":0,"SOL_Tamil_P":6,"SOL_In_Ar_Lang_Tot_P":6,"SOL_Turkish_P":17,"SOL_Greek_P":17,"SOL_Portuguese_P":0,"SOL_Khmer_P":0,"SOL_In_Ar_Lang_Othr_P":3},"id":"b13_aust_sa1.10704114924"},{"type":"Feature","properties":{"SOL_Japanese_P":0,"SOL_Hungarian_P":0,"SEO_Persons":275,"SOL_Ir_La_Pe_excl_Da_P":10,"SOL_Serbian_P":39,"SOL_Polish_P":0,"SOL_Iran_Lan_Tot_P":10,"SOL_In_Ar_Lang_Urdu_P":0,"SOL_Spanish_P":7,"SOL_Aus_Indig_Lang_P":0,"SOL_In_Ar_Lang_Sinh_P":0,"SOL_Chin_lang_Tot_P":32,"SOL_Croatian_P":0,"SOL_Se_As_A_L_Othr_P":0,"SOL_Chin_lang_Mand_P":27,"SOL_Korean_P":0,"SOL_Maltese_P":3,"SOL_In_Ar_Lang_Beng_P":3,"SOL_Se_As_A_L_Tagal_P":3,"SOL_In_Ar_Lang_Punj_P":0,"SOL_Chin_lang_Cant_P":0,"SOL_French_P":0,"SOL_Se_As_A_L_Tot_P":6,"SOL_Dutch_P":3,"SOL_Chin_lang_Other_P":5,"SA1_MAIN11":"10704114925","SOL_Irani_Lan_Othr_P":0,"SOL_Thai_P":3,"SOL_Italian_P":0,"SOL_Arabic_P":39,"SOL_Vietnamese_P":12,"SOL_Se_As_A_L_Filipino_P":0,"SOL_Ir_Lang_Dari_P":0,"SOL_Samoan_P":0,"SOL_Russian_P":0,"SOL_German_P":0,"SOL_Se_As_A_L_Indon_P":3,"SOL_In_Ar_Lang_Hind_P":4,"SOL_Macedonian_P":14,"SOL_Assyrian_P":0,"SOL_Tamil_P":0,"SOL_In_Ar_Lang_Tot_P":14,"SOL_Turkish_P":19,"SOL_Greek_P":9,"SOL_Portuguese_P":3,"SOL_Khmer_P":0,"SOL_In_Ar_Lang_Othr_P":7},"id":"b13_aust_sa1.10704114925"},{"type":"Feature","properties":{"SOL_Japanese_P":0,"SOL_Hungarian_P":0,"SEO_Persons":323,"SOL_Ir_La_Pe_excl_Da_P":6,"SOL_Serbian_P":18,"SOL_Polish_P":0,"SOL_Iran_Lan_Tot_P":6,"SOL_In_Ar_Lang_Urdu_P":0,"SOL_Spanish_P":4,"SOL_Aus_Indig_Lang_P":0,"SOL_In_Ar_Lang_Sinh_P":0,"SOL_Chin_lang_Tot_P":78,"SOL_Croatian_P":0,"SOL_Se_As_A_L_Othr_P":0,"SOL_Chin_lang_Mand_P":53,"SOL_Korean_P":3,"SOL_Maltese_P":0,"SOL_In_Ar_Lang_Beng_P":6,"SOL_Se_As_A_L_Tagal_P":3,"SOL_In_Ar_Lang_Punj_P":0,"SOL_Chin_lang_Cant_P":11,"SOL_French_P":0,"SOL_Se_As_A_L_Tot_P":3,"SOL_Dutch_P":0,"SOL_Chin_lang_Other_P":14,"SA1_MAIN11":"10704114926","SOL_Irani_Lan_Othr_P":0,"SOL_Thai_P":14,"SOL_Italian_P":3,"SOL_Arabic_P":21,"SOL_Vietnamese_P":16,"SOL_Se_As_A_L_Filipino_P":0,"SOL_Ir_Lang_Dari_P":0,"SOL_Samoan_P":0,"SOL_Russian_P":0,"SOL_German_P":0,"SOL_Se_As_A_L_Indon_P":0,"SOL_In_Ar_Lang_Hind_P":13,"SOL_Macedonian_P":31,"SOL_Assyrian_P":0,"SOL_Tamil_P":6,"SOL_In_Ar_Lang_Tot_P":30,"SOL_Turkish_P":12,"SOL_Greek_P":9,"SOL_Portuguese_P":0,"SOL_Khmer_P":0,"SOL_In_Ar_Lang_Othr_P":11},"id":"b13_aust_sa1.10704114926"},{"type":"Feature","properties":{"SOL_Japanese_P":0,"SOL_Hungarian_P":0,"SEO_Persons":375,"SOL_Ir_La_Pe_excl_Da_P":0,"SOL_Serbian_P":7,"SOL_Polish_P":3,"SOL_Iran_Lan_Tot_P":0,"SOL_In_Ar_Lang_Urdu_P":0,"SOL_Spanish_P":4,"SOL_Aus_Indig_Lang_P":0,"SOL_In_Ar_Lang_Sinh_P":0,"SOL_Chin_lang_Tot_P":42,"SOL_Croatian_P":3,"SOL_Se_As_A_L_Othr_P":0,"SOL_Chin_lang_Mand_P":21,"SOL_Korean_P":0,"SOL_Maltese_P":0,"SOL_In_Ar_Lang_Beng_P":0,"SOL_Se_As_A_L_Tagal_P":4,"SOL_In_Ar_Lang_Punj_P":4,"SOL_Chin_lang_Cant_P":6,"SOL_French_P":6,"SOL_Se_As_A_L_Tot_P":7,"SOL_Dutch_P":3,"SOL_Chin_lang_Other_P":15,"SA1_MAIN11":"10704114927","SOL_Irani_Lan_Othr_P":0,"SOL_Thai_P":0,"SOL_Italian_P":13,"SOL_Arabic_P":12,"SOL_Vietnamese_P":3,"SOL_Se_As_A_L_Filipino_P":0,"SOL_Ir_Lang_Dari_P":0,"SOL_Samoan_P":0,"SOL_Russian_P":3,"SOL_German_P":0,"SOL_Se_As_A_L_Indon_P":3,"SOL_In_Ar_Lang_Hind_P":0,"SOL_Macedonian_P":10,"SOL_Assyrian_P":0,"SOL_Tamil_P":0,"SOL_In_Ar_Lang_Tot_P":7,"SOL_Turkish_P":0,"SOL_Greek_P":15,"SOL_Portuguese_P":0,"SOL_Khmer_P":3,"SOL_In_Ar_Lang_Othr_P":3},"id":"b13_aust_sa1.10704114927"},{"type":"Feature","properties":{"SOL_Japanese_P":0,"SOL_Hungarian_P":0,"SEO_Persons":345,"SOL_Ir_La_Pe_excl_Da_P":0,"SOL_Serbian_P":7,"SOL_Polish_P":0,"SOL_Iran_Lan_Tot_P":0,"SOL_In_Ar_Lang_Urdu_P":0,"SOL_Spanish_P":0,"SOL_Aus_Indig_Lang_P":0,"SOL_In_Ar_Lang_Sinh_P":0,"SOL_Chin_lang_Tot_P":47,"SOL_Croatian_P":4,"SOL_Se_As_A_L_Othr_P":0,"SOL_Chin_lang_Mand_P":21,"SOL_Korean_P":0,"SOL_Maltese_P":3,"SOL_In_Ar_Lang_Beng_P":3,"SOL_Se_As_A_L_Tagal_P":3,"SOL_In_Ar_Lang_Punj_P":0,"SOL_Chin_lang_Cant_P":11,"SOL_French_P":0,"SOL_Se_As_A_L_Tot_P":3,"SOL_Dutch_P":0,"SOL_Chin_lang_Other_P":15,"SA1_MAIN11":"10704114928","SOL_Irani_Lan_Othr_P":0,"SOL_Thai_P":8,"SOL_Italian_P":15,"SOL_Arabic_P":17,"SOL_Vietnamese_P":6,"SOL_Se_As_A_L_Filipino_P":0,"SOL_Ir_Lang_Dari_P":0,"SOL_Samoan_P":0,"SOL_Russian_P":0,"SOL_German_P":0,"SOL_Se_As_A_L_Indon_P":0,"SOL_In_Ar_Lang_Hind_P":3,"SOL_Macedonian_P":34,"SOL_Assyrian_P":0,"SOL_Tamil_P":3,"SOL_In_Ar_Lang_Tot_P":6,"SOL_Turkish_P":0,"SOL_Greek_P":20,"SOL_Portuguese_P":3,"SOL_Khmer_P":0,"SOL_In_Ar_Lang_Othr_P":0},"id":"b13_aust_sa1.10704114928"},{"type":"Feature","properties":{"SOL_Japanese_P":0,"SOL_Hungarian_P":0,"SEO_Persons":459,"SOL_Ir_La_Pe_excl_Da_P":0,"SOL_Serbian_P":0,"SOL_Polish_P":0,"SOL_Iran_Lan_Tot_P":0,"SOL_In_Ar_Lang_Urdu_P":0,"SOL_Spanish_P":8,"SOL_Aus_Indig_Lang_P":0,"SOL_In_Ar_Lang_Sinh_P":0,"SOL_Chin_lang_Tot_P":30,"SOL_Croatian_P":0,"SOL_Se_As_A_L_Othr_P":0,"SOL_Chin_lang_Mand_P":23,"SOL_Korean_P":0,"SOL_Maltese_P":0,"SOL_In_Ar_Lang_Beng_P":3,"SOL_Se_As_A_L_Tagal_P":3,"SOL_In_Ar_Lang_Punj_P":0,"SOL_Chin_lang_Cant_P":0,"SOL_French_P":0,"SOL_Se_As_A_L_Tot_P":9,"SOL_Dutch_P":0,"SOL_Chin_lang_Other_P":7,"SA1_MAIN11":"10704114929","SOL_Irani_Lan_Othr_P":0,"SOL_Thai_P":0,"SOL_Italian_P":7,"SOL_Arabic_P":17,"SOL_Vietnamese_P":11,"SOL_Se_As_A_L_Filipino_P":6,"SOL_Ir_Lang_Dari_P":0,"SOL_Samoan_P":0,"SOL_Russian_P":0,"SOL_German_P":6,"SOL_Se_As_A_L_Indon_P":0,"SOL_In_Ar_Lang_Hind_P":6,"SOL_Macedonian_P":38,"SOL_Assyrian_P":0,"SOL_Tamil_P":3,"SOL_In_Ar_Lang_Tot_P":9,"SOL_Turkish_P":6,"SOL_Greek_P":25,"SOL_Portuguese_P":0,"SOL_Khmer_P":0,"SOL_In_Ar_Lang_Othr_P":0},"id":"b13_aust_sa1.10704114929"},{"type":"Feature","properties":{"SOL_Japanese_P":0,"SOL_Hungarian_P":0,"SEO_Persons":253,"SOL_Ir_La_Pe_excl_Da_P":0,"SOL_Serbian_P":4,"SOL_Polish_P":0,"SOL_Iran_Lan_Tot_P":0,"SOL_In_Ar_Lang_Urdu_P":3,"SOL_Spanish_P":11,"SOL_Aus_Indig_Lang_P":0,"SOL_In_Ar_Lang_Sinh_P":0,"SOL_Chin_lang_Tot_P":62,"SOL_Croatian_P":4,"SOL_Se_As_A_L_Othr_P":0,"SOL_Chin_lang_Mand_P":49,"SOL_Korean_P":0,"SOL_Maltese_P":0,"SOL_In_Ar_Lang_Beng_P":0,"SOL_Se_As_A_L_Tagal_P":0,"SOL_In_Ar_Lang_Punj_P":0,"SOL_Chin_lang_Cant_P":5,"SOL_French_P":0,"SOL_Se_As_A_L_Tot_P":0,"SOL_Dutch_P":0,"SOL_Chin_lang_Other_P":8,"SA1_MAIN11":"10704114930","SOL_Irani_Lan_Othr_P":0,"SOL_Thai_P":8,"SOL_Italian_P":8,"SOL_Arabic_P":40,"SOL_Vietnamese_P":17,"SOL_Se_As_A_L_Filipino_P":0,"SOL_Ir_Lang_Dari_P":0,"SOL_Samoan_P":0,"SOL_Russian_P":0,"SOL_German_P":0,"SOL_Se_As_A_L_Indon_P":0,"SOL_In_Ar_Lang_Hind_P":6,"SOL_Macedonian_P":42,"SOL_Assyrian_P":0,"SOL_Tamil_P":0,"SOL_In_Ar_Lang_Tot_P":9,"SOL_Turkish_P":11,"SOL_Greek_P":14,"SOL_Portuguese_P":0,"SOL_Khmer_P":0,"SOL_In_Ar_Lang_Othr_P":0},"id":"b13_aust_sa1.10704114930"},{"type":"Feature","properties":{"SOL_Japanese_P":0,"SOL_Hungarian_P":0,"SEO_Persons":210,"SOL_Ir_La_Pe_excl_Da_P":0,"SOL_Serbian_P":9,"SOL_Polish_P":0,"SOL_Iran_Lan_Tot_P":0,"SOL_In_Ar_Lang_Urdu_P":0,"SOL_Spanish_P":3,"SOL_Aus_Indig_Lang_P":0,"SOL_In_Ar_Lang_Sinh_P":0,"SOL_Chin_lang_Tot_P":0,"SOL_Croatian_P":0,"SOL_Se_As_A_L_Othr_P":0,"SOL_Chin_lang_Mand_P":0,"SOL_Korean_P":0,"SOL_Maltese_P":0,"SOL_In_Ar_Lang_Beng_P":0,"SOL_Se_As_A_L_Tagal_P":3,"SOL_In_Ar_Lang_Punj_P":0,"SOL_Chin_lang_Cant_P":0,"SOL_French_P":0,"SOL_Se_As_A_L_Tot_P":15,"SOL_Dutch_P":0,"SOL_Chin_lang_Other_P":0,"SA1_MAIN11":"10704114931","SOL_Irani_Lan_Othr_P":0,"SOL_Thai_P":7,"SOL_Italian_P":6,"SOL_Arabic_P":8,"SOL_Vietnamese_P":6,"SOL_Se_As_A_L_Filipino_P":3,"SOL_Ir_Lang_Dari_P":0,"SOL_Samoan_P":0,"SOL_Russian_P":0,"SOL_German_P":6,"SOL_Se_As_A_L_Indon_P":9,"SOL_In_Ar_Lang_Hind_P":0,"SOL_Macedonian_P":32,"SOL_Assyrian_P":0,"SOL_Tamil_P":0,"SOL_In_Ar_Lang_Tot_P":0,"SOL_Turkish_P":0,"SOL_Greek_P":6,"SOL_Portuguese_P":0,"SOL_Khmer_P":0,"SOL_In_Ar_Lang_Othr_P":0},"id":"b13_aust_sa1.10704114931"},{"type":"Feature","properties":{"SOL_Japanese_P":3,"SOL_Hungarian_P":0,"SEO_Persons":383,"SOL_Ir_La_Pe_excl_Da_P":10,"SOL_Serbian_P":3,"SOL_Polish_P":3,"SOL_Iran_Lan_Tot_P":10,"SOL_In_Ar_Lang_Urdu_P":0,"SOL_Spanish_P":0,"SOL_Aus_Indig_Lang_P":0,"SOL_In_Ar_Lang_Sinh_P":0,"SOL_Chin_lang_Tot_P":90,"SOL_Croatian_P":0,"SOL_Se_As_A_L_Othr_P":0,"SOL_Chin_lang_Mand_P":63,"SOL_Korean_P":3,"SOL_Maltese_P":3,"SOL_In_Ar_Lang_Beng_P":0,"SOL_Se_As_A_L_Tagal_P":0,"SOL_In_Ar_Lang_Punj_P":0,"SOL_Chin_lang_Cant_P":16,"SOL_French_P":0,"SOL_Se_As_A_L_Tot_P":3,"SOL_Dutch_P":6,"SOL_Chin_lang_Other_P":11,"SA1_MAIN11":"10704114932","SOL_Irani_Lan_Othr_P":0,"SOL_Thai_P":3,"SOL_Italian_P":4,"SOL_Arabic_P":29,"SOL_Vietnamese_P":3,"SOL_Se_As_A_L_Filipino_P":0,"SOL_Ir_Lang_Dari_P":0,"SOL_Samoan_P":0,"SOL_Russian_P":0,"SOL_German_P":0,"SOL_Se_As_A_L_Indon_P":3,"SOL_In_Ar_Lang_Hind_P":9,"SOL_Macedonian_P":21,"SOL_Assyrian_P":0,"SOL_Tamil_P":6,"SOL_In_Ar_Lang_Tot_P":9,"SOL_Turkish_P":4,"SOL_Greek_P":14,"SOL_Portuguese_P":3,"SOL_Khmer_P":0,"SOL_In_Ar_Lang_Othr_P":0},"id":"b13_aust_sa1.10704114932"},{"type":"Feature","properties":{"SOL_Japanese_P":4,"SOL_Hungarian_P":0,"SEO_Persons":272,"SOL_Ir_La_Pe_excl_Da_P":0,"SOL_Serbian_P":3,"SOL_Polish_P":0,"SOL_Iran_Lan_Tot_P":0,"SOL_In_Ar_Lang_Urdu_P":0,"SOL_Spanish_P":0,"SOL_Aus_Indig_Lang_P":0,"SOL_In_Ar_Lang_Sinh_P":0,"SOL_Chin_lang_Tot_P":7,"SOL_Croatian_P":0,"SOL_Se_As_A_L_Othr_P":0,"SOL_Chin_lang_Mand_P":7,"SOL_Korean_P":0,"SOL_Maltese_P":0,"SOL_In_Ar_Lang_Beng_P":0,"SOL_Se_As_A_L_Tagal_P":0,"SOL_In_Ar_Lang_Punj_P":0,"SOL_Chin_lang_Cant_P":0,"SOL_French_P":0,"SOL_Se_As_A_L_Tot_P":0,"SOL_Dutch_P":0,"SOL_Chin_lang_Other_P":0,"SA1_MAIN11":"10704114933","SOL_Irani_Lan_Othr_P":0,"SOL_Thai_P":0,"SOL_Italian_P":14,"SOL_Arabic_P":0,"SOL_Vietnamese_P":0,"SOL_Se_As_A_L_Filipino_P":0,"SOL_Ir_Lang_Dari_P":0,"SOL_Samoan_P":0,"SOL_Russian_P":0,"SOL_German_P":3,"SOL_Se_As_A_L_Indon_P":0,"SOL_In_Ar_Lang_Hind_P":0,"SOL_Macedonian_P":0,"SOL_Assyrian_P":0,"SOL_Tamil_P":0,"SOL_In_Ar_Lang_Tot_P":0,"SOL_Turkish_P":0,"SOL_Greek_P":31,"SOL_Portuguese_P":0,"SOL_Khmer_P":0,"SOL_In_Ar_Lang_Othr_P":0},"id":"b13_aust_sa1.10704114933"},{"type":"Feature","properties":{"SOL_Japanese_P":0,"SOL_Hungarian_P":0,"SEO_Persons":346,"SOL_Ir_La_Pe_excl_Da_P":0,"SOL_Serbian_P":35,"SOL_Polish_P":3,"SOL_Iran_Lan_Tot_P":3,"SOL_In_Ar_Lang_Urdu_P":0,"SOL_Spanish_P":4,"SOL_Aus_Indig_Lang_P":0,"SOL_In_Ar_Lang_Sinh_P":7,"SOL_Chin_lang_Tot_P":27,"SOL_Croatian_P":3,"SOL_Se_As_A_L_Othr_P":0,"SOL_Chin_lang_Mand_P":19,"SOL_Korean_P":0,"SOL_Maltese_P":0,"SOL_In_Ar_Lang_Beng_P":0,"SOL_Se_As_A_L_Tagal_P":0,"SOL_In_Ar_Lang_Punj_P":0,"SOL_Chin_lang_Cant_P":3,"SOL_French_P":0,"SOL_Se_As_A_L_Tot_P":0,"SOL_Dutch_P":0,"SOL_Chin_lang_Other_P":5,"SA1_MAIN11":"10704114934","SOL_Irani_Lan_Othr_P":0,"SOL_Thai_P":6,"SOL_Italian_P":21,"SOL_Arabic_P":3,"SOL_Vietnamese_P":0,"SOL_Se_As_A_L_Filipino_P":0,"SOL_Ir_Lang_Dari_P":3,"SOL_Samoan_P":4,"SOL_Russian_P":0,"SOL_German_P":3,"SOL_Se_As_A_L_Indon_P":0,"SOL_In_Ar_Lang_Hind_P":0,"SOL_Macedonian_P":84,"SOL_Assyrian_P":0,"SOL_Tamil_P":0,"SOL_In_Ar_Lang_Tot_P":7,"SOL_Turkish_P":0,"SOL_Greek_P":15,"SOL_Portuguese_P":7,"SOL_Khmer_P":0,"SOL_In_Ar_Lang_Othr_P":0},"id":"b13_aust_sa1.10704114934"},{"type":"Feature","properties":{"SOL_Japanese_P":0,"SOL_Hungarian_P":0,"SEO_Persons":202,"SOL_Ir_La_Pe_excl_Da_P":0,"SOL_Serbian_P":18,"SOL_Polish_P":0,"SOL_Iran_Lan_Tot_P":0,"SOL_In_Ar_Lang_Urdu_P":0,"SOL_Spanish_P":0,"SOL_Aus_Indig_Lang_P":0,"SOL_In_Ar_Lang_Sinh_P":0,"SOL_Chin_lang_Tot_P":16,"SOL_Croatian_P":4,"SOL_Se_As_A_L_Othr_P":0,"SOL_Chin_lang_Mand_P":12,"SOL_Korean_P":0,"SOL_Maltese_P":0,"SOL_In_Ar_Lang_Beng_P":4,"SOL_Se_As_A_L_Tagal_P":6,"SOL_In_Ar_Lang_Punj_P":0,"SOL_Chin_lang_Cant_P":0,"SOL_French_P":0,"SOL_Se_As_A_L_Tot_P":6,"SOL_Dutch_P":3,"SOL_Chin_lang_Other_P":4,"SA1_MAIN11":"10704114935","SOL_Irani_Lan_Othr_P":0,"SOL_Thai_P":0,"SOL_Italian_P":6,"SOL_Arabic_P":3,"SOL_Vietnamese_P":0,"SOL_Se_As_A_L_Filipino_P":0,"SOL_Ir_Lang_Dari_P":0,"SOL_Samoan_P":0,"SOL_Russian_P":0,"SOL_German_P":3,"SOL_Se_As_A_L_Indon_P":0,"SOL_In_Ar_Lang_Hind_P":0,"SOL_Macedonian_P":116,"SOL_Assyrian_P":0,"SOL_Tamil_P":0,"SOL_In_Ar_Lang_Tot_P":4,"SOL_Turkish_P":3,"SOL_Greek_P":19,"SOL_Portuguese_P":3,"SOL_Khmer_P":0,"SOL_In_Ar_Lang_Othr_P":0},"id":"b13_aust_sa1.10704114935"},{"type":"Feature","properties":{"SOL_Japanese_P":0,"SOL_Hungarian_P":0,"SEO_Persons":356,"SOL_Ir_La_Pe_excl_Da_P":0,"SOL_Serbian_P":0,"SOL_Polish_P":0,"SOL_Iran_Lan_Tot_P":0,"SOL_In_Ar_Lang_Urdu_P":3,"SOL_Spanish_P":6,"SOL_Aus_Indig_Lang_P":0,"SOL_In_Ar_Lang_Sinh_P":0,"SOL_Chin_lang_Tot_P":11,"SOL_Croatian_P":3,"SOL_Se_As_A_L_Othr_P":0,"SOL_Chin_lang_Mand_P":11,"SOL_Korean_P":0,"SOL_Maltese_P":0,"SOL_In_Ar_Lang_Beng_P":3,"SOL_Se_As_A_L_Tagal_P":0,"SOL_In_Ar_Lang_Punj_P":0,"SOL_Chin_lang_Cant_P":0,"SOL_French_P":3,"SOL_Se_As_A_L_Tot_P":3,"SOL_Dutch_P":0,"SOL_Chin_lang_Other_P":0,"SA1_MAIN11":"10704114945","SOL_Irani_Lan_Othr_P":0,"SOL_Thai_P":3,"SOL_Italian_P":12,"SOL_Arabic_P":6,"SOL_Vietnamese_P":0,"SOL_Se_As_A_L_Filipino_P":3,"SOL_Ir_Lang_Dari_P":0,"SOL_Samoan_P":0,"SOL_Russian_P":0,"SOL_German_P":6,"SOL_Se_As_A_L_Indon_P":0,"SOL_In_Ar_Lang_Hind_P":0,"SOL_Macedonian_P":6,"SOL_Assyrian_P":0,"SOL_Tamil_P":0,"SOL_In_Ar_Lang_Tot_P":9,"SOL_Turkish_P":6,"SOL_Greek_P":3,"SOL_Portuguese_P":0,"SOL_Khmer_P":0,"SOL_In_Ar_Lang_Othr_P":3},"id":"b13_aust_sa1.10704114945"},{"type":"Feature","properties":{"SOL_Japanese_P":3,"SOL_Hungarian_P":0,"SEO_Persons":338,"SOL_Ir_La_Pe_excl_Da_P":3,"SOL_Serbian_P":3,"SOL_Polish_P":3,"SOL_Iran_Lan_Tot_P":3,"SOL_In_Ar_Lang_Urdu_P":0,"SOL_Spanish_P":8,"SOL_Aus_Indig_Lang_P":0,"SOL_In_Ar_Lang_Sinh_P":0,"SOL_Chin_lang_Tot_P":24,"SOL_Croatian_P":0,"SOL_Se_As_A_L_Othr_P":0,"SOL_Chin_lang_Mand_P":9,"SOL_Korean_P":0,"SOL_Maltese_P":0,"SOL_In_Ar_Lang_Beng_P":0,"SOL_Se_As_A_L_Tagal_P":0,"SOL_In_Ar_Lang_Punj_P":0,"SOL_Chin_lang_Cant_P":0,"SOL_French_P":0,"SOL_Se_As_A_L_Tot_P":6,"SOL_Dutch_P":0,"SOL_Chin_lang_Other_P":15,"SA1_MAIN11":"10704114948","SOL_Irani_Lan_Othr_P":0,"SOL_Thai_P":0,"SOL_Italian_P":13,"SOL_Arabic_P":10,"SOL_Vietnamese_P":3,"SOL_Se_As_A_L_Filipino_P":0,"SOL_Ir_Lang_Dari_P":0,"SOL_Samoan_P":0,"SOL_Russian_P":6,"SOL_German_P":0,"SOL_Se_As_A_L_Indon_P":6,"SOL_In_Ar_Lang_Hind_P":0,"SOL_Macedonian_P":4,"SOL_Assyrian_P":0,"SOL_Tamil_P":0,"SOL_In_Ar_Lang_Tot_P":0,"SOL_Turkish_P":6,"SOL_Greek_P":3,"SOL_Portuguese_P":0,"SOL_Khmer_P":0,"SOL_In_Ar_Lang_Othr_P":0},"id":"b13_aust_sa1.10704114948"},{"type":"Feature","properties":{"SOL_Japanese_P":0,"SOL_Hungarian_P":0,"SEO_Persons":499,"SOL_Ir_La_Pe_excl_Da_P":0,"SOL_Serbian_P":0,"SOL_Polish_P":0,"SOL_Iran_Lan_Tot_P":0,"SOL_In_Ar_Lang_Urdu_P":0,"SOL_Spanish_P":17,"SOL_Aus_Indig_Lang_P":0,"SOL_In_Ar_Lang_Sinh_P":0,"SOL_Chin_lang_Tot_P":43,"SOL_Croatian_P":0,"SOL_Se_As_A_L_Othr_P":0,"SOL_Chin_lang_Mand_P":20,"SOL_Korean_P":0,"SOL_Maltese_P":0,"SOL_In_Ar_Lang_Beng_P":0,"SOL_Se_As_A_L_Tagal_P":3,"SOL_In_Ar_Lang_Punj_P":0,"SOL_Chin_lang_Cant_P":0,"SOL_French_P":3,"SOL_Se_As_A_L_Tot_P":6,"SOL_Dutch_P":0,"SOL_Chin_lang_Other_P":23,"SA1_MAIN11":"10704114953","SOL_Irani_Lan_Othr_P":0,"SOL_Thai_P":6,"SOL_Italian_P":10,"SOL_Arabic_P":12,"SOL_Vietnamese_P":0,"SOL_Se_As_A_L_Filipino_P":0,"SOL_Ir_Lang_Dari_P":0,"SOL_Samoan_P":0,"SOL_Russian_P":0,"SOL_German_P":3,"SOL_Se_As_A_L_Indon_P":3,"SOL_In_Ar_Lang_Hind_P":3,"SOL_Macedonian_P":6,"SOL_Assyrian_P":0,"SOL_Tamil_P":0,"SOL_In_Ar_Lang_Tot_P":3,"SOL_Turkish_P":15,"SOL_Greek_P":4,"SOL_Portuguese_P":0,"SOL_Khmer_P":0,"SOL_In_Ar_Lang_Othr_P":0},"id":"b13_aust_sa1.10704114953"},{"type":"Feature","properties":{"SOL_Japanese_P":0,"SOL_Hungarian_P":0,"SEO_Persons":367,"SOL_Ir_La_Pe_excl_Da_P":8,"SOL_Serbian_P":0,"SOL_Polish_P":0,"SOL_Iran_Lan_Tot_P":8,"SOL_In_Ar_Lang_Urdu_P":0,"SOL_Spanish_P":0,"SOL_Aus_Indig_Lang_P":0,"SOL_In_Ar_Lang_Sinh_P":0,"SOL_Chin_lang_Tot_P":0,"SOL_Croatian_P":0,"SOL_Se_As_A_L_Othr_P":0,"SOL_Chin_lang_Mand_P":0,"SOL_Korean_P":0,"SOL_Maltese_P":0,"SOL_In_Ar_Lang_Beng_P":0,"SOL_Se_As_A_L_Tagal_P":0,"SOL_In_Ar_Lang_Punj_P":0,"SOL_Chin_lang_Cant_P":0,"SOL_French_P":6,"SOL_Se_As_A_L_Tot_P":0,"SOL_Dutch_P":0,"SOL_Chin_lang_Other_P":0,"SA1_MAIN11":"10704114954","SOL_Irani_Lan_Othr_P":0,"SOL_Thai_P":3,"SOL_Italian_P":19,"SOL_Arabic_P":0,"SOL_Vietnamese_P":7,"SOL_Se_As_A_L_Filipino_P":0,"SOL_Ir_Lang_Dari_P":0,"SOL_Samoan_P":0,"SOL_Russian_P":0,"SOL_German_P":5,"SOL_Se_As_A_L_Indon_P":0,"SOL_In_Ar_Lang_Hind_P":0,"SOL_Macedonian_P":5,"SOL_Assyrian_P":5,"SOL_Tamil_P":0,"SOL_In_Ar_Lang_Tot_P":0,"SOL_Turkish_P":9,"SOL_Greek_P":0,"SOL_Portuguese_P":0,"SOL_Khmer_P":0,"SOL_In_Ar_Lang_Othr_P":0},"id":"b13_aust_sa1.10704114954"},{"type":"Feature","properties":{"SOL_Japanese_P":0,"SOL_Hungarian_P":0,"SEO_Persons":259,"SOL_Ir_La_Pe_excl_Da_P":6,"SOL_Serbian_P":3,"SOL_Polish_P":0,"SOL_Iran_Lan_Tot_P":6,"SOL_In_Ar_Lang_Urdu_P":0,"SOL_Spanish_P":3,"SOL_Aus_Indig_Lang_P":0,"SOL_In_Ar_Lang_Sinh_P":0,"SOL_Chin_lang_Tot_P":0,"SOL_Croatian_P":6,"SOL_Se_As_A_L_Othr_P":0,"SOL_Chin_lang_Mand_P":0,"SOL_Korean_P":3,"SOL_Maltese_P":0,"SOL_In_Ar_Lang_Beng_P":0,"SOL_Se_As_A_L_Tagal_P":0,"SOL_In_Ar_Lang_Punj_P":0,"SOL_Chin_lang_Cant_P":0,"SOL_French_P":3,"SOL_Se_As_A_L_Tot_P":4,"SOL_Dutch_P":6,"SOL_Chin_lang_Other_P":0,"SA1_MAIN11":"10704114955","SOL_Irani_Lan_Othr_P":0,"SOL_Thai_P":0,"SOL_Italian_P":0,"SOL_Arabic_P":8,"SOL_Vietnamese_P":0,"SOL_Se_As_A_L_Filipino_P":4,"SOL_Ir_Lang_Dari_P":0,"SOL_Samoan_P":0,"SOL_Russian_P":0,"SOL_German_P":3,"SOL_Se_As_A_L_Indon_P":0,"SOL_In_Ar_Lang_Hind_P":0,"SOL_Macedonian_P":0,"SOL_Assyrian_P":0,"SOL_Tamil_P":0,"SOL_In_Ar_Lang_Tot_P":0,"SOL_Turkish_P":0,"SOL_Greek_P":0,"SOL_Portuguese_P":0,"SOL_Khmer_P":0,"SOL_In_Ar_Lang_Othr_P":0},"id":"b13_aust_sa1.10704114955"},{"type":"Feature","properties":{"SOL_Japanese_P":4,"SOL_Hungarian_P":0,"SEO_Persons":681,"SOL_Ir_La_Pe_excl_Da_P":7,"SOL_Serbian_P":0,"SOL_Polish_P":0,"SOL_Iran_Lan_Tot_P":7,"SOL_In_Ar_Lang_Urdu_P":6,"SOL_Spanish_P":3,"SOL_Aus_Indig_Lang_P":0,"SOL_In_Ar_Lang_Sinh_P":0,"SOL_Chin_lang_Tot_P":97,"SOL_Croatian_P":0,"SOL_Se_As_A_L_Othr_P":0,"SOL_Chin_lang_Mand_P":63,"SOL_Korean_P":0,"SOL_Maltese_P":0,"SOL_In_Ar_Lang_Beng_P":3,"SOL_Se_As_A_L_Tagal_P":0,"SOL_In_Ar_Lang_Punj_P":0,"SOL_Chin_lang_Cant_P":7,"SOL_French_P":0,"SOL_Se_As_A_L_Tot_P":0,"SOL_Dutch_P":3,"SOL_Chin_lang_Other_P":27,"SA1_MAIN11":"10704114956","SOL_Irani_Lan_Othr_P":0,"SOL_Thai_P":0,"SOL_Italian_P":9,"SOL_Arabic_P":34,"SOL_Vietnamese_P":3,"SOL_Se_As_A_L_Filipino_P":0,"SOL_Ir_Lang_Dari_P":0,"SOL_Samoan_P":0,"SOL_Russian_P":0,"SOL_German_P":0,"SOL_Se_As_A_L_Indon_P":0,"SOL_In_Ar_Lang_Hind_P":3,"SOL_Macedonian_P":4,"SOL_Assyrian_P":0,"SOL_Tamil_P":0,"SOL_In_Ar_Lang_Tot_P":15,"SOL_Turkish_P":0,"SOL_Greek_P":7,"SOL_Portuguese_P":0,"SOL_Khmer_P":0,"SOL_In_Ar_Lang_Othr_P":3},"id":"b13_aust_sa1.10704114956"}]}