{"type":"FeatureCollection","bbox":[0.0,0.0,-1.0,-1.0],"features":[{"type":"Feature","properties":{"SOL_Japanese_P":4,"SOL_Hungarian_P":0,"SEO_Persons":60,"SOL_Ir_La_Pe_excl_Da_P":0,"SOL_Serbian_P":0,"SOL_Polish_P":3,"SOL_Iran_Lan_Tot_P":0,"SOL_Spanish_P":0,"SOL_Aus_Indig_Lang_P":0,"SOL_Chin_lang_Tot_P":53,"SOL_Croatian_P":0,"SOL_Se_As_A_L_Othr_P":0,"SOL_Korean_P":33,"SOL_Maltese_P":0,"SOL_Se_As_A_L_Tagal_P":3,"SOL_Chin_lang_Cant_P":11,"SOL_French_P":4,"SOL_Se_As_A_L_Tot_P":26,"SOL_Dutch_P":0,"SA1_MAIN11":"11703133708","SOL_Irani_Lan_Othr_P":0,"SOL_Thai_P":78,"SOL_Italian_P":0,"SOL_Arabic_P":4,"SOL_Vietnamese_P":10,"SOL_Se_As_A_L_Filipino_P":0,"SOL_Ir_Lang_Dari_P":0,"SOL_Samoan_P":0,"SOL_Russian_P":0,"SOL_German_P":0,"SOL_Se_As_A_L_Indon_P":23,"SOL_Assyrian_P":0,"SOL_Macedonian_P":0,"SOL_Tamil_P":0,"SOL_In_Ar_Lang_Tot_P":0,"SOL_Turkish_P":0,"SOL_Greek_P":3,"SOL_Portuguese_P":3,"SOL_Khmer_P":0},"id":"b13_aust_sa1.11703133708"},{"type":"Feature","properties":{"SOL_Japanese_P":8,"SOL_Hungarian_P":0,"SEO_Persons":159,"SOL_Ir_La_Pe_excl_Da_P":0,"SOL_Serbian_P":0,"SOL_Polish_P":0,"SOL_Iran_Lan_Tot_P":0,"SOL_Spanish_P":17,"SOL_Aus_Indig_Lang_P":0,"SOL_Chin_lang_Tot_P":62,"SOL_Croatian_P":4,"SOL_Se_As_A_L_Othr_P":0,"SOL_Korean_P":32,"SOL_Maltese_P":0,"SOL_Se_As_A_L_Tagal_P":0,"SOL_Chin_lang_Cant_P":9,"SOL_French_P":11,"SOL_Se_As_A_L_Tot_P":21,"SOL_Dutch_P":0,"SA1_MAIN11":"11703133701","SOL_Irani_Lan_Othr_P":0,"SOL_Thai_P":22,"SOL_Italian_P":4,"SOL_Arabic_P":13,"SOL_Vietnamese_P":0,"SOL_Se_As_A_L_Filipino_P":0,"SOL_Ir_Lang_Dari_P":0,"SOL_Samoan_P":0,"SOL_Russian_P":3,"SOL_German_P":9,"SOL_Se_As_A_L_Indon_P":21,"SOL_Assyrian_P":0,"SOL_Macedonian_P":0,"SOL_Tamil_P":6,"SOL_In_Ar_Lang_Tot_P":21,"SOL_Turkish_P":3,"SOL_Greek_P":0,"SOL_Portuguese_P":6,"SOL_Khmer_P":0},"id":"b13_aust_sa1.11703133701"},{"type":"Feature","properties":{"SOL_Japanese_P":0,"SOL_Hungarian_P":0,"SEO_Persons":22,"SOL_Ir_La_Pe_excl_Da_P":0,"SOL_Serbian_P":0,"SOL_Polish_P":0,"SOL_Iran_Lan_Tot_P":0,"SOL_Spanish_P":0,"SOL_Aus_Indig_Lang_P":0,"SOL_Chin_lang_Tot_P":45,"SOL_Croatian_P":0,"SOL_Se_As_A_L_Othr_P":0,"SOL_Korean_P":8,"SOL_Maltese_P":0,"SOL_Se_As_A_L_Tagal_P":0,"SOL_Chin_lang_Cant_P":21,"SOL_French_P":0,"SOL_Se_As_A_L_Tot_P":16,"SOL_Dutch_P":0,"SA1_MAIN11":"11703133702","SOL_Irani_Lan_Othr_P":0,"SOL_Thai_P":15,"SOL_Italian_P":0,"SOL_Arabic_P":0,"SOL_Vietnamese_P":0,"SOL_Se_As_A_L_Filipino_P":6,"SOL_Ir_Lang_Dari_P":0,"SOL_Samoan_P":0,"SOL_Russian_P":0,"SOL_German_P":0,"SOL_Se_As_A_L_Indon_P":10,"SOL_Assyrian_P":0,"SOL_Macedonian_P":0,"SOL_Tamil_P":0,"SOL_In_Ar_Lang_Tot_P":3,"SOL_Turkish_P":0,"SOL_Greek_P":0,"SOL_Portuguese_P":0,"SOL_Khmer_P":0},"id":"b13_aust_sa1.11703133702"},{"type":"Feature","properties":{"SOL_Japanese_P":14,"SOL_Hungarian_P":0,"SEO_Persons":141,"SOL_Ir_La_Pe_excl_Da_P":3,"SOL_Serbian_P":0,"SOL_Polish_P":0,"SOL_Iran_Lan_Tot_P":3,"SOL_Spanish_P":7,"SOL_Aus_Indig_Lang_P":0,"SOL_Chin_lang_Tot_P":418,"SOL_Croatian_P":0,"SOL_Se_As_A_L_Othr_P":0,"SOL_Korean_P":81,"SOL_Maltese_P":0,"SOL_Se_As_A_L_Tagal_P":3,"SOL_Chin_lang_Cant_P":145,"SOL_French_P":3,"SOL_Se_As_A_L_Tot_P":143,"SOL_Dutch_P":0,"SA1_MAIN11":"11703133703","SOL_Irani_Lan_Othr_P":0,"SOL_Thai_P":77,"SOL_Italian_P":6,"SOL_Arabic_P":13,"SOL_Vietnamese_P":23,"SOL_Se_As_A_L_Filipino_P":3,"SOL_Ir_Lang_Dari_P":0,"SOL_Samoan_P":0,"SOL_Russian_P":5,"SOL_German_P":0,"SOL_Se_As_A_L_Indon_P":137,"SOL_Assyrian_P":0,"SOL_Macedonian_P":0,"SOL_Tamil_P":0,"SOL_In_Ar_Lang_Tot_P":24,"SOL_Turkish_P":7,"SOL_Greek_P":0,"SOL_Portuguese_P":0,"SOL_Khmer_P":0},"id":"b13_aust_sa1.11703133703"},{"type":"Feature","properties":{"SOL_Japanese_P":0,"SOL_Hungarian_P":0,"SEO_Persons":103,"SOL_Ir_La_Pe_excl_Da_P":0,"SOL_Serbian_P":0,"SOL_Polish_P":0,"SOL_Iran_Lan_Tot_P":0,"SOL_Spanish_P":8,"SOL_Aus_Indig_Lang_P":0,"SOL_Chin_lang_Tot_P":6,"SOL_Croatian_P":0,"SOL_Se_As_A_L_Othr_P":0,"SOL_Korean_P":0,"SOL_Maltese_P":0,"SOL_Se_As_A_L_Tagal_P":0,"SOL_Chin_lang_Cant_P":3,"SOL_French_P":0,"SOL_Se_As_A_L_Tot_P":0,"SOL_Dutch_P":0,"SA1_MAIN11":"11703133704","SOL_Irani_Lan_Othr_P":0,"SOL_Thai_P":0,"SOL_Italian_P":13,"SOL_Arabic_P":0,"SOL_Vietnamese_P":0,"SOL_Se_As_A_L_Filipino_P":0,"SOL_Ir_Lang_Dari_P":0,"SOL_Samoan_P":0,"SOL_Russian_P":0,"SOL_German_P":5,"SOL_Se_As_A_L_Indon_P":0,"SOL_Assyrian_P":0,"SOL_Macedonian_P":0,"SOL_Tamil_P":0,"SOL_In_Ar_Lang_Tot_P":0,"SOL_Turkish_P":0,"SOL_Greek_P":0,"SOL_Portuguese_P":0,"SOL_Khmer_P":0},"id":"b13_aust_sa1.11703133704"},{"type":"Feature","properties":{"SOL_Japanese_P":14,"SOL_Hungarian_P":0,"SEO_Persons":164,"SOL_Ir_La_Pe_excl_Da_P":0,"SOL_Serbian_P":3,"SOL_Polish_P":3,"SOL_Iran_Lan_Tot_P":0,"SOL_Spanish_P":3,"SOL_Aus_Indig_Lang_P":0,"SOL_Chin_lang_Tot_P":51,"SOL_Croatian_P":0,"SOL_Se_As_A_L_Othr_P":0,"SOL_Korean_P":7,"SOL_Maltese_P":0,"SOL_Se_As_A_L_Tagal_P":0,"SOL_Chin_lang_Cant_P":12,"SOL_French_P":10,"SOL_Se_As_A_L_Tot_P":16,"SOL_Dutch_P":0,"SA1_MAIN11":"11703133705","SOL_Irani_Lan_Othr_P":0,"SOL_Thai_P":8,"SOL_Italian_P":3,"SOL_Arabic_P":10,"SOL_Vietnamese_P":6,"SOL_Se_As_A_L_Filipino_P":4,"SOL_Ir_Lang_Dari_P":0,"SOL_Samoan_P":0,"SOL_Russian_P":0,"SOL_German_P":3,"SOL_Se_As_A_L_Indon_P":12,"SOL_Assyrian_P":3,"SOL_Macedonian_P":0,"SOL_Tamil_P":0,"SOL_In_Ar_Lang_Tot_P":22,"SOL_Turkish_P":0,"SOL_Greek_P":0,"SOL_Portuguese_P":0,"SOL_Khmer_P":0},"id":"b13_aust_sa1.11703133705"},{"type":"Feature","properties":{"SOL_Japanese_P":9,"SOL_Hungarian_P":0,"SEO_Persons":280,"SOL_Ir_La_Pe_excl_Da_P":0,"SOL_Serbian_P":0,"SOL_Polish_P":3,"SOL_Iran_Lan_Tot_P":0,"SOL_Spanish_P":11,"SOL_Aus_Indig_Lang_P":0,"SOL_Chin_lang_Tot_P":35,"SOL_Croatian_P":0,"SOL_Se_As_A_L_Othr_P":0,"SOL_Korean_P":11,"SOL_Maltese_P":0,"SOL_Se_As_A_L_Tagal_P":3,"SOL_Chin_lang_Cant_P":17,"SOL_French_P":3,"SOL_Se_As_A_L_Tot_P":9,"SOL_Dutch_P":4,"SA1_MAIN11":"11703133706","SOL_Irani_Lan_Othr_P":0,"SOL_Thai_P":0,"SOL_Italian_P":4,"SOL_Arabic_P":6,"SOL_Vietnamese_P":6,"SOL_Se_As_A_L_Filipino_P":0,"SOL_Ir_Lang_Dari_P":0,"SOL_Samoan_P":0,"SOL_Russian_P":0,"SOL_German_P":0,"SOL_Se_As_A_L_Indon_P":6,"SOL_Assyrian_P":0,"SOL_Macedonian_P":4,"SOL_Tamil_P":0,"SOL_In_Ar_Lang_Tot_P":18,"SOL_Turkish_P":0,"SOL_Greek_P":12,"SOL_Portuguese_P":4,"SOL_Khmer_P":0},"id":"b13_aust_sa1.11703133706"},{"type":"Feature","properties":{"SOL_Japanese_P":7,"SOL_Hungarian_P":0,"SEO_Persons":169,"SOL_Ir_La_Pe_excl_Da_P":0,"SOL_Serbian_P":0,"SOL_Polish_P":0,"SOL_Iran_Lan_Tot_P":0,"SOL_Spanish_P":6,"SOL_Aus_Indig_Lang_P":0,"SOL_Chin_lang_Tot_P":185,"SOL_Croatian_P":0,"SOL_Se_As_A_L_Othr_P":0,"SOL_Korean_P":21,"SOL_Maltese_P":0,"SOL_Se_As_A_L_Tagal_P":3,"SOL_Chin_lang_Cant_P":50,"SOL_French_P":6,"SOL_Se_As_A_L_Tot_P":50,"SOL_Dutch_P":3,"SA1_MAIN11":"11703133707","SOL_Irani_Lan_Othr_P":0,"SOL_Thai_P":10,"SOL_Italian_P":0,"SOL_Arabic_P":7,"SOL_Vietnamese_P":6,"SOL_Se_As_A_L_Filipino_P":0,"SOL_Ir_Lang_Dari_P":0,"SOL_Samoan_P":0,"SOL_Russian_P":3,"SOL_German_P":0,"SOL_Se_As_A_L_Indon_P":47,"SOL_Assyrian_P":0,"SOL_Macedonian_P":0,"SOL_Tamil_P":0,"SOL_In_Ar_Lang_Tot_P":6,"SOL_Turkish_P":0,"SOL_Greek_P":0,"SOL_Portuguese_P":3,"SOL_Khmer_P":0},"id":"b13_aust_sa1.11703133707"},{"type":"Feature","properties":{"SOL_Japanese_P":4,"SOL_Hungarian_P":0,"SEO_Persons":171,"SOL_Ir_La_Pe_excl_Da_P":3,"SOL_Serbian_P":0,"SOL_Polish_P":0,"SOL_Iran_Lan_Tot_P":3,"SOL_Spanish_P":8,"SOL_Aus_Indig_Lang_P":0,"SOL_Chin_lang_Tot_P":86,"SOL_Croatian_P":0,"SOL_Se_As_A_L_Othr_P":0,"SOL_Korean_P":18,"SOL_Maltese_P":0,"SOL_Se_As_A_L_Tagal_P":3,"SOL_Chin_lang_Cant_P":29,"SOL_French_P":3,"SOL_Se_As_A_L_Tot_P":71,"SOL_Dutch_P":0,"SA1_MAIN11":"11703133710","SOL_Irani_Lan_Othr_P":0,"SOL_Thai_P":57,"SOL_Italian_P":6,"SOL_Arabic_P":0,"SOL_Vietnamese_P":9,"SOL_Se_As_A_L_Filipino_P":0,"SOL_Ir_Lang_Dari_P":0,"SOL_Samoan_P":0,"SOL_Russian_P":0,"SOL_German_P":0,"SOL_Se_As_A_L_Indon_P":68,"SOL_Assyrian_P":0,"SOL_Macedonian_P":0,"SOL_Tamil_P":0,"SOL_In_Ar_Lang_Tot_P":6,"SOL_Turkish_P":3,"SOL_Greek_P":0,"SOL_Portuguese_P":0,"SOL_Khmer_P":3},"id":"b13_aust_sa1.11703133710"},{"type":"Feature","properties":{"SOL_Japanese_P":5,"SOL_Hungarian_P":0,"SEO_Persons":132,"SOL_Ir_La_Pe_excl_Da_P":4,"SOL_Serbian_P":0,"SOL_Polish_P":3,"SOL_Iran_Lan_Tot_P":4,"SOL_Spanish_P":3,"SOL_Aus_Indig_Lang_P":0,"SOL_Chin_lang_Tot_P":197,"SOL_Croatian_P":0,"SOL_Se_As_A_L_Othr_P":0,"SOL_Korean_P":35,"SOL_Maltese_P":0,"SOL_Se_As_A_L_Tagal_P":6,"SOL_Chin_lang_Cant_P":66,"SOL_French_P":13,"SOL_Se_As_A_L_Tot_P":89,"SOL_Dutch_P":6,"SA1_MAIN11":"11703133716","SOL_Irani_Lan_Othr_P":0,"SOL_Thai_P":62,"SOL_Italian_P":4,"SOL_Arabic_P":0,"SOL_Vietnamese_P":9,"SOL_Se_As_A_L_Filipino_P":0,"SOL_Ir_Lang_Dari_P":0,"SOL_Samoan_P":0,"SOL_Russian_P":0,"SOL_German_P":3,"SOL_Se_As_A_L_Indon_P":83,"SOL_Assyrian_P":0,"SOL_Macedonian_P":0,"SOL_Tamil_P":5,"SOL_In_Ar_Lang_Tot_P":13,"SOL_Turkish_P":0,"SOL_Greek_P":4,"SOL_Portuguese_P":4,"SOL_Khmer_P":0},"id":"b13_aust_sa1.11703133716"},{"type":"Feature","properties":{"SOL_Japanese_P":8,"SOL_Hungarian_P":0,"SEO_Persons":219,"SOL_Ir_La_Pe_excl_Da_P":0,"SOL_Serbian_P":0,"SOL_Polish_P":0,"SOL_Iran_Lan_Tot_P":0,"SOL_Spanish_P":6,"SOL_Aus_Indig_Lang_P":0,"SOL_Chin_lang_Tot_P":38,"SOL_Croatian_P":0,"SOL_Se_As_A_L_Othr_P":0,"SOL_Korean_P":6,"SOL_Maltese_P":0,"SOL_Se_As_A_L_Tagal_P":0,"SOL_Chin_lang_Cant_P":20,"SOL_French_P":6,"SOL_Se_As_A_L_Tot_P":13,"SOL_Dutch_P":0,"SA1_MAIN11":"11703133717","SOL_Irani_Lan_Othr_P":0,"SOL_Thai_P":18,"SOL_Italian_P":0,"SOL_Arabic_P":0,"SOL_Vietnamese_P":3,"SOL_Se_As_A_L_Filipino_P":0,"SOL_Ir_Lang_Dari_P":0,"SOL_Samoan_P":0,"SOL_Russian_P":3,"SOL_German_P":0,"SOL_Se_As_A_L_Indon_P":13,"SOL_Assyrian_P":0,"SOL_Macedonian_P":0,"SOL_Tamil_P":0,"SOL_In_Ar_Lang_Tot_P":8,"SOL_Turkish_P":0,"SOL_Greek_P":0,"SOL_Portuguese_P":3,"SOL_Khmer_P":0},"id":"b13_aust_sa1.11703133717"},{"type":"Feature","properties":{"SOL_Japanese_P":8,"SOL_Hungarian_P":0,"SEO_Persons":171,"SOL_Ir_La_Pe_excl_Da_P":0,"SOL_Serbian_P":0,"SOL_Polish_P":0,"SOL_Iran_Lan_Tot_P":0,"SOL_Spanish_P":0,"SOL_Aus_Indig_Lang_P":0,"SOL_Chin_lang_Tot_P":81,"SOL_Croatian_P":0,"SOL_Se_As_A_L_Othr_P":3,"SOL_Korean_P":27,"SOL_Maltese_P":0,"SOL_Se_As_A_L_Tagal_P":6,"SOL_Chin_lang_Cant_P":21,"SOL_French_P":7,"SOL_Se_As_A_L_Tot_P":30,"SOL_Dutch_P":0,"SA1_MAIN11":"11703133718","SOL_Irani_Lan_Othr_P":0,"SOL_Thai_P":63,"SOL_Italian_P":13,"SOL_Arabic_P":8,"SOL_Vietnamese_P":4,"SOL_Se_As_A_L_Filipino_P":0,"SOL_Ir_Lang_Dari_P":0,"SOL_Samoan_P":0,"SOL_Russian_P":0,"SOL_German_P":4,"SOL_Se_As_A_L_Indon_P":21,"SOL_Assyrian_P":0,"SOL_Macedonian_P":0,"SOL_Tamil_P":3,"SOL_In_Ar_Lang_Tot_P":15,"SOL_Turkish_P":3,"SOL_Greek_P":0,"SOL_Portuguese_P":0,"SOL_Khmer_P":0},"id":"b13_aust_sa1.11703133718"},{"type":"Feature","properties":{"SOL_Japanese_P":21,"SOL_Hungarian_P":0,"SEO_Persons":194,"SOL_Ir_La_Pe_excl_Da_P":0,"SOL_Serbian_P":0,"SOL_Polish_P":0,"SOL_Iran_Lan_Tot_P":0,"SOL_Spanish_P":11,"SOL_Aus_Indig_Lang_P":0,"SOL_Chin_lang_Tot_P":102,"SOL_Croatian_P":3,"SOL_Se_As_A_L_Othr_P":3,"SOL_Korean_P":40,"SOL_Maltese_P":0,"SOL_Se_As_A_L_Tagal_P":10,"SOL_Chin_lang_Cant_P":28,"SOL_French_P":3,"SOL_Se_As_A_L_Tot_P":63,"SOL_Dutch_P":0,"SA1_MAIN11":"11703133719","SOL_Irani_Lan_Othr_P":0,"SOL_Thai_P":41,"SOL_Italian_P":6,"SOL_Arabic_P":7,"SOL_Vietnamese_P":7,"SOL_Se_As_A_L_Filipino_P":0,"SOL_Ir_Lang_Dari_P":0,"SOL_Samoan_P":0,"SOL_Russian_P":0,"SOL_German_P":0,"SOL_Se_As_A_L_Indon_P":50,"SOL_Assyrian_P":0,"SOL_Macedonian_P":0,"SOL_Tamil_P":6,"SOL_In_Ar_Lang_Tot_P":41,"SOL_Turkish_P":0,"SOL_Greek_P":0,"SOL_Portuguese_P":5,"SOL_Khmer_P":0},"id":"b13_aust_sa1.11703133719"},{"type":"Feature","properties":{"SOL_Japanese_P":0,"SOL_Hungarian_P":0,"SEO_Persons":3,"SOL_Ir_La_Pe_excl_Da_P":0,"SOL_Serbian_P":0,"SOL_Polish_P":0,"SOL_Iran_Lan_Tot_P":0,"SOL_Spanish_P":0,"SOL_Aus_Indig_Lang_P":0,"SOL_Chin_lang_Tot_P":0,"SOL_Croatian_P":0,"SOL_Se_As_A_L_Othr_P":0,"SOL_Korean_P":0,"SOL_Maltese_P":0,"SOL_Se_As_A_L_Tagal_P":0,"SOL_Chin_lang_Cant_P":0,"SOL_French_P":0,"SOL_Se_As_A_L_Tot_P":0,"SOL_Dutch_P":0,"SA1_MAIN11":"11703133720","SOL_Irani_Lan_Othr_P":0,"SOL_Thai_P":0,"SOL_Italian_P":0,"SOL_Arabic_P":0,"SOL_Vietnamese_P":0,"SOL_Se_As_A_L_Filipino_P":0,"SOL_Ir_Lang_Dari_P":0,"SOL_Samoan_P":0,"SOL_Russian_P":0,"SOL_German_P":0,"SOL_Se_As_A_L_Indon_P":0,"SOL_Assyrian_P":0,"SOL_Macedonian_P":0,"SOL_Tamil_P":0,"SOL_In_Ar_Lang_Tot_P":0,"SOL_Turkish_P":0,"SOL_Greek_P":0,"SOL_Portuguese_P":0,"SOL_Khmer_P":0},"id":"b13_aust_sa1.11703133720"},{"type":"Feature","properties":{"SOL_Japanese_P":24,"SOL_Hungarian_P":0,"SEO_Persons":225,"SOL_Ir_La_Pe_excl_Da_P":3,"SOL_Serbian_P":0,"SOL_Polish_P":0,"SOL_Iran_Lan_Tot_P":3,"SOL_Spanish_P":6,"SOL_Aus_Indig_Lang_P":0,"SOL_Chin_lang_Tot_P":497,"SOL_Croatian_P":0,"SOL_Se_As_A_L_Othr_P":0,"SOL_Korean_P":145,"SOL_Maltese_P":0,"SOL_Se_As_A_L_Tagal_P":0,"SOL_Chin_lang_Cant_P":125,"SOL_French_P":6,"SOL_Se_As_A_L_Tot_P":188,"SOL_Dutch_P":3,"SA1_MAIN11":"11703133721","SOL_Irani_Lan_Othr_P":0,"SOL_Thai_P":103,"SOL_Italian_P":3,"SOL_Arabic_P":3,"SOL_Vietnamese_P":25,"SOL_Se_As_A_L_Filipino_P":0,"SOL_Ir_Lang_Dari_P":0,"SOL_Samoan_P":0,"SOL_Russian_P":3,"SOL_German_P":6,"SOL_Se_As_A_L_Indon_P":188,"SOL_Assyrian_P":0,"SOL_Macedonian_P":0,"SOL_Tamil_P":3,"SOL_In_Ar_Lang_Tot_P":21,"SOL_Turkish_P":0,"SOL_Greek_P":3,"SOL_Portuguese_P":4,"SOL_Khmer_P":3},"id":"b13_aust_sa1.11703133721"},{"type":"Feature","properties":{"SOL_Japanese_P":3,"SOL_Hungarian_P":0,"SEO_Persons":185,"SOL_Ir_La_Pe_excl_Da_P":3,"SOL_Serbian_P":0,"SOL_Polish_P":0,"SOL_Iran_Lan_Tot_P":3,"SOL_Spanish_P":0,"SOL_Aus_Indig_Lang_P":0,"SOL_Chin_lang_Tot_P":6,"SOL_Croatian_P":0,"SOL_Se_As_A_L_Othr_P":0,"SOL_Korean_P":3,"SOL_Maltese_P":0,"SOL_Se_As_A_L_Tagal_P":0,"SOL_Chin_lang_Cant_P":6,"SOL_French_P":6,"SOL_Se_As_A_L_Tot_P":3,"SOL_Dutch_P":0,"SA1_MAIN11":"11703133723","SOL_Irani_Lan_Othr_P":0,"SOL_Thai_P":0,"SOL_Italian_P":0,"SOL_Arabic_P":6,"SOL_Vietnamese_P":0,"SOL_Se_As_A_L_Filipino_P":0,"SOL_Ir_Lang_Dari_P":0,"SOL_Samoan_P":0,"SOL_Russian_P":0,"SOL_German_P":3,"SOL_Se_As_A_L_Indon_P":3,"SOL_Assyrian_P":0,"SOL_Macedonian_P":0,"SOL_Tamil_P":0,"SOL_In_Ar_Lang_Tot_P":0,"SOL_Turkish_P":0,"SOL_Greek_P":3,"SOL_Portuguese_P":0,"SOL_Khmer_P":0},"id":"b13_aust_sa1.11703133723"},{"type":"Feature","properties":{"SOL_Japanese_P":3,"SOL_Hungarian_P":0,"SEO_Persons":144,"SOL_Ir_La_Pe_excl_Da_P":0,"SOL_Serbian_P":0,"SOL_Polish_P":0,"SOL_Iran_Lan_Tot_P":0,"SOL_Spanish_P":3,"SOL_Aus_Indig_Lang_P":0,"SOL_Chin_lang_Tot_P":11,"SOL_Croatian_P":0,"SOL_Se_As_A_L_Othr_P":0,"SOL_Korean_P":0,"SOL_Maltese_P":0,"SOL_Se_As_A_L_Tagal_P":0,"SOL_Chin_lang_Cant_P":5,"SOL_French_P":7,"SOL_Se_As_A_L_Tot_P":6,"SOL_Dutch_P":3,"SA1_MAIN11":"11703133729","SOL_Irani_Lan_Othr_P":0,"SOL_Thai_P":4,"SOL_Italian_P":3,"SOL_Arabic_P":0,"SOL_Vietnamese_P":0,"SOL_Se_As_A_L_Filipino_P":0,"SOL_Ir_Lang_Dari_P":0,"SOL_Samoan_P":0,"SOL_Russian_P":0,"SOL_German_P":0,"SOL_Se_As_A_L_Indon_P":6,"SOL_Assyrian_P":0,"SOL_Macedonian_P":0,"SOL_Tamil_P":0,"SOL_In_Ar_Lang_Tot_P":3,"SOL_Turkish_P":0,"SOL_Greek_P":3,"SOL_Portuguese_P":0,"SOL_Khmer_P":0},"id":"b13_aust_sa1.11703133729"},{"type":"Feature","properties":{"SOL_Japanese_P":3,"SOL_Hungarian_P":0,"SEO_Persons":14,"SOL_Ir_La_Pe_excl_Da_P":0,"SOL_Serbian_P":0,"SOL_Polish_P":0,"SOL_Iran_Lan_Tot_P":0,"SOL_Spanish_P":0,"SOL_Aus_Indig_Lang_P":0,"SOL_Chin_lang_Tot_P":146,"SOL_Croatian_P":0,"SOL_Se_As_A_L_Othr_P":0,"SOL_Korean_P":26,"SOL_Maltese_P":0,"SOL_Se_As_A_L_Tagal_P":0,"SOL_Chin_lang_Cant_P":32,"SOL_French_P":0,"SOL_Se_As_A_L_Tot_P":51,"SOL_Dutch_P":0,"SA1_MAIN11":"11703133733","SOL_Irani_Lan_Othr_P":0,"SOL_Thai_P":28,"SOL_Italian_P":0,"SOL_Arabic_P":0,"SOL_Vietnamese_P":7,"SOL_Se_As_A_L_Filipino_P":0,"SOL_Ir_Lang_Dari_P":0,"SOL_Samoan_P":0,"SOL_Russian_P":0,"SOL_German_P":0,"SOL_Se_As_A_L_Indon_P":51,"SOL_Assyrian_P":0,"SOL_Macedonian_P":0,"SOL_Tamil_P":0,"SOL_In_Ar_Lang_Tot_P":0,"SOL_Turkish_P":0,"SOL_Greek_P":0,"SOL_Portuguese_P":0,"SOL_Khmer_P":3},"id":"b13_aust_sa1.11703133733"},{"type":"Feature","properties":{"SOL_Japanese_P":3,"SOL_Hungarian_P":0,"SEO_Persons":91,"SOL_Ir_La_Pe_excl_Da_P":0,"SOL_Serbian_P":0,"SOL_Polish_P":0,"SOL_Iran_Lan_Tot_P":0,"SOL_Spanish_P":6,"SOL_Aus_Indig_Lang_P":0,"SOL_Chin_lang_Tot_P":114,"SOL_Croatian_P":0,"SOL_Se_As_A_L_Othr_P":0,"SOL_Korean_P":23,"SOL_Maltese_P":0,"SOL_Se_As_A_L_Tagal_P":0,"SOL_Chin_lang_Cant_P":26,"SOL_French_P":9,"SOL_Se_As_A_L_Tot_P":62,"SOL_Dutch_P":0,"SA1_MAIN11":"11703133734","SOL_Irani_Lan_Othr_P":0,"SOL_Thai_P":24,"SOL_Italian_P":6,"SOL_Arabic_P":3,"SOL_Vietnamese_P":6,"SOL_Se_As_A_L_Filipino_P":3,"SOL_Ir_Lang_Dari_P":0,"SOL_Samoan_P":0,"SOL_Russian_P":6,"SOL_German_P":0,"SOL_Se_As_A_L_Indon_P":59,"SOL_Assyrian_P":0,"SOL_Macedonian_P":0,"SOL_Tamil_P":0,"SOL_In_Ar_Lang_Tot_P":19,"SOL_Turkish_P":0,"SOL_Greek_P":0,"SOL_Portuguese_P":10,"SOL_Khmer_P":0},"id":"b13_aust_sa1.11703133734"},{"type":"Feature","properties":{"SOL_Japanese_P":7,"SOL_Hungarian_P":0,"SEO_Persons":26,"SOL_Ir_La_Pe_excl_Da_P":0,"SOL_Serbian_P":0,"SOL_Polish_P":3,"SOL_Iran_Lan_Tot_P":0,"SOL_Spanish_P":4,"SOL_Aus_Indig_Lang_P":0,"SOL_Chin_lang_Tot_P":70,"SOL_Croatian_P":0,"SOL_Se_As_A_L_Othr_P":0,"SOL_Korean_P":33,"SOL_Maltese_P":0,"SOL_Se_As_A_L_Tagal_P":0,"SOL_Chin_lang_Cant_P":14,"SOL_French_P":0,"SOL_Se_As_A_L_Tot_P":10,"SOL_Dutch_P":0,"SA1_MAIN11":"11703133735","SOL_Irani_Lan_Othr_P":0,"SOL_Thai_P":35,"SOL_Italian_P":0,"SOL_Arabic_P":0,"SOL_Vietnamese_P":0,"SOL_Se_As_A_L_Filipino_P":0,"SOL_Ir_Lang_Dari_P":0,"SOL_Samoan_P":0,"SOL_Russian_P":0,"SOL_German_P":0,"SOL_Se_As_A_L_Indon_P":10,"SOL_Assyrian_P":0,"SOL_Macedonian_P":0,"SOL_Tamil_P":0,"SOL_In_Ar_Lang_Tot_P":3,"SOL_Turkish_P":3,"SOL_Greek_P":0,"SOL_Portuguese_P":3,"SOL_Khmer_P":0},"id":"b13_aust_sa1.11703133735"},{"type":"Feature","properties":{"SOL_Japanese_P":3,"SOL_Hungarian_P":0,"SEO_Persons":68,"SOL_Ir_La_Pe_excl_Da_P":0,"SOL_Serbian_P":0,"SOL_Polish_P":0,"SOL_Iran_Lan_Tot_P":0,"SOL_Spanish_P":0,"SOL_Aus_Indig_Lang_P":0,"SOL_Chin_lang_Tot_P":116,"SOL_Croatian_P":0,"SOL_Se_As_A_L_Othr_P":0,"SOL_Korean_P":44,"SOL_Maltese_P":0,"SOL_Se_As_A_L_Tagal_P":0,"SOL_Chin_lang_Cant_P":49,"SOL_French_P":3,"SOL_Se_As_A_L_Tot_P":56,"SOL_Dutch_P":0,"SA1_MAIN11":"11703133736","SOL_Irani_Lan_Othr_P":0,"SOL_Thai_P":55,"SOL_Italian_P":8,"SOL_Arabic_P":0,"SOL_Vietnamese_P":17,"SOL_Se_As_A_L_Filipino_P":0,"SOL_Ir_Lang_Dari_P":0,"SOL_Samoan_P":0,"SOL_Russian_P":0,"SOL_German_P":0,"SOL_Se_As_A_L_Indon_P":56,"SOL_Assyrian_P":0,"SOL_Macedonian_P":0,"SOL_Tamil_P":0,"SOL_In_Ar_Lang_Tot_P":0,"SOL_Turkish_P":0,"SOL_Greek_P":0,"SOL_Portuguese_P":0,"SOL_Khmer_P":0},"id":"b13_aust_sa1.11703133736"},{"type":"Feature","properties":{"SOL_Japanese_P":0,"SOL_Hungarian_P":0,"SEO_Persons":96,"SOL_Ir_La_Pe_excl_Da_P":0,"SOL_Serbian_P":0,"SOL_Polish_P":0,"SOL_Iran_Lan_Tot_P":0,"SOL_Spanish_P":0,"SOL_Aus_Indig_Lang_P":0,"SOL_Chin_lang_Tot_P":4,"SOL_Croatian_P":0,"SOL_Se_As_A_L_Othr_P":0,"SOL_Korean_P":0,"SOL_Maltese_P":0,"SOL_Se_As_A_L_Tagal_P":0,"SOL_Chin_lang_Cant_P":0,"SOL_French_P":3,"SOL_Se_As_A_L_Tot_P":4,"SOL_Dutch_P":0,"SA1_MAIN11":"11703133748","SOL_Irani_Lan_Othr_P":0,"SOL_Thai_P":9,"SOL_Italian_P":4,"SOL_Arabic_P":0,"SOL_Vietnamese_P":0,"SOL_Se_As_A_L_Filipino_P":0,"SOL_Ir_Lang_Dari_P":0,"SOL_Samoan_P":0,"SOL_Russian_P":4,"SOL_German_P":0,"SOL_Se_As_A_L_Indon_P":4,"SOL_Assyrian_P":0,"SOL_Macedonian_P":0,"SOL_Tamil_P":0,"SOL_In_Ar_Lang_Tot_P":22,"SOL_Turkish_P":0,"SOL_Greek_P":0,"SOL_Portuguese_P":0,"SOL_Khmer_P":0},"id":"b13_aust_sa1.11703133748"},{"type":"Feature","properties":{"SOL_Japanese_P":12,"SOL_Hungarian_P":0,"SEO_Persons":99,"SOL_Ir_La_Pe_excl_Da_P":0,"SOL_Serbian_P":0,"SOL_Polish_P":0,"SOL_Iran_Lan_Tot_P":0,"SOL_Spanish_P":0,"SOL_Aus_Indig_Lang_P":0,"SOL_Chin_lang_Tot_P":183,"SOL_Croatian_P":0,"SOL_Se_As_A_L_Othr_P":0,"SOL_Korean_P":65,"SOL_Maltese_P":0,"SOL_Se_As_A_L_Tagal_P":3,"SOL_Chin_lang_Cant_P":41,"SOL_French_P":3,"SOL_Se_As_A_L_Tot_P":128,"SOL_Dutch_P":3,"SA1_MAIN11":"11703133737","SOL_Irani_Lan_Othr_P":0,"SOL_Thai_P":77,"SOL_Italian_P":0,"SOL_Arabic_P":0,"SOL_Vietnamese_P":0,"SOL_Se_As_A_L_Filipino_P":4,"SOL_Ir_Lang_Dari_P":0,"SOL_Samoan_P":0,"SOL_Russian_P":7,"SOL_German_P":3,"SOL_Se_As_A_L_Indon_P":121,"SOL_Assyrian_P":0,"SOL_Macedonian_P":0,"SOL_Tamil_P":0,"SOL_In_Ar_Lang_Tot_P":15,"SOL_Turkish_P":0,"SOL_Greek_P":0,"SOL_Portuguese_P":0,"SOL_Khmer_P":0},"id":"b13_aust_sa1.11703133737"},{"type":"Feature","properties":{"SOL_Japanese_P":11,"SOL_Hungarian_P":0,"SEO_Persons":105,"SOL_Ir_La_Pe_excl_Da_P":0,"SOL_Serbian_P":3,"SOL_Polish_P":0,"SOL_Iran_Lan_Tot_P":0,"SOL_Spanish_P":6,"SOL_Aus_Indig_Lang_P":0,"SOL_Chin_lang_Tot_P":266,"SOL_Croatian_P":3,"SOL_Se_As_A_L_Othr_P":3,"SOL_Korean_P":76,"SOL_Maltese_P":0,"SOL_Se_As_A_L_Tagal_P":3,"SOL_Chin_lang_Cant_P":101,"SOL_French_P":0,"SOL_Se_As_A_L_Tot_P":94,"SOL_Dutch_P":0,"SA1_MAIN11":"11703133738","SOL_Irani_Lan_Othr_P":0,"SOL_Thai_P":142,"SOL_Italian_P":0,"SOL_Arabic_P":0,"SOL_Vietnamese_P":25,"SOL_Se_As_A_L_Filipino_P":0,"SOL_Ir_Lang_Dari_P":0,"SOL_Samoan_P":0,"SOL_Russian_P":3,"SOL_German_P":0,"SOL_Se_As_A_L_Indon_P":88,"SOL_Assyrian_P":0,"SOL_Macedonian_P":0,"SOL_Tamil_P":0,"SOL_In_Ar_Lang_Tot_P":16,"SOL_Turkish_P":0,"SOL_Greek_P":6,"SOL_Portuguese_P":0,"SOL_Khmer_P":0},"id":"b13_aust_sa1.11703133738"},{"type":"Feature","properties":{"SOL_Japanese_P":0,"SOL_Hungarian_P":0,"SEO_Persons":0,"SOL_Ir_La_Pe_excl_Da_P":0,"SOL_Serbian_P":0,"SOL_Polish_P":0,"SOL_Iran_Lan_Tot_P":0,"SOL_Spanish_P":0,"SOL_Aus_Indig_Lang_P":0,"SOL_Chin_lang_Tot_P":0,"SOL_Croatian_P":0,"SOL_Se_As_A_L_Othr_P":0,"SOL_Korean_P":0,"SOL_Maltese_P":0,"SOL_Se_As_A_L_Tagal_P":0,"SOL_Chin_lang_Cant_P":0,"SOL_French_P":0,"SOL_Se_As_A_L_Tot_P":0,"SOL_Dutch_P":0,"SA1_MAIN11":"11703133739","SOL_Irani_Lan_Othr_P":0,"SOL_Thai_P":0,"SOL_Italian_P":0,"SOL_Arabic_P":0,"SOL_Vietnamese_P":0,"SOL_Se_As_A_L_Filipino_P":0,"SOL_Ir_Lang_Dari_P":0,"SOL_Samoan_P":0,"SOL_Russian_P":0,"SOL_German_P":0,"SOL_Se_As_A_L_Indon_P":0,"SOL_Assyrian_P":0,"SOL_Macedonian_P":0,"SOL_Tamil_P":0,"SOL_In_Ar_Lang_Tot_P":0,"SOL_Turkish_P":0,"SOL_Greek_P":0,"SOL_Portuguese_P":0,"SOL_Khmer_P":0},"id":"b13_aust_sa1.11703133739"},{"type":"Feature","properties":{"SOL_Japanese_P":7,"SOL_Hungarian_P":0,"SEO_Persons":52,"SOL_Ir_La_Pe_excl_Da_P":0,"SOL_Serbian_P":0,"SOL_Polish_P":0,"SOL_Iran_Lan_Tot_P":0,"SOL_Spanish_P":3,"SOL_Aus_Indig_Lang_P":0,"SOL_Chin_lang_Tot_P":14,"SOL_Croatian_P":0,"SOL_Se_As_A_L_Othr_P":0,"SOL_Korean_P":20,"SOL_Maltese_P":0,"SOL_Se_As_A_L_Tagal_P":3,"SOL_Chin_lang_Cant_P":8,"SOL_French_P":3,"SOL_Se_As_A_L_Tot_P":16,"SOL_Dutch_P":0,"SA1_MAIN11":"11703133740","SOL_Irani_Lan_Othr_P":0,"SOL_Thai_P":31,"SOL_Italian_P":0,"SOL_Arabic_P":0,"SOL_Vietnamese_P":3,"SOL_Se_As_A_L_Filipino_P":0,"SOL_Ir_Lang_Dari_P":0,"SOL_Samoan_P":0,"SOL_Russian_P":0,"SOL_German_P":0,"SOL_Se_As_A_L_Indon_P":13,"SOL_Assyrian_P":0,"SOL_Macedonian_P":0,"SOL_Tamil_P":6,"SOL_In_Ar_Lang_Tot_P":3,"SOL_Turkish_P":0,"SOL_Greek_P":3,"SOL_Portuguese_P":3,"SOL_Khmer_P":0},"id":"b13_aust_sa1.11703133740"},{"type":"Feature","properties":{"SOL_Japanese_P":0,"SOL_Hungarian_P":0,"SEO_Persons":0,"SOL_Ir_La_Pe_excl_Da_P":0,"SOL_Serbian_P":0,"SOL_Polish_P":0,"SOL_Iran_Lan_Tot_P":0,"SOL_Spanish_P":0,"SOL_Aus_Indig_Lang_P":0,"SOL_Chin_lang_Tot_P":0,"SOL_Croatian_P":0,"SOL_Se_As_A_L_Othr_P":0,"SOL_Korean_P":0,"SOL_Maltese_P":0,"SOL_Se_As_A_L_Tagal_P":0,"SOL_Chin_lang_Cant_P":0,"SOL_French_P":0,"SOL_Se_As_A_L_Tot_P":0,"SOL_Dutch_P":0,"SA1_MAIN11":"11703133741","SOL_Irani_Lan_Othr_P":0,"SOL_Thai_P":0,"SOL_Italian_P":0,"SOL_Arabic_P":0,"SOL_Vietnamese_P":0,"SOL_Se_As_A_L_Filipino_P":0,"SOL_Ir_Lang_Dari_P":0,"SOL_Samoan_P":0,"SOL_Russian_P":0,"SOL_German_P":0,"SOL_Se_As_A_L_Indon_P":0,"SOL_Assyrian_P":0,"SOL_Macedonian_P":0,"SOL_Tamil_P":0,"SOL_In_Ar_Lang_Tot_P":0,"SOL_Turkish_P":0,"SOL_Greek_P":0,"SOL_Portuguese_P":0,"SOL_Khmer_P":0},"id":"b13_aust_sa1.11703133741"},{"type":"Feature","properties":{"SOL_Japanese_P":3,"SOL_Hungarian_P":0,"SEO_Persons":147,"SOL_Ir_La_Pe_excl_Da_P":0,"SOL_Serbian_P":0,"SOL_Polish_P":0,"SOL_Iran_Lan_Tot_P":3,"SOL_Spanish_P":7,"SOL_Aus_Indig_Lang_P":0,"SOL_Chin_lang_Tot_P":37,"SOL_Croatian_P":0,"SOL_Se_As_A_L_Othr_P":0,"SOL_Korean_P":3,"SOL_Maltese_P":0,"SOL_Se_As_A_L_Tagal_P":3,"SOL_Chin_lang_Cant_P":4,"SOL_French_P":10,"SOL_Se_As_A_L_Tot_P":9,"SOL_Dutch_P":0,"SA1_MAIN11":"11703133744","SOL_Irani_Lan_Othr_P":3,"SOL_Thai_P":3,"SOL_Italian_P":3,"SOL_Arabic_P":5,"SOL_Vietnamese_P":10,"SOL_Se_As_A_L_Filipino_P":0,"SOL_Ir_Lang_Dari_P":0,"SOL_Samoan_P":0,"SOL_Russian_P":3,"SOL_German_P":3,"SOL_Se_As_A_L_Indon_P":6,"SOL_Assyrian_P":0,"SOL_Macedonian_P":6,"SOL_Tamil_P":0,"SOL_In_Ar_Lang_Tot_P":0,"SOL_Turkish_P":0,"SOL_Greek_P":3,"SOL_Portuguese_P":3,"SOL_Khmer_P":0},"id":"b13_aust_sa1.11703133744"},{"type":"Feature","properties":{"SOL_Japanese_P":0,"SOL_Hungarian_P":0,"SEO_Persons":0,"SOL_Ir_La_Pe_excl_Da_P":0,"SOL_Serbian_P":0,"SOL_Polish_P":0,"SOL_Iran_Lan_Tot_P":0,"SOL_Spanish_P":0,"SOL_Aus_Indig_Lang_P":0,"SOL_Chin_lang_Tot_P":0,"SOL_Croatian_P":0,"SOL_Se_As_A_L_Othr_P":0,"SOL_Korean_P":0,"SOL_Maltese_P":0,"SOL_Se_As_A_L_Tagal_P":0,"SOL_Chin_lang_Cant_P":0,"SOL_French_P":0,"SOL_Se_As_A_L_Tot_P":0,"SOL_Dutch_P":0,"SA1_MAIN11":"11703133745","SOL_Irani_Lan_Othr_P":0,"SOL_Thai_P":0,"SOL_Italian_P":0,"SOL_Arabic_P":0,"SOL_Vietnamese_P":0,"SOL_Se_As_A_L_Filipino_P":0,"SOL_Ir_Lang_Dari_P":0,"SOL_Samoan_P":0,"SOL_Russian_P":0,"SOL_German_P":0,"SOL_Se_As_A_L_Indon_P":0,"SOL_Assyrian_P":0,"SOL_Macedonian_P":0,"SOL_Tamil_P":0,"SOL_In_Ar_Lang_Tot_P":0,"SOL_Turkish_P":0,"SOL_Greek_P":0,"SOL_Portuguese_P":0,"SOL_Khmer_P":0},"id":"b13_aust_sa1.11703133745"},{"type":"Feature","properties":{"SOL_Japanese_P":7,"SOL_Hungarian_P":0,"SEO_Persons":124,"SOL_Ir_La_Pe_excl_Da_P":0,"SOL_Serbian_P":0,"SOL_Polish_P":0,"SOL_Iran_Lan_Tot_P":0,"SOL_Spanish_P":0,"SOL_Aus_Indig_Lang_P":0,"SOL_Chin_lang_Tot_P":18,"SOL_Croatian_P":0,"SOL_Se_As_A_L_Othr_P":0,"SOL_Korean_P":6,"SOL_Maltese_P":0,"SOL_Se_As_A_L_Tagal_P":6,"SOL_Chin_lang_Cant_P":6,"SOL_French_P":0,"SOL_Se_As_A_L_Tot_P":13,"SOL_Dutch_P":3,"SA1_MAIN11":"11703133746","SOL_Irani_Lan_Othr_P":0,"SOL_Thai_P":0,"SOL_Italian_P":0,"SOL_Arabic_P":0,"SOL_Vietnamese_P":3,"SOL_Se_As_A_L_Filipino_P":0,"SOL_Ir_Lang_Dari_P":0,"SOL_Samoan_P":0,"SOL_Russian_P":0,"SOL_German_P":0,"SOL_Se_As_A_L_Indon_P":7,"SOL_Assyrian_P":0,"SOL_Macedonian_P":0,"SOL_Tamil_P":4,"SOL_In_Ar_Lang_Tot_P":12,"SOL_Turkish_P":0,"SOL_Greek_P":3,"SOL_Portuguese_P":6,"SOL_Khmer_P":0},"id":"b13_aust_sa1.11703133746"},{"type":"Feature","properties":{"SOL_Japanese_P":8,"SOL_Hungarian_P":6,"SEO_Persons":185,"SOL_Ir_La_Pe_excl_Da_P":3,"SOL_Serbian_P":0,"SOL_Polish_P":6,"SOL_Iran_Lan_Tot_P":3,"SOL_Spanish_P":6,"SOL_Aus_Indig_Lang_P":0,"SOL_Chin_lang_Tot_P":48,"SOL_Croatian_P":0,"SOL_Se_As_A_L_Othr_P":0,"SOL_Korean_P":14,"SOL_Maltese_P":0,"SOL_Se_As_A_L_Tagal_P":0,"SOL_Chin_lang_Cant_P":18,"SOL_French_P":0,"SOL_Se_As_A_L_Tot_P":45,"SOL_Dutch_P":0,"SA1_MAIN11":"11703133747","SOL_Irani_Lan_Othr_P":0,"SOL_Thai_P":24,"SOL_Italian_P":4,"SOL_Arabic_P":8,"SOL_Vietnamese_P":10,"SOL_Se_As_A_L_Filipino_P":0,"SOL_Ir_Lang_Dari_P":0,"SOL_Samoan_P":0,"SOL_Russian_P":0,"SOL_German_P":0,"SOL_Se_As_A_L_Indon_P":45,"SOL_Assyrian_P":0,"SOL_Macedonian_P":0,"SOL_Tamil_P":9,"SOL_In_Ar_Lang_Tot_P":18,"SOL_Turkish_P":0,"SOL_Greek_P":0,"SOL_Portuguese_P":6,"SOL_Khmer_P":0},"id":"b13_aust_sa1.11703133747"},{"type":"Feature","properties":{"SOL_Japanese_P":0,"SOL_Hungarian_P":0,"SEO_Persons":218,"SOL_Ir_La_Pe_excl_Da_P":4,"SOL_Serbian_P":0,"SOL_Polish_P":3,"SOL_Iran_Lan_Tot_P":4,"SOL_Spanish_P":0,"SOL_Aus_Indig_Lang_P":0,"SOL_Chin_lang_Tot_P":33,"SOL_Croatian_P":5,"SOL_Se_As_A_L_Othr_P":0,"SOL_Korean_P":10,"SOL_Maltese_P":0,"SOL_Se_As_A_L_Tagal_P":0,"SOL_Chin_lang_Cant_P":18,"SOL_French_P":0,"SOL_Se_As_A_L_Tot_P":6,"SOL_Dutch_P":0,"SA1_MAIN11":"11703133751","SOL_Irani_Lan_Othr_P":0,"SOL_Thai_P":6,"SOL_Italian_P":5,"SOL_Arabic_P":0,"SOL_Vietnamese_P":0,"SOL_Se_As_A_L_Filipino_P":0,"SOL_Ir_Lang_Dari_P":0,"SOL_Samoan_P":0,"SOL_Russian_P":5,"SOL_German_P":0,"SOL_Se_As_A_L_Indon_P":6,"SOL_Assyrian_P":0,"SOL_Macedonian_P":0,"SOL_Tamil_P":4,"SOL_In_Ar_Lang_Tot_P":13,"SOL_Turkish_P":0,"SOL_Greek_P":4,"SOL_Portuguese_P":4,"SOL_Khmer_P":0},"id":"b13_aust_sa1.11703133751"},{"type":"Feature","properties":{"SOL_Japanese_P":0,"SOL_Hungarian_P":0,"SEO_Persons":0,"SOL_Ir_La_Pe_excl_Da_P":0,"SOL_Serbian_P":0,"SOL_Polish_P":0,"SOL_Iran_Lan_Tot_P":0,"SOL_Spanish_P":0,"SOL_Aus_Indig_Lang_P":0,"SOL_Chin_lang_Tot_P":0,"SOL_Croatian_P":0,"SOL_Se_As_A_L_Othr_P":0,"SOL_Korean_P":0,"SOL_Maltese_P":0,"SOL_Se_As_A_L_Tagal_P":0,"SOL_Chin_lang_Cant_P":0,"SOL_French_P":0,"SOL_Se_As_A_L_Tot_P":0,"SOL_Dutch_P":0,"SA1_MAIN11":"11703133750","SOL_Irani_Lan_Othr_P":0,"SOL_Thai_P":0,"SOL_Italian_P":0,"SOL_Arabic_P":0,"SOL_Vietnamese_P":0,"SOL_Se_As_A_L_Filipino_P":0,"SOL_Ir_Lang_Dari_P":0,"SOL_Samoan_P":0,"SOL_Russian_P":0,"SOL_German_P":0,"SOL_Se_As_A_L_Indon_P":0,"SOL_Assyrian_P":0,"SOL_Macedonian_P":0,"SOL_Tamil_P":0,"SOL_In_Ar_Lang_Tot_P":0,"SOL_Turkish_P":0,"SOL_Greek_P":0,"SOL_Portuguese_P":0,"SOL_Khmer_P":0},"id":"b13_aust_sa1.11703133750"}]}