{"type":"FeatureCollection","bbox":[0.0,0.0,-1.0,-1.0],"features":[{"type":"Feature","properties":{"HI_2500_2999_Tot":0,"HI_600_799_Tot":13,"HI_4000_more_Tot":3,"HI_3500_3999_Tot":0,"Negative_Nil_income_Tot":0,"HI_1500_1999_Tot":8,"Tot_Tot":108,"HI_1_199_Tot":6,"HI_400_599_Tot":9,"HI_800_999_Tot":21,"HI_300_399_Tot":5,"HI_2000_2499_Tot":8,"HI_3000_3499_Tot":0,"HI_200_299_Tot":4,"HI_1000_1249_Tot":5,"HI_1250_1499_Tot":9,"SA1_MAIN11":"60105102716"},"id":"b28_aust_sa1.60105102716"},{"type":"Feature","properties":{"HI_2500_2999_Tot":19,"HI_600_799_Tot":14,"HI_4000_more_Tot":6,"HI_3500_3999_Tot":0,"Negative_Nil_income_Tot":6,"HI_1500_1999_Tot":16,"Tot_Tot":199,"HI_1_199_Tot":3,"HI_400_599_Tot":26,"HI_800_999_Tot":8,"HI_300_399_Tot":17,"HI_2000_2499_Tot":18,"HI_3000_3499_Tot":7,"HI_200_299_Tot":10,"HI_1000_1249_Tot":14,"HI_1250_1499_Tot":15,"SA1_MAIN11":"60105102717"},"id":"b28_aust_sa1.60105102717"},{"type":"Feature","properties":{"HI_2500_2999_Tot":21,"HI_600_799_Tot":3,"HI_4000_more_Tot":10,"HI_3500_3999_Tot":5,"Negative_Nil_income_Tot":7,"HI_1500_1999_Tot":17,"Tot_Tot":154,"HI_1_199_Tot":3,"HI_400_599_Tot":10,"HI_800_999_Tot":7,"HI_300_399_Tot":11,"HI_2000_2499_Tot":16,"HI_3000_3499_Tot":10,"HI_200_299_Tot":4,"HI_1000_1249_Tot":9,"HI_1250_1499_Tot":8,"SA1_MAIN11":"60105102719"},"id":"b28_aust_sa1.60105102719"},{"type":"Feature","properties":{"HI_2500_2999_Tot":10,"HI_600_799_Tot":29,"HI_4000_more_Tot":5,"HI_3500_3999_Tot":0,"Negative_Nil_income_Tot":0,"HI_1500_1999_Tot":27,"Tot_Tot":209,"HI_1_199_Tot":3,"HI_400_599_Tot":24,"HI_800_999_Tot":22,"HI_300_399_Tot":12,"HI_2000_2499_Tot":11,"HI_3000_3499_Tot":6,"HI_200_299_Tot":4,"HI_1000_1249_Tot":25,"HI_1250_1499_Tot":12,"SA1_MAIN11":"60105102720"},"id":"b28_aust_sa1.60105102720"},{"type":"Feature","properties":{"HI_2500_2999_Tot":6,"HI_600_799_Tot":8,"HI_4000_more_Tot":0,"HI_3500_3999_Tot":3,"Negative_Nil_income_Tot":4,"HI_1500_1999_Tot":10,"Tot_Tot":112,"HI_1_199_Tot":3,"HI_400_599_Tot":12,"HI_800_999_Tot":12,"HI_300_399_Tot":3,"HI_2000_2499_Tot":7,"HI_3000_3499_Tot":7,"HI_200_299_Tot":3,"HI_1000_1249_Tot":12,"HI_1250_1499_Tot":11,"SA1_MAIN11":"60105102718"},"id":"b28_aust_sa1.60105102718"}]}