{"type":"FeatureCollection","bbox":[0.0,0.0,-1.0,-1.0],"features":[{"type":"Feature","properties":{"SOL_Japanese_P":0,"SOL_Hungarian_P":0,"SEO_Persons":469,"SOL_Ir_La_Pe_excl_Da_P":7,"SOL_Serbian_P":0,"SOL_Polish_P":3,"SOL_Iran_Lan_Tot_P":13,"SOL_In_Ar_Lang_Urdu_P":0,"SOL_Spanish_P":6,"SOL_Aus_Indig_Lang_P":0,"SOL_In_Ar_Lang_Sinh_P":0,"SOL_Chin_lang_Tot_P":12,"SOL_Croatian_P":3,"SOL_Se_As_A_L_Othr_P":0,"SOL_Chin_lang_Mand_P":8,"SOL_Korean_P":3,"SOL_Maltese_P":0,"SOL_In_Ar_Lang_Beng_P":0,"SOL_Se_As_A_L_Tagal_P":4,"SOL_In_Ar_Lang_Punj_P":4,"SOL_Chin_lang_Cant_P":4,"SOL_French_P":3,"SOL_Se_As_A_L_Tot_P":4,"SOL_Dutch_P":0,"SOL_Chin_lang_Other_P":0,"SA1_MAIN11":"11103122903","SOL_Irani_Lan_Othr_P":6,"SOL_Thai_P":0,"SOL_Italian_P":0,"SOL_Arabic_P":8,"SOL_Vietnamese_P":0,"SOL_Se_As_A_L_Filipino_P":0,"SOL_Ir_Lang_Dari_P":0,"SOL_Samoan_P":0,"SOL_Russian_P":0,"SOL_German_P":0,"SOL_Se_As_A_L_Indon_P":0,"SOL_In_Ar_Lang_Hind_P":0,"SOL_Macedonian_P":0,"SOL_Assyrian_P":0,"SOL_Tamil_P":0,"SOL_In_Ar_Lang_Tot_P":4,"SOL_Turkish_P":0,"SOL_Greek_P":3,"SOL_Portuguese_P":0,"SOL_Khmer_P":0,"SOL_In_Ar_Lang_Othr_P":0},"id":"b13_aust_sa1.11103122903"},{"type":"Feature","properties":{"SOL_Japanese_P":0,"SOL_Hungarian_P":0,"SEO_Persons":336,"SOL_Ir_La_Pe_excl_Da_P":0,"SOL_Serbian_P":0,"SOL_Polish_P":0,"SOL_Iran_Lan_Tot_P":0,"SOL_In_Ar_Lang_Urdu_P":0,"SOL_Spanish_P":0,"SOL_Aus_Indig_Lang_P":0,"SOL_In_Ar_Lang_Sinh_P":0,"SOL_Chin_lang_Tot_P":7,"SOL_Croatian_P":0,"SOL_Se_As_A_L_Othr_P":0,"SOL_Chin_lang_Mand_P":7,"SOL_Korean_P":0,"SOL_Maltese_P":0,"SOL_In_Ar_Lang_Beng_P":0,"SOL_Se_As_A_L_Tagal_P":0,"SOL_In_Ar_Lang_Punj_P":0,"SOL_Chin_lang_Cant_P":0,"SOL_French_P":6,"SOL_Se_As_A_L_Tot_P":0,"SOL_Dutch_P":3,"SOL_Chin_lang_Other_P":0,"SA1_MAIN11":"11103122904","SOL_Irani_Lan_Othr_P":0,"SOL_Thai_P":0,"SOL_Italian_P":10,"SOL_Arabic_P":0,"SOL_Vietnamese_P":0,"SOL_Se_As_A_L_Filipino_P":0,"SOL_Ir_Lang_Dari_P":0,"SOL_Samoan_P":0,"SOL_Russian_P":0,"SOL_German_P":3,"SOL_Se_As_A_L_Indon_P":0,"SOL_In_Ar_Lang_Hind_P":0,"SOL_Macedonian_P":0,"SOL_Assyrian_P":0,"SOL_Tamil_P":0,"SOL_In_Ar_Lang_Tot_P":0,"SOL_Turkish_P":0,"SOL_Greek_P":3,"SOL_Portuguese_P":3,"SOL_Khmer_P":0,"SOL_In_Ar_Lang_Othr_P":0},"id":"b13_aust_sa1.11103122904"},{"type":"Feature","properties":{"SOL_Japanese_P":0,"SOL_Hungarian_P":0,"SEO_Persons":515,"SOL_Ir_La_Pe_excl_Da_P":0,"SOL_Serbian_P":0,"SOL_Polish_P":0,"SOL_Iran_Lan_Tot_P":0,"SOL_In_Ar_Lang_Urdu_P":3,"SOL_Spanish_P":3,"SOL_Aus_Indig_Lang_P":0,"SOL_In_Ar_Lang_Sinh_P":0,"SOL_Chin_lang_Tot_P":11,"SOL_Croatian_P":0,"SOL_Se_As_A_L_Othr_P":0,"SOL_Chin_lang_Mand_P":11,"SOL_Korean_P":0,"SOL_Maltese_P":0,"SOL_In_Ar_Lang_Beng_P":4,"SOL_Se_As_A_L_Tagal_P":3,"SOL_In_Ar_Lang_Punj_P":0,"SOL_Chin_lang_Cant_P":0,"SOL_French_P":4,"SOL_Se_As_A_L_Tot_P":7,"SOL_Dutch_P":0,"SOL_Chin_lang_Other_P":0,"SA1_MAIN11":"11103122905","SOL_Irani_Lan_Othr_P":0,"SOL_Thai_P":5,"SOL_Italian_P":0,"SOL_Arabic_P":9,"SOL_Vietnamese_P":0,"SOL_Se_As_A_L_Filipino_P":4,"SOL_Ir_Lang_Dari_P":0,"SOL_Samoan_P":0,"SOL_Russian_P":3,"SOL_German_P":10,"SOL_Se_As_A_L_Indon_P":0,"SOL_In_Ar_Lang_Hind_P":0,"SOL_Macedonian_P":0,"SOL_Assyrian_P":0,"SOL_Tamil_P":0,"SOL_In_Ar_Lang_Tot_P":7,"SOL_Turkish_P":0,"SOL_Greek_P":3,"SOL_Portuguese_P":0,"SOL_Khmer_P":0,"SOL_In_Ar_Lang_Othr_P":0},"id":"b13_aust_sa1.11103122905"},{"type":"Feature","properties":{"SOL_Japanese_P":0,"SOL_Hungarian_P":0,"SEO_Persons":227,"SOL_Ir_La_Pe_excl_Da_P":6,"SOL_Serbian_P":0,"SOL_Polish_P":6,"SOL_Iran_Lan_Tot_P":6,"SOL_In_Ar_Lang_Urdu_P":0,"SOL_Spanish_P":0,"SOL_Aus_Indig_Lang_P":0,"SOL_In_Ar_Lang_Sinh_P":0,"SOL_Chin_lang_Tot_P":3,"SOL_Croatian_P":0,"SOL_Se_As_A_L_Othr_P":4,"SOL_Chin_lang_Mand_P":0,"SOL_Korean_P":0,"SOL_Maltese_P":0,"SOL_In_Ar_Lang_Beng_P":0,"SOL_Se_As_A_L_Tagal_P":0,"SOL_In_Ar_Lang_Punj_P":0,"SOL_Chin_lang_Cant_P":3,"SOL_French_P":0,"SOL_Se_As_A_L_Tot_P":4,"SOL_Dutch_P":0,"SOL_Chin_lang_Other_P":0,"SA1_MAIN11":"11103122906","SOL_Irani_Lan_Othr_P":0,"SOL_Thai_P":0,"SOL_Italian_P":0,"SOL_Arabic_P":3,"SOL_Vietnamese_P":0,"SOL_Se_As_A_L_Filipino_P":0,"SOL_Ir_Lang_Dari_P":0,"SOL_Samoan_P":0,"SOL_Russian_P":0,"SOL_German_P":0,"SOL_Se_As_A_L_Indon_P":0,"SOL_In_Ar_Lang_Hind_P":0,"SOL_Macedonian_P":5,"SOL_Assyrian_P":0,"SOL_Tamil_P":0,"SOL_In_Ar_Lang_Tot_P":0,"SOL_Turkish_P":0,"SOL_Greek_P":5,"SOL_Portuguese_P":0,"SOL_Khmer_P":0,"SOL_In_Ar_Lang_Othr_P":0},"id":"b13_aust_sa1.11103122906"},{"type":"Feature","properties":{"SOL_Japanese_P":0,"SOL_Hungarian_P":0,"SEO_Persons":366,"SOL_Ir_La_Pe_excl_Da_P":3,"SOL_Serbian_P":0,"SOL_Polish_P":0,"SOL_Iran_Lan_Tot_P":3,"SOL_In_Ar_Lang_Urdu_P":0,"SOL_Spanish_P":3,"SOL_Aus_Indig_Lang_P":0,"SOL_In_Ar_Lang_Sinh_P":0,"SOL_Chin_lang_Tot_P":7,"SOL_Croatian_P":0,"SOL_Se_As_A_L_Othr_P":0,"SOL_Chin_lang_Mand_P":7,"SOL_Korean_P":0,"SOL_Maltese_P":0,"SOL_In_Ar_Lang_Beng_P":0,"SOL_Se_As_A_L_Tagal_P":0,"SOL_In_Ar_Lang_Punj_P":0,"SOL_Chin_lang_Cant_P":0,"SOL_French_P":3,"SOL_Se_As_A_L_Tot_P":6,"SOL_Dutch_P":0,"SOL_Chin_lang_Other_P":0,"SA1_MAIN11":"11103122907","SOL_Irani_Lan_Othr_P":0,"SOL_Thai_P":0,"SOL_Italian_P":0,"SOL_Arabic_P":4,"SOL_Vietnamese_P":0,"SOL_Se_As_A_L_Filipino_P":0,"SOL_Ir_Lang_Dari_P":0,"SOL_Samoan_P":3,"SOL_Russian_P":0,"SOL_German_P":3,"SOL_Se_As_A_L_Indon_P":6,"SOL_In_Ar_Lang_Hind_P":3,"SOL_Macedonian_P":0,"SOL_Assyrian_P":0,"SOL_Tamil_P":0,"SOL_In_Ar_Lang_Tot_P":9,"SOL_Turkish_P":0,"SOL_Greek_P":3,"SOL_Portuguese_P":3,"SOL_Khmer_P":0,"SOL_In_Ar_Lang_Othr_P":6},"id":"b13_aust_sa1.11103122907"}]}