{"type":"FeatureCollection","bbox":[0.0,0.0,-1.0,-1.0],"features":[{"type":"Feature","properties":{"HI_2500_2999_Tot":33,"HI_600_799_Tot":6,"HI_4000_more_Tot":13,"HI_3500_3999_Tot":8,"Negative_Nil_income_Tot":8,"HI_1500_1999_Tot":20,"Tot_Tot":175,"HI_1_199_Tot":0,"HI_400_599_Tot":6,"HI_800_999_Tot":9,"HI_300_399_Tot":5,"HI_2000_2499_Tot":6,"HI_3000_3499_Tot":17,"HI_200_299_Tot":3,"HI_1000_1249_Tot":8,"HI_1250_1499_Tot":12,"SA1_MAIN11":"11703133717"},"id":"b28_aust_sa1.11703133717"},{"type":"Feature","properties":{"HI_2500_2999_Tot":37,"HI_600_799_Tot":5,"HI_4000_more_Tot":27,"HI_3500_3999_Tot":5,"Negative_Nil_income_Tot":8,"HI_1500_1999_Tot":23,"Tot_Tot":194,"HI_1_199_Tot":0,"HI_400_599_Tot":5,"HI_800_999_Tot":10,"HI_300_399_Tot":3,"HI_2000_2499_Tot":3,"HI_3000_3499_Tot":15,"HI_200_299_Tot":4,"HI_1000_1249_Tot":16,"HI_1250_1499_Tot":19,"SA1_MAIN11":"11703133718"},"id":"b28_aust_sa1.11703133718"},{"type":"Feature","properties":{"HI_2500_2999_Tot":40,"HI_600_799_Tot":30,"HI_4000_more_Tot":9,"HI_3500_3999_Tot":6,"Negative_Nil_income_Tot":24,"HI_1500_1999_Tot":35,"Tot_Tot":305,"HI_1_199_Tot":4,"HI_400_599_Tot":12,"HI_800_999_Tot":24,"HI_300_399_Tot":12,"HI_2000_2499_Tot":21,"HI_3000_3499_Tot":8,"HI_200_299_Tot":7,"HI_1000_1249_Tot":27,"HI_1250_1499_Tot":26,"SA1_MAIN11":"11703133719"},"id":"b28_aust_sa1.11703133719"},{"type":"Feature","properties":{"HI_2500_2999_Tot":42,"HI_600_799_Tot":9,"HI_4000_more_Tot":14,"HI_3500_3999_Tot":7,"Negative_Nil_income_Tot":19,"HI_1500_1999_Tot":37,"Tot_Tot":228,"HI_1_199_Tot":4,"HI_400_599_Tot":4,"HI_800_999_Tot":16,"HI_300_399_Tot":0,"HI_2000_2499_Tot":15,"HI_3000_3499_Tot":16,"HI_200_299_Tot":0,"HI_1000_1249_Tot":21,"HI_1250_1499_Tot":14,"SA1_MAIN11":"11703133701"},"id":"b28_aust_sa1.11703133701"},{"type":"Feature","properties":{"HI_2500_2999_Tot":9,"HI_600_799_Tot":9,"HI_4000_more_Tot":0,"HI_3500_3999_Tot":0,"Negative_Nil_income_Tot":11,"HI_1500_1999_Tot":7,"Tot_Tot":59,"HI_1_199_Tot":0,"HI_400_599_Tot":3,"HI_800_999_Tot":8,"HI_300_399_Tot":0,"HI_2000_2499_Tot":0,"HI_3000_3499_Tot":0,"HI_200_299_Tot":0,"HI_1000_1249_Tot":4,"HI_1250_1499_Tot":8,"SA1_MAIN11":"11703133702"},"id":"b28_aust_sa1.11703133702"},{"type":"Feature","properties":{"HI_2500_2999_Tot":42,"HI_600_799_Tot":34,"HI_4000_more_Tot":16,"HI_3500_3999_Tot":4,"Negative_Nil_income_Tot":52,"HI_1500_1999_Tot":48,"Tot_Tot":407,"HI_1_199_Tot":8,"HI_400_599_Tot":27,"HI_800_999_Tot":29,"HI_300_399_Tot":14,"HI_2000_2499_Tot":26,"HI_3000_3499_Tot":6,"HI_200_299_Tot":9,"HI_1000_1249_Tot":30,"HI_1250_1499_Tot":27,"SA1_MAIN11":"11703133703"},"id":"b28_aust_sa1.11703133703"},{"type":"Feature","properties":{"HI_2500_2999_Tot":15,"HI_600_799_Tot":0,"HI_4000_more_Tot":7,"HI_3500_3999_Tot":5,"Negative_Nil_income_Tot":0,"HI_1500_1999_Tot":3,"Tot_Tot":49,"HI_1_199_Tot":4,"HI_400_599_Tot":0,"HI_800_999_Tot":0,"HI_300_399_Tot":0,"HI_2000_2499_Tot":6,"HI_3000_3499_Tot":0,"HI_200_299_Tot":0,"HI_1000_1249_Tot":0,"HI_1250_1499_Tot":5,"SA1_MAIN11":"11703133704"},"id":"b28_aust_sa1.11703133704"},{"type":"Feature","properties":{"HI_2500_2999_Tot":45,"HI_600_799_Tot":9,"HI_4000_more_Tot":18,"HI_3500_3999_Tot":5,"Negative_Nil_income_Tot":3,"HI_1500_1999_Tot":20,"Tot_Tot":191,"HI_1_199_Tot":0,"HI_400_599_Tot":6,"HI_800_999_Tot":9,"HI_300_399_Tot":3,"HI_2000_2499_Tot":6,"HI_3000_3499_Tot":9,"HI_200_299_Tot":3,"HI_1000_1249_Tot":15,"HI_1250_1499_Tot":26,"SA1_MAIN11":"11703133705"},"id":"b28_aust_sa1.11703133705"},{"type":"Feature","properties":{"HI_2500_2999_Tot":79,"HI_600_799_Tot":8,"HI_4000_more_Tot":32,"HI_3500_3999_Tot":11,"Negative_Nil_income_Tot":9,"HI_1500_1999_Tot":29,"Tot_Tot":256,"HI_1_199_Tot":0,"HI_400_599_Tot":4,"HI_800_999_Tot":3,"HI_300_399_Tot":3,"HI_2000_2499_Tot":13,"HI_3000_3499_Tot":21,"HI_200_299_Tot":0,"HI_1000_1249_Tot":13,"HI_1250_1499_Tot":10,"SA1_MAIN11":"11703133706"},"id":"b28_aust_sa1.11703133706"},{"type":"Feature","properties":{"HI_2500_2999_Tot":45,"HI_600_799_Tot":9,"HI_4000_more_Tot":15,"HI_3500_3999_Tot":12,"Negative_Nil_income_Tot":41,"HI_1500_1999_Tot":37,"Tot_Tot":274,"HI_1_199_Tot":7,"HI_400_599_Tot":11,"HI_800_999_Tot":12,"HI_300_399_Tot":7,"HI_2000_2499_Tot":10,"HI_3000_3499_Tot":21,"HI_200_299_Tot":7,"HI_1000_1249_Tot":9,"HI_1250_1499_Tot":19,"SA1_MAIN11":"11703133707"},"id":"b28_aust_sa1.11703133707"},{"type":"Feature","properties":{"HI_2500_2999_Tot":12,"HI_600_799_Tot":10,"HI_4000_more_Tot":3,"HI_3500_3999_Tot":0,"Negative_Nil_income_Tot":12,"HI_1500_1999_Tot":12,"Tot_Tot":102,"HI_1_199_Tot":3,"HI_400_599_Tot":8,"HI_800_999_Tot":3,"HI_300_399_Tot":3,"HI_2000_2499_Tot":6,"HI_3000_3499_Tot":3,"HI_200_299_Tot":6,"HI_1000_1249_Tot":8,"HI_1250_1499_Tot":4,"SA1_MAIN11":"11703133708"},"id":"b28_aust_sa1.11703133708"},{"type":"Feature","properties":{"HI_2500_2999_Tot":40,"HI_600_799_Tot":7,"HI_4000_more_Tot":16,"HI_3500_3999_Tot":4,"Negative_Nil_income_Tot":21,"HI_1500_1999_Tot":23,"Tot_Tot":198,"HI_1_199_Tot":7,"HI_400_599_Tot":6,"HI_800_999_Tot":6,"HI_300_399_Tot":3,"HI_2000_2499_Tot":18,"HI_3000_3499_Tot":5,"HI_200_299_Tot":3,"HI_1000_1249_Tot":8,"HI_1250_1499_Tot":10,"SA1_MAIN11":"11703133710"},"id":"b28_aust_sa1.11703133710"},{"type":"Feature","properties":{"HI_2500_2999_Tot":31,"HI_600_799_Tot":25,"HI_4000_more_Tot":7,"HI_3500_3999_Tot":4,"Negative_Nil_income_Tot":30,"HI_1500_1999_Tot":22,"Tot_Tot":262,"HI_1_199_Tot":3,"HI_400_599_Tot":14,"HI_800_999_Tot":18,"HI_300_399_Tot":3,"HI_2000_2499_Tot":24,"HI_3000_3499_Tot":11,"HI_200_299_Tot":0,"HI_1000_1249_Tot":19,"HI_1250_1499_Tot":25,"SA1_MAIN11":"11703133716"},"id":"b28_aust_sa1.11703133716"},{"type":"Feature","properties":{"HI_2500_2999_Tot":0,"HI_600_799_Tot":0,"HI_4000_more_Tot":0,"HI_3500_3999_Tot":0,"Negative_Nil_income_Tot":0,"HI_1500_1999_Tot":0,"Tot_Tot":0,"HI_1_199_Tot":0,"HI_400_599_Tot":0,"HI_800_999_Tot":0,"HI_300_399_Tot":0,"HI_2000_2499_Tot":0,"HI_3000_3499_Tot":0,"HI_200_299_Tot":0,"HI_1000_1249_Tot":0,"HI_1250_1499_Tot":0,"SA1_MAIN11":"11703133720"},"id":"b28_aust_sa1.11703133720"},{"type":"Feature","properties":{"HI_2500_2999_Tot":75,"HI_600_799_Tot":43,"HI_4000_more_Tot":25,"HI_3500_3999_Tot":6,"Negative_Nil_income_Tot":120,"HI_1500_1999_Tot":60,"Tot_Tot":623,"HI_1_199_Tot":22,"HI_400_599_Tot":30,"HI_800_999_Tot":40,"HI_300_399_Tot":16,"HI_2000_2499_Tot":23,"HI_3000_3499_Tot":13,"HI_200_299_Tot":19,"HI_1000_1249_Tot":38,"HI_1250_1499_Tot":53,"SA1_MAIN11":"11703133721"},"id":"b28_aust_sa1.11703133721"},{"type":"Feature","properties":{"HI_2500_2999_Tot":31,"HI_600_799_Tot":6,"HI_4000_more_Tot":26,"HI_3500_3999_Tot":4,"Negative_Nil_income_Tot":5,"HI_1500_1999_Tot":11,"Tot_Tot":123,"HI_1_199_Tot":0,"HI_400_599_Tot":4,"HI_800_999_Tot":6,"HI_300_399_Tot":0,"HI_2000_2499_Tot":3,"HI_3000_3499_Tot":7,"HI_200_299_Tot":3,"HI_1000_1249_Tot":5,"HI_1250_1499_Tot":3,"SA1_MAIN11":"11703133723"},"id":"b28_aust_sa1.11703133723"},{"type":"Feature","properties":{"HI_2500_2999_Tot":35,"HI_600_799_Tot":0,"HI_4000_more_Tot":18,"HI_3500_3999_Tot":5,"Negative_Nil_income_Tot":4,"HI_1500_1999_Tot":12,"Tot_Tot":112,"HI_1_199_Tot":0,"HI_400_599_Tot":4,"HI_800_999_Tot":7,"HI_300_399_Tot":3,"HI_2000_2499_Tot":3,"HI_3000_3499_Tot":7,"HI_200_299_Tot":0,"HI_1000_1249_Tot":3,"HI_1250_1499_Tot":5,"SA1_MAIN11":"11703133729"},"id":"b28_aust_sa1.11703133729"},{"type":"Feature","properties":{"HI_2500_2999_Tot":3,"HI_600_799_Tot":11,"HI_4000_more_Tot":0,"HI_3500_3999_Tot":3,"Negative_Nil_income_Tot":22,"HI_1500_1999_Tot":9,"Tot_Tot":98,"HI_1_199_Tot":3,"HI_400_599_Tot":6,"HI_800_999_Tot":9,"HI_300_399_Tot":0,"HI_2000_2499_Tot":7,"HI_3000_3499_Tot":0,"HI_200_299_Tot":3,"HI_1000_1249_Tot":9,"HI_1250_1499_Tot":7,"SA1_MAIN11":"11703133733"},"id":"b28_aust_sa1.11703133733"},{"type":"Feature","properties":{"HI_2500_2999_Tot":22,"HI_600_799_Tot":15,"HI_4000_more_Tot":11,"HI_3500_3999_Tot":3,"Negative_Nil_income_Tot":25,"HI_1500_1999_Tot":24,"Tot_Tot":185,"HI_1_199_Tot":4,"HI_400_599_Tot":3,"HI_800_999_Tot":9,"HI_300_399_Tot":10,"HI_2000_2499_Tot":15,"HI_3000_3499_Tot":8,"HI_200_299_Tot":4,"HI_1000_1249_Tot":11,"HI_1250_1499_Tot":6,"SA1_MAIN11":"11703133734"},"id":"b28_aust_sa1.11703133734"},{"type":"Feature","properties":{"HI_2500_2999_Tot":0,"HI_600_799_Tot":5,"HI_4000_more_Tot":0,"HI_3500_3999_Tot":0,"Negative_Nil_income_Tot":8,"HI_1500_1999_Tot":4,"Tot_Tot":76,"HI_1_199_Tot":7,"HI_400_599_Tot":3,"HI_800_999_Tot":12,"HI_300_399_Tot":3,"HI_2000_2499_Tot":9,"HI_3000_3499_Tot":3,"HI_200_299_Tot":7,"HI_1000_1249_Tot":4,"HI_1250_1499_Tot":3,"SA1_MAIN11":"11703133735"},"id":"b28_aust_sa1.11703133735"},{"type":"Feature","properties":{"HI_2500_2999_Tot":13,"HI_600_799_Tot":9,"HI_4000_more_Tot":9,"HI_3500_3999_Tot":3,"Negative_Nil_income_Tot":13,"HI_1500_1999_Tot":23,"Tot_Tot":143,"HI_1_199_Tot":3,"HI_400_599_Tot":6,"HI_800_999_Tot":5,"HI_300_399_Tot":10,"HI_2000_2499_Tot":0,"HI_3000_3499_Tot":0,"HI_200_299_Tot":4,"HI_1000_1249_Tot":12,"HI_1250_1499_Tot":16,"SA1_MAIN11":"11703133736"},"id":"b28_aust_sa1.11703133736"},{"type":"Feature","properties":{"HI_2500_2999_Tot":26,"HI_600_799_Tot":17,"HI_4000_more_Tot":9,"HI_3500_3999_Tot":6,"Negative_Nil_income_Tot":25,"HI_1500_1999_Tot":25,"Tot_Tot":228,"HI_1_199_Tot":0,"HI_400_599_Tot":7,"HI_800_999_Tot":16,"HI_300_399_Tot":3,"HI_2000_2499_Tot":21,"HI_3000_3499_Tot":8,"HI_200_299_Tot":3,"HI_1000_1249_Tot":21,"HI_1250_1499_Tot":22,"SA1_MAIN11":"11703133737"},"id":"b28_aust_sa1.11703133737"},{"type":"Feature","properties":{"HI_2500_2999_Tot":24,"HI_600_799_Tot":13,"HI_4000_more_Tot":6,"HI_3500_3999_Tot":6,"Negative_Nil_income_Tot":33,"HI_1500_1999_Tot":52,"Tot_Tot":305,"HI_1_199_Tot":6,"HI_400_599_Tot":25,"HI_800_999_Tot":26,"HI_300_399_Tot":12,"HI_2000_2499_Tot":14,"HI_3000_3499_Tot":8,"HI_200_299_Tot":10,"HI_1000_1249_Tot":25,"HI_1250_1499_Tot":14,"SA1_MAIN11":"11703133738"},"id":"b28_aust_sa1.11703133738"},{"type":"Feature","properties":{"HI_2500_2999_Tot":0,"HI_600_799_Tot":0,"HI_4000_more_Tot":0,"HI_3500_3999_Tot":0,"Negative_Nil_income_Tot":0,"HI_1500_1999_Tot":0,"Tot_Tot":0,"HI_1_199_Tot":0,"HI_400_599_Tot":0,"HI_800_999_Tot":0,"HI_300_399_Tot":0,"HI_2000_2499_Tot":0,"HI_3000_3499_Tot":0,"HI_200_299_Tot":0,"HI_1000_1249_Tot":0,"HI_1250_1499_Tot":0,"SA1_MAIN11":"11703133739"},"id":"b28_aust_sa1.11703133739"},{"type":"Feature","properties":{"HI_2500_2999_Tot":9,"HI_600_799_Tot":3,"HI_4000_more_Tot":3,"HI_3500_3999_Tot":0,"Negative_Nil_income_Tot":3,"HI_1500_1999_Tot":13,"Tot_Tot":67,"HI_1_199_Tot":0,"HI_400_599_Tot":8,"HI_800_999_Tot":3,"HI_300_399_Tot":0,"HI_2000_2499_Tot":6,"HI_3000_3499_Tot":3,"HI_200_299_Tot":0,"HI_1000_1249_Tot":7,"HI_1250_1499_Tot":3,"SA1_MAIN11":"11703133740"},"id":"b28_aust_sa1.11703133740"},{"type":"Feature","properties":{"HI_2500_2999_Tot":0,"HI_600_799_Tot":0,"HI_4000_more_Tot":0,"HI_3500_3999_Tot":0,"Negative_Nil_income_Tot":0,"HI_1500_1999_Tot":0,"Tot_Tot":0,"HI_1_199_Tot":0,"HI_400_599_Tot":0,"HI_800_999_Tot":0,"HI_300_399_Tot":0,"HI_2000_2499_Tot":0,"HI_3000_3499_Tot":0,"HI_200_299_Tot":0,"HI_1000_1249_Tot":0,"HI_1250_1499_Tot":0,"SA1_MAIN11":"11703133741"},"id":"b28_aust_sa1.11703133741"},{"type":"Feature","properties":{"HI_2500_2999_Tot":34,"HI_600_799_Tot":8,"HI_4000_more_Tot":15,"HI_3500_3999_Tot":10,"Negative_Nil_income_Tot":5,"HI_1500_1999_Tot":4,"Tot_Tot":126,"HI_1_199_Tot":0,"HI_400_599_Tot":3,"HI_800_999_Tot":8,"HI_300_399_Tot":0,"HI_2000_2499_Tot":8,"HI_3000_3499_Tot":14,"HI_200_299_Tot":0,"HI_1000_1249_Tot":4,"HI_1250_1499_Tot":4,"SA1_MAIN11":"11703133744"},"id":"b28_aust_sa1.11703133744"},{"type":"Feature","properties":{"HI_2500_2999_Tot":0,"HI_600_799_Tot":0,"HI_4000_more_Tot":0,"HI_3500_3999_Tot":0,"Negative_Nil_income_Tot":0,"HI_1500_1999_Tot":0,"Tot_Tot":0,"HI_1_199_Tot":0,"HI_400_599_Tot":0,"HI_800_999_Tot":0,"HI_300_399_Tot":0,"HI_2000_2499_Tot":0,"HI_3000_3499_Tot":0,"HI_200_299_Tot":0,"HI_1000_1249_Tot":0,"HI_1250_1499_Tot":0,"SA1_MAIN11":"11703133745"},"id":"b28_aust_sa1.11703133745"},{"type":"Feature","properties":{"HI_2500_2999_Tot":24,"HI_600_799_Tot":3,"HI_4000_more_Tot":8,"HI_3500_3999_Tot":3,"Negative_Nil_income_Tot":4,"HI_1500_1999_Tot":13,"Tot_Tot":118,"HI_1_199_Tot":0,"HI_400_599_Tot":9,"HI_800_999_Tot":6,"HI_300_399_Tot":3,"HI_2000_2499_Tot":6,"HI_3000_3499_Tot":6,"HI_200_299_Tot":3,"HI_1000_1249_Tot":11,"HI_1250_1499_Tot":9,"SA1_MAIN11":"11703133746"},"id":"b28_aust_sa1.11703133746"},{"type":"Feature","properties":{"HI_2500_2999_Tot":36,"HI_600_799_Tot":14,"HI_4000_more_Tot":11,"HI_3500_3999_Tot":9,"Negative_Nil_income_Tot":8,"HI_1500_1999_Tot":30,"Tot_Tot":207,"HI_1_199_Tot":6,"HI_400_599_Tot":11,"HI_800_999_Tot":12,"HI_300_399_Tot":6,"HI_2000_2499_Tot":11,"HI_3000_3499_Tot":12,"HI_200_299_Tot":0,"HI_1000_1249_Tot":15,"HI_1250_1499_Tot":13,"SA1_MAIN11":"11703133747"},"id":"b28_aust_sa1.11703133747"},{"type":"Feature","properties":{"HI_2500_2999_Tot":17,"HI_600_799_Tot":0,"HI_4000_more_Tot":3,"HI_3500_3999_Tot":4,"Negative_Nil_income_Tot":0,"HI_1500_1999_Tot":9,"Tot_Tot":73,"HI_1_199_Tot":3,"HI_400_599_Tot":7,"HI_800_999_Tot":0,"HI_300_399_Tot":3,"HI_2000_2499_Tot":6,"HI_3000_3499_Tot":4,"HI_200_299_Tot":0,"HI_1000_1249_Tot":10,"HI_1250_1499_Tot":3,"SA1_MAIN11":"11703133748"},"id":"b28_aust_sa1.11703133748"},{"type":"Feature","properties":{"HI_2500_2999_Tot":0,"HI_600_799_Tot":0,"HI_4000_more_Tot":0,"HI_3500_3999_Tot":0,"Negative_Nil_income_Tot":0,"HI_1500_1999_Tot":0,"Tot_Tot":0,"HI_1_199_Tot":0,"HI_400_599_Tot":0,"HI_800_999_Tot":0,"HI_300_399_Tot":0,"HI_2000_2499_Tot":0,"HI_3000_3499_Tot":0,"HI_200_299_Tot":0,"HI_1000_1249_Tot":0,"HI_1250_1499_Tot":0,"SA1_MAIN11":"11703133750"},"id":"b28_aust_sa1.11703133750"},{"type":"Feature","properties":{"HI_2500_2999_Tot":51,"HI_600_799_Tot":4,"HI_4000_more_Tot":18,"HI_3500_3999_Tot":4,"Negative_Nil_income_Tot":6,"HI_1500_1999_Tot":17,"Tot_Tot":167,"HI_1_199_Tot":6,"HI_400_599_Tot":3,"HI_800_999_Tot":6,"HI_300_399_Tot":6,"HI_2000_2499_Tot":5,"HI_3000_3499_Tot":6,"HI_200_299_Tot":0,"HI_1000_1249_Tot":9,"HI_1250_1499_Tot":10,"SA1_MAIN11":"11703133751"},"id":"b28_aust_sa1.11703133751"}]}