{"organisation":"AU_Govt_ABS","name":"lga_nrp_people_2010_2014","title":"LGA Population & People - National Regional Profile 2010-2014","legal":{"copyrightYear":"2016","attributionYear":"2016","attribution":"{datasource.organisationTitle}, ({dataset.attributionYear}): {dataset.title}; accessed from AURIN Portal on {dateOfAccess}.","clickthrough":false,"licenceType":"Creative Commons Attribution 2.5 Australia (CC BY 2.5 AU)","copyrightNotice":"&copy; {datasource.organisationTitle} {dataset.copyrightYear}"},"referenceSystemIdentifier":"urn:x-ogc:def:crs:EPSG:4283","geoLevel":"NA","key":"lga_code_2014","keyRegex":null,"availability":"true","geomField":"wkb_geometry","keyword":"australia,population,people,non-abs aggregation,nrp,age,2010-2014,aus,education,demographic,family,national regional profile","theme":null,"temporalExtent":{"beginDate":"2010-01-01T00:00:00","endDate":"2014-12-31T00:00:00","selectTime":false},"type":"dataset","_id":"dataset-AU_Govt_ABS-lga_nrp_people_2010_2014-NA","bbox":null,"abstract":"This dataset contains National Regional Profile (NRP) data on Population and People at LGA level for 2010-2014. The data uses 2014 non-ABS ASGS boundaries. <br/>\n\nThe NRP is designed for users interested in the socio-economic and environmental characteristics of regions - and in comparisons with similar geographies across Australia. Data are arranged under the broad themes/topics of Economy, Industry, People, and Energy and Environment. <br/>\n\nPlease note some data are not available for all reference years, for a variety of reasons. For example; there may be conceptual breaks in a data series; the collection frequency may be irregular; some series may have revisions pending; or permission to publish in the NRP may have only been granted recently. In addition, some data series are not available for the full range of geographies. The reasons can include: data owner or custodian preferences; industry identification with a few, particular geographies only; confidentiality protection; and the presence of many suppressed data cells (at smaller geographic levels) thus making true aggregations up to larger ASGS regions difficult. <br/>\n\nThis data is ABS data used with permission from the Australian Bureau of Statistics. Please note National Regional Profile (1379.0.55.001) has been discontinued. For the most recent regional data, please see Data By Region (1410.0). <br/>\n\nFor more information please visit the <a href='http://www.abs.gov.au/ausstats/abs@.nsf/mf/1379.0.55.001' target='_blank'> Australian Bureau of Statistics<a/>.","selectedAttributes":[{"name":"year","type":"java.lang.String","title":"Year","description":"Year.","stype":"ordinal","categories":[{"key":"2010","label":"2010"},{"key":"2011","label":"2011"},{"key":"2012","label":"2012"},{"key":"2013","label":"2013"},{"key":"2014","label":"2014"}],"filterValue":"2014","isDimension":true},{"name":"lga_code_2014","type":"java.lang.String","title":"LGA Code 2014","description":"LGA Code 2014.","stype":"nominal","isDimension":false},{"name":"p_15_19_yrs","type":"java.lang.Integer","title":"Persons Aged 15-19 years","description":"Persons Aged 15-19 years.","stype":"ratio","isDimension":false},{"name":"p_20_24_yrs","type":"java.lang.Integer","title":"Persons Aged 20-24 years","description":"Persons Aged 20-24 years.","stype":"ratio","isDimension":false},{"name":"p_25_29_yrs","type":"java.lang.Integer","title":"Persons Aged 25-29 years","description":"Persons Aged 25-29 years.","stype":"ratio","isDimension":false},{"name":"p_30_34_yrs","type":"java.lang.Integer","title":"Persons Aged 30-34 years","description":"Persons Aged 30-34 years.","stype":"ratio","isDimension":false},{"name":"p_35_39_yrs","type":"java.lang.Integer","title":"Persons Aged 35-39 years","description":"Persons Aged 35-39 years.","stype":"ratio","isDimension":false},{"name":"p_40_44_yrs","type":"java.lang.Integer","title":"Persons Aged 40-44 years","description":"Persons Aged 40-44 years.","stype":"ratio","isDimension":false},{"name":"p_45_49_yrs","type":"java.lang.Integer","title":"Persons Aged 45-49 years","description":"Persons Aged 45-49 years.","stype":"ratio","isDimension":false},{"name":"p_50_54_yrs","type":"java.lang.Integer","title":"Persons Aged 50-54 years","description":"Persons Aged 50-54 years.","stype":"ratio","isDimension":false},{"name":"p_55_59_yrs","type":"java.lang.Integer","title":"Persons Aged 55-59 years","description":"Persons Aged 55-59 years.","stype":"ratio","isDimension":false},{"name":"p_60_64_yrs","type":"java.lang.Integer","title":"Persons Aged 60-64 years","description":"Persons Aged 60-64 years.","stype":"ratio","isDimension":false},{"name":"p_65_69_yrs","type":"java.lang.Integer","title":"Persons Aged 65-69 years","description":"Persons Aged 65-69 years.","stype":"ratio","isDimension":false},{"name":"p_70_74_yrs","type":"java.lang.Integer","title":"Persons Aged 70-74 years","description":"Persons Aged 70-74 years.","stype":"ratio","isDimension":false},{"name":"p_75_79_yrs","type":"java.lang.Integer","title":"Persons Aged 75-79 years","description":"Persons Aged 75-79 years.","stype":"ratio","isDimension":false},{"name":"pop_density","type":"java.lang.Double","title":"Population Density","description":"Population Density.","stype":"ratio","isDimension":false},{"name":"p_tot","type":"java.lang.Integer","title":"Persons Total","description":"Persons Total.","stype":"ratio","isDimension":false}],"filter":{"filterType":"tabular","spatial":{"bbox":[144.95143536,-37.8555269395,144.990094688,-37.799716676]},"where":"(year IN ('2014'))","states":["2"]}}