{"type":"FeatureCollection","bbox":[0.0,0.0,-1.0,-1.0],"features":[{"type":"Feature","properties":{"SOL_Japanese_P":7,"SOL_Hungarian_P":3,"SEO_Persons":211,"SOL_Ir_La_Pe_excl_Da_P":0,"SOL_Serbian_P":3,"SOL_Iran_Lan_Tot_P":0,"SOL_Polish_P":3,"SOL_Spanish_P":14,"SOL_Aus_Indig_Lang_P":0,"SOL_Chin_lang_Tot_P":181,"SOL_Croatian_P":0,"SOL_Se_As_A_L_Othr_P":8,"SOL_Korean_P":28,"SOL_Maltese_P":0,"SOL_Se_As_A_L_Tagal_P":3,"SOL_French_P":6,"SOL_Se_As_A_L_Tot_P":54,"SOL_Dutch_P":0,"SA1_MAIN11":"20604112203","SOL_Irani_Lan_Othr_P":0,"SOL_Thai_P":9,"SOL_Italian_P":9,"SOL_Arabic_P":11,"SOL_Vietnamese_P":13,"SOL_Se_As_A_L_Filipino_P":3,"SOL_Ir_Lang_Dari_P":0,"SOL_Samoan_P":0,"SOL_Russian_P":0,"SOL_German_P":0,"SOL_Se_As_A_L_Indon_P":40,"SOL_Assyrian_P":0,"SOL_Macedonian_P":0,"SOL_Tamil_P":3,"SOL_In_Ar_Lang_Tot_P":26,"SOL_Turkish_P":3,"SOL_Greek_P":0,"SOL_Portuguese_P":3,"SOL_Khmer_P":0},"id":"b13_aust_sa1.20604112203"},{"type":"Feature","properties":{"SOL_Japanese_P":0,"SOL_Hungarian_P":0,"SEO_Persons":129,"SOL_Ir_La_Pe_excl_Da_P":3,"SOL_Serbian_P":0,"SOL_Iran_Lan_Tot_P":3,"SOL_Polish_P":0,"SOL_Spanish_P":11,"SOL_Aus_Indig_Lang_P":0,"SOL_Chin_lang_Tot_P":81,"SOL_Croatian_P":0,"SOL_Se_As_A_L_Othr_P":0,"SOL_Korean_P":10,"SOL_Maltese_P":0,"SOL_Se_As_A_L_Tagal_P":0,"SOL_French_P":0,"SOL_Se_As_A_L_Tot_P":35,"SOL_Dutch_P":0,"SA1_MAIN11":"20604112204","SOL_Irani_Lan_Othr_P":0,"SOL_Thai_P":6,"SOL_Italian_P":0,"SOL_Arabic_P":0,"SOL_Vietnamese_P":0,"SOL_Se_As_A_L_Filipino_P":3,"SOL_Ir_Lang_Dari_P":0,"SOL_Samoan_P":0,"SOL_Russian_P":0,"SOL_German_P":0,"SOL_Se_As_A_L_Indon_P":32,"SOL_Assyrian_P":0,"SOL_Macedonian_P":0,"SOL_Tamil_P":3,"SOL_In_Ar_Lang_Tot_P":24,"SOL_Turkish_P":0,"SOL_Greek_P":0,"SOL_Portuguese_P":0,"SOL_Khmer_P":0},"id":"b13_aust_sa1.20604112204"},{"type":"Feature","properties":{"SOL_Japanese_P":3,"SOL_Hungarian_P":0,"SEO_Persons":108,"SOL_Ir_La_Pe_excl_Da_P":0,"SOL_Serbian_P":0,"SOL_Iran_Lan_Tot_P":3,"SOL_Polish_P":0,"SOL_Spanish_P":0,"SOL_Aus_Indig_Lang_P":0,"SOL_Chin_lang_Tot_P":134,"SOL_Croatian_P":0,"SOL_Se_As_A_L_Othr_P":13,"SOL_Korean_P":16,"SOL_Maltese_P":0,"SOL_Se_As_A_L_Tagal_P":0,"SOL_French_P":7,"SOL_Se_As_A_L_Tot_P":44,"SOL_Dutch_P":0,"SA1_MAIN11":"20604112228","SOL_Irani_Lan_Othr_P":3,"SOL_Thai_P":5,"SOL_Italian_P":0,"SOL_Arabic_P":6,"SOL_Vietnamese_P":4,"SOL_Se_As_A_L_Filipino_P":0,"SOL_Ir_Lang_Dari_P":0,"SOL_Samoan_P":0,"SOL_Russian_P":0,"SOL_German_P":5,"SOL_Se_As_A_L_Indon_P":31,"SOL_Assyrian_P":0,"SOL_Macedonian_P":3,"SOL_Tamil_P":0,"SOL_In_Ar_Lang_Tot_P":4,"SOL_Turkish_P":0,"SOL_Greek_P":0,"SOL_Portuguese_P":0,"SOL_Khmer_P":0},"id":"b13_aust_sa1.20604112228"},{"type":"Feature","properties":{"SOL_Japanese_P":6,"SOL_Hungarian_P":0,"SEO_Persons":245,"SOL_Ir_La_Pe_excl_Da_P":0,"SOL_Serbian_P":0,"SOL_Iran_Lan_Tot_P":0,"SOL_Polish_P":0,"SOL_Spanish_P":13,"SOL_Aus_Indig_Lang_P":0,"SOL_Chin_lang_Tot_P":225,"SOL_Croatian_P":0,"SOL_Se_As_A_L_Othr_P":3,"SOL_Korean_P":44,"SOL_Maltese_P":0,"SOL_Se_As_A_L_Tagal_P":3,"SOL_French_P":6,"SOL_Se_As_A_L_Tot_P":33,"SOL_Dutch_P":3,"SA1_MAIN11":"20604112229","SOL_Irani_Lan_Othr_P":0,"SOL_Thai_P":12,"SOL_Italian_P":6,"SOL_Arabic_P":17,"SOL_Vietnamese_P":6,"SOL_Se_As_A_L_Filipino_P":0,"SOL_Ir_Lang_Dari_P":0,"SOL_Samoan_P":0,"SOL_Russian_P":0,"SOL_German_P":0,"SOL_Se_As_A_L_Indon_P":27,"SOL_Assyrian_P":0,"SOL_Macedonian_P":0,"SOL_Tamil_P":14,"SOL_In_Ar_Lang_Tot_P":42,"SOL_Turkish_P":3,"SOL_Greek_P":0,"SOL_Portuguese_P":10,"SOL_Khmer_P":3},"id":"b13_aust_sa1.20604112229"},{"type":"Feature","properties":{"SOL_Japanese_P":3,"SOL_Hungarian_P":0,"SEO_Persons":206,"SOL_Ir_La_Pe_excl_Da_P":5,"SOL_Serbian_P":0,"SOL_Iran_Lan_Tot_P":5,"SOL_Polish_P":0,"SOL_Spanish_P":7,"SOL_Aus_Indig_Lang_P":0,"SOL_Chin_lang_Tot_P":447,"SOL_Croatian_P":0,"SOL_Se_As_A_L_Othr_P":14,"SOL_Korean_P":46,"SOL_Maltese_P":0,"SOL_Se_As_A_L_Tagal_P":0,"SOL_French_P":10,"SOL_Se_As_A_L_Tot_P":79,"SOL_Dutch_P":0,"SA1_MAIN11":"20604112201","SOL_Irani_Lan_Othr_P":0,"SOL_Thai_P":25,"SOL_Italian_P":3,"SOL_Arabic_P":33,"SOL_Vietnamese_P":15,"SOL_Se_As_A_L_Filipino_P":4,"SOL_Ir_Lang_Dari_P":0,"SOL_Samoan_P":0,"SOL_Russian_P":0,"SOL_German_P":4,"SOL_Se_As_A_L_Indon_P":61,"SOL_Assyrian_P":0,"SOL_Macedonian_P":0,"SOL_Tamil_P":4,"SOL_In_Ar_Lang_Tot_P":37,"SOL_Turkish_P":0,"SOL_Greek_P":0,"SOL_Portuguese_P":4,"SOL_Khmer_P":0},"id":"b13_aust_sa1.20604112201"},{"type":"Feature","properties":{"SOL_Japanese_P":7,"SOL_Hungarian_P":0,"SEO_Persons":103,"SOL_Ir_La_Pe_excl_Da_P":0,"SOL_Serbian_P":0,"SOL_Iran_Lan_Tot_P":0,"SOL_Polish_P":0,"SOL_Spanish_P":0,"SOL_Aus_Indig_Lang_P":0,"SOL_Chin_lang_Tot_P":121,"SOL_Croatian_P":3,"SOL_Se_As_A_L_Othr_P":6,"SOL_Korean_P":13,"SOL_Maltese_P":0,"SOL_Se_As_A_L_Tagal_P":7,"SOL_French_P":7,"SOL_Se_As_A_L_Tot_P":24,"SOL_Dutch_P":0,"SA1_MAIN11":"20604112202","SOL_Irani_Lan_Othr_P":0,"SOL_Thai_P":0,"SOL_Italian_P":3,"SOL_Arabic_P":3,"SOL_Vietnamese_P":8,"SOL_Se_As_A_L_Filipino_P":0,"SOL_Ir_Lang_Dari_P":0,"SOL_Samoan_P":0,"SOL_Russian_P":0,"SOL_German_P":0,"SOL_Se_As_A_L_Indon_P":11,"SOL_Assyrian_P":0,"SOL_Macedonian_P":0,"SOL_Tamil_P":3,"SOL_In_Ar_Lang_Tot_P":12,"SOL_Turkish_P":0,"SOL_Greek_P":0,"SOL_Portuguese_P":0,"SOL_Khmer_P":0},"id":"b13_aust_sa1.20604112202"},{"type":"Feature","properties":{"SOL_Japanese_P":0,"SOL_Hungarian_P":0,"SEO_Persons":0,"SOL_Ir_La_Pe_excl_Da_P":0,"SOL_Serbian_P":0,"SOL_Iran_Lan_Tot_P":0,"SOL_Polish_P":0,"SOL_Spanish_P":0,"SOL_Aus_Indig_Lang_P":0,"SOL_Chin_lang_Tot_P":0,"SOL_Croatian_P":0,"SOL_Se_As_A_L_Othr_P":0,"SOL_Korean_P":0,"SOL_Maltese_P":0,"SOL_Se_As_A_L_Tagal_P":0,"SOL_French_P":0,"SOL_Se_As_A_L_Tot_P":0,"SOL_Dutch_P":0,"SA1_MAIN11":"20604112205","SOL_Irani_Lan_Othr_P":0,"SOL_Thai_P":0,"SOL_Italian_P":0,"SOL_Arabic_P":0,"SOL_Vietnamese_P":0,"SOL_Se_As_A_L_Filipino_P":0,"SOL_Ir_Lang_Dari_P":0,"SOL_Samoan_P":0,"SOL_Russian_P":0,"SOL_German_P":0,"SOL_Se_As_A_L_Indon_P":0,"SOL_Assyrian_P":0,"SOL_Macedonian_P":0,"SOL_Tamil_P":0,"SOL_In_Ar_Lang_Tot_P":0,"SOL_Turkish_P":0,"SOL_Greek_P":0,"SOL_Portuguese_P":0,"SOL_Khmer_P":0},"id":"b13_aust_sa1.20604112205"},{"type":"Feature","properties":{"SOL_Japanese_P":6,"SOL_Hungarian_P":3,"SEO_Persons":122,"SOL_Ir_La_Pe_excl_Da_P":3,"SOL_Serbian_P":0,"SOL_Iran_Lan_Tot_P":3,"SOL_Polish_P":0,"SOL_Spanish_P":3,"SOL_Aus_Indig_Lang_P":0,"SOL_Chin_lang_Tot_P":159,"SOL_Croatian_P":0,"SOL_Se_As_A_L_Othr_P":6,"SOL_Korean_P":19,"SOL_Maltese_P":0,"SOL_Se_As_A_L_Tagal_P":0,"SOL_French_P":0,"SOL_Se_As_A_L_Tot_P":33,"SOL_Dutch_P":0,"SA1_MAIN11":"20604112206","SOL_Irani_Lan_Othr_P":0,"SOL_Thai_P":17,"SOL_Italian_P":7,"SOL_Arabic_P":27,"SOL_Vietnamese_P":6,"SOL_Se_As_A_L_Filipino_P":9,"SOL_Ir_Lang_Dari_P":0,"SOL_Samoan_P":0,"SOL_Russian_P":0,"SOL_German_P":3,"SOL_Se_As_A_L_Indon_P":18,"SOL_Assyrian_P":0,"SOL_Macedonian_P":0,"SOL_Tamil_P":10,"SOL_In_Ar_Lang_Tot_P":23,"SOL_Turkish_P":0,"SOL_Greek_P":3,"SOL_Portuguese_P":0,"SOL_Khmer_P":0},"id":"b13_aust_sa1.20604112206"},{"type":"Feature","properties":{"SOL_Japanese_P":3,"SOL_Hungarian_P":0,"SEO_Persons":289,"SOL_Ir_La_Pe_excl_Da_P":0,"SOL_Serbian_P":0,"SOL_Iran_Lan_Tot_P":0,"SOL_Polish_P":3,"SOL_Spanish_P":11,"SOL_Aus_Indig_Lang_P":0,"SOL_Chin_lang_Tot_P":306,"SOL_Croatian_P":0,"SOL_Se_As_A_L_Othr_P":9,"SOL_Korean_P":51,"SOL_Maltese_P":0,"SOL_Se_As_A_L_Tagal_P":0,"SOL_French_P":7,"SOL_Se_As_A_L_Tot_P":75,"SOL_Dutch_P":0,"SA1_MAIN11":"20604112207","SOL_Irani_Lan_Othr_P":0,"SOL_Thai_P":16,"SOL_Italian_P":11,"SOL_Arabic_P":15,"SOL_Vietnamese_P":6,"SOL_Se_As_A_L_Filipino_P":4,"SOL_Ir_Lang_Dari_P":0,"SOL_Samoan_P":0,"SOL_Russian_P":3,"SOL_German_P":8,"SOL_Se_As_A_L_Indon_P":62,"SOL_Assyrian_P":0,"SOL_Macedonian_P":3,"SOL_Tamil_P":6,"SOL_In_Ar_Lang_Tot_P":20,"SOL_Turkish_P":0,"SOL_Greek_P":3,"SOL_Portuguese_P":0,"SOL_Khmer_P":0},"id":"b13_aust_sa1.20604112207"},{"type":"Feature","properties":{"SOL_Japanese_P":10,"SOL_Hungarian_P":0,"SEO_Persons":248,"SOL_Ir_La_Pe_excl_Da_P":10,"SOL_Serbian_P":0,"SOL_Iran_Lan_Tot_P":10,"SOL_Polish_P":0,"SOL_Spanish_P":20,"SOL_Aus_Indig_Lang_P":0,"SOL_Chin_lang_Tot_P":138,"SOL_Croatian_P":0,"SOL_Se_As_A_L_Othr_P":9,"SOL_Korean_P":25,"SOL_Maltese_P":3,"SOL_Se_As_A_L_Tagal_P":0,"SOL_French_P":9,"SOL_Se_As_A_L_Tot_P":57,"SOL_Dutch_P":0,"SA1_MAIN11":"20604112208","SOL_Irani_Lan_Othr_P":0,"SOL_Thai_P":47,"SOL_Italian_P":8,"SOL_Arabic_P":60,"SOL_Vietnamese_P":15,"SOL_Se_As_A_L_Filipino_P":3,"SOL_Ir_Lang_Dari_P":0,"SOL_Samoan_P":0,"SOL_Russian_P":5,"SOL_German_P":3,"SOL_Se_As_A_L_Indon_P":45,"SOL_Assyrian_P":0,"SOL_Macedonian_P":0,"SOL_Tamil_P":14,"SOL_In_Ar_Lang_Tot_P":76,"SOL_Turkish_P":5,"SOL_Greek_P":0,"SOL_Portuguese_P":8,"SOL_Khmer_P":4},"id":"b13_aust_sa1.20604112208"},{"type":"Feature","properties":{"SOL_Japanese_P":10,"SOL_Hungarian_P":0,"SEO_Persons":266,"SOL_Ir_La_Pe_excl_Da_P":0,"SOL_Serbian_P":0,"SOL_Iran_Lan_Tot_P":0,"SOL_Polish_P":0,"SOL_Spanish_P":3,"SOL_Aus_Indig_Lang_P":0,"SOL_Chin_lang_Tot_P":45,"SOL_Croatian_P":0,"SOL_Se_As_A_L_Othr_P":3,"SOL_Korean_P":11,"SOL_Maltese_P":0,"SOL_Se_As_A_L_Tagal_P":0,"SOL_French_P":11,"SOL_Se_As_A_L_Tot_P":11,"SOL_Dutch_P":0,"SA1_MAIN11":"20604112209","SOL_Irani_Lan_Othr_P":0,"SOL_Thai_P":6,"SOL_Italian_P":11,"SOL_Arabic_P":6,"SOL_Vietnamese_P":6,"SOL_Se_As_A_L_Filipino_P":0,"SOL_Ir_Lang_Dari_P":0,"SOL_Samoan_P":0,"SOL_Russian_P":0,"SOL_German_P":0,"SOL_Se_As_A_L_Indon_P":8,"SOL_Assyrian_P":0,"SOL_Macedonian_P":0,"SOL_Tamil_P":4,"SOL_In_Ar_Lang_Tot_P":6,"SOL_Turkish_P":0,"SOL_Greek_P":3,"SOL_Portuguese_P":0,"SOL_Khmer_P":0},"id":"b13_aust_sa1.20604112209"},{"type":"Feature","properties":{"SOL_Japanese_P":0,"SOL_Hungarian_P":0,"SEO_Persons":67,"SOL_Ir_La_Pe_excl_Da_P":0,"SOL_Serbian_P":0,"SOL_Iran_Lan_Tot_P":0,"SOL_Polish_P":0,"SOL_Spanish_P":3,"SOL_Aus_Indig_Lang_P":0,"SOL_Chin_lang_Tot_P":30,"SOL_Croatian_P":0,"SOL_Se_As_A_L_Othr_P":3,"SOL_Korean_P":6,"SOL_Maltese_P":0,"SOL_Se_As_A_L_Tagal_P":0,"SOL_French_P":0,"SOL_Se_As_A_L_Tot_P":3,"SOL_Dutch_P":0,"SA1_MAIN11":"20604112210","SOL_Irani_Lan_Othr_P":0,"SOL_Thai_P":3,"SOL_Italian_P":6,"SOL_Arabic_P":6,"SOL_Vietnamese_P":3,"SOL_Se_As_A_L_Filipino_P":0,"SOL_Ir_Lang_Dari_P":0,"SOL_Samoan_P":0,"SOL_Russian_P":0,"SOL_German_P":0,"SOL_Se_As_A_L_Indon_P":0,"SOL_Assyrian_P":0,"SOL_Macedonian_P":0,"SOL_Tamil_P":26,"SOL_In_Ar_Lang_Tot_P":82,"SOL_Turkish_P":0,"SOL_Greek_P":0,"SOL_Portuguese_P":0,"SOL_Khmer_P":3},"id":"b13_aust_sa1.20604112210"},{"type":"Feature","properties":{"SOL_Japanese_P":8,"SOL_Hungarian_P":0,"SEO_Persons":146,"SOL_Ir_La_Pe_excl_Da_P":6,"SOL_Serbian_P":0,"SOL_Iran_Lan_Tot_P":6,"SOL_Polish_P":0,"SOL_Spanish_P":11,"SOL_Aus_Indig_Lang_P":0,"SOL_Chin_lang_Tot_P":107,"SOL_Croatian_P":0,"SOL_Se_As_A_L_Othr_P":0,"SOL_Korean_P":21,"SOL_Maltese_P":0,"SOL_Se_As_A_L_Tagal_P":0,"SOL_French_P":6,"SOL_Se_As_A_L_Tot_P":27,"SOL_Dutch_P":0,"SA1_MAIN11":"20604112211","SOL_Irani_Lan_Othr_P":0,"SOL_Thai_P":6,"SOL_Italian_P":9,"SOL_Arabic_P":9,"SOL_Vietnamese_P":9,"SOL_Se_As_A_L_Filipino_P":0,"SOL_Ir_Lang_Dari_P":0,"SOL_Samoan_P":0,"SOL_Russian_P":0,"SOL_German_P":0,"SOL_Se_As_A_L_Indon_P":27,"SOL_Assyrian_P":0,"SOL_Macedonian_P":0,"SOL_Tamil_P":0,"SOL_In_Ar_Lang_Tot_P":25,"SOL_Turkish_P":0,"SOL_Greek_P":0,"SOL_Portuguese_P":0,"SOL_Khmer_P":0},"id":"b13_aust_sa1.20604112211"},{"type":"Feature","properties":{"SOL_Japanese_P":3,"SOL_Hungarian_P":0,"SEO_Persons":251,"SOL_Ir_La_Pe_excl_Da_P":0,"SOL_Serbian_P":0,"SOL_Iran_Lan_Tot_P":0,"SOL_Polish_P":0,"SOL_Spanish_P":3,"SOL_Aus_Indig_Lang_P":0,"SOL_Chin_lang_Tot_P":21,"SOL_Croatian_P":0,"SOL_Se_As_A_L_Othr_P":0,"SOL_Korean_P":3,"SOL_Maltese_P":0,"SOL_Se_As_A_L_Tagal_P":0,"SOL_French_P":3,"SOL_Se_As_A_L_Tot_P":6,"SOL_Dutch_P":0,"SA1_MAIN11":"20604112230","SOL_Irani_Lan_Othr_P":0,"SOL_Thai_P":0,"SOL_Italian_P":5,"SOL_Arabic_P":3,"SOL_Vietnamese_P":0,"SOL_Se_As_A_L_Filipino_P":0,"SOL_Ir_Lang_Dari_P":0,"SOL_Samoan_P":0,"SOL_Russian_P":6,"SOL_German_P":0,"SOL_Se_As_A_L_Indon_P":6,"SOL_Assyrian_P":0,"SOL_Macedonian_P":0,"SOL_Tamil_P":0,"SOL_In_Ar_Lang_Tot_P":6,"SOL_Turkish_P":0,"SOL_Greek_P":3,"SOL_Portuguese_P":0,"SOL_Khmer_P":0},"id":"b13_aust_sa1.20604112230"},{"type":"Feature","properties":{"SOL_Japanese_P":9,"SOL_Hungarian_P":0,"SEO_Persons":207,"SOL_Ir_La_Pe_excl_Da_P":0,"SOL_Serbian_P":0,"SOL_Iran_Lan_Tot_P":0,"SOL_Polish_P":3,"SOL_Spanish_P":6,"SOL_Aus_Indig_Lang_P":0,"SOL_Chin_lang_Tot_P":195,"SOL_Croatian_P":0,"SOL_Se_As_A_L_Othr_P":0,"SOL_Korean_P":8,"SOL_Maltese_P":0,"SOL_Se_As_A_L_Tagal_P":0,"SOL_French_P":6,"SOL_Se_As_A_L_Tot_P":31,"SOL_Dutch_P":0,"SA1_MAIN11":"20604112212","SOL_Irani_Lan_Othr_P":0,"SOL_Thai_P":10,"SOL_Italian_P":6,"SOL_Arabic_P":6,"SOL_Vietnamese_P":6,"SOL_Se_As_A_L_Filipino_P":6,"SOL_Ir_Lang_Dari_P":0,"SOL_Samoan_P":0,"SOL_Russian_P":6,"SOL_German_P":0,"SOL_Se_As_A_L_Indon_P":25,"SOL_Assyrian_P":0,"SOL_Macedonian_P":0,"SOL_Tamil_P":7,"SOL_In_Ar_Lang_Tot_P":23,"SOL_Turkish_P":0,"SOL_Greek_P":4,"SOL_Portuguese_P":3,"SOL_Khmer_P":0},"id":"b13_aust_sa1.20604112212"},{"type":"Feature","properties":{"SOL_Japanese_P":7,"SOL_Hungarian_P":0,"SEO_Persons":197,"SOL_Ir_La_Pe_excl_Da_P":0,"SOL_Serbian_P":0,"SOL_Iran_Lan_Tot_P":0,"SOL_Polish_P":0,"SOL_Spanish_P":0,"SOL_Aus_Indig_Lang_P":0,"SOL_Chin_lang_Tot_P":111,"SOL_Croatian_P":0,"SOL_Se_As_A_L_Othr_P":6,"SOL_Korean_P":18,"SOL_Maltese_P":0,"SOL_Se_As_A_L_Tagal_P":0,"SOL_French_P":3,"SOL_Se_As_A_L_Tot_P":30,"SOL_Dutch_P":3,"SA1_MAIN11":"20604112213","SOL_Irani_Lan_Othr_P":0,"SOL_Thai_P":6,"SOL_Italian_P":4,"SOL_Arabic_P":14,"SOL_Vietnamese_P":8,"SOL_Se_As_A_L_Filipino_P":6,"SOL_Ir_Lang_Dari_P":0,"SOL_Samoan_P":0,"SOL_Russian_P":0,"SOL_German_P":3,"SOL_Se_As_A_L_Indon_P":18,"SOL_Assyrian_P":0,"SOL_Macedonian_P":0,"SOL_Tamil_P":0,"SOL_In_Ar_Lang_Tot_P":9,"SOL_Turkish_P":0,"SOL_Greek_P":3,"SOL_Portuguese_P":0,"SOL_Khmer_P":0},"id":"b13_aust_sa1.20604112213"},{"type":"Feature","properties":{"SOL_Japanese_P":0,"SOL_Hungarian_P":0,"SEO_Persons":229,"SOL_Ir_La_Pe_excl_Da_P":0,"SOL_Serbian_P":0,"SOL_Iran_Lan_Tot_P":0,"SOL_Polish_P":0,"SOL_Spanish_P":6,"SOL_Aus_Indig_Lang_P":0,"SOL_Chin_lang_Tot_P":71,"SOL_Croatian_P":0,"SOL_Se_As_A_L_Othr_P":3,"SOL_Korean_P":16,"SOL_Maltese_P":0,"SOL_Se_As_A_L_Tagal_P":0,"SOL_French_P":11,"SOL_Se_As_A_L_Tot_P":18,"SOL_Dutch_P":0,"SA1_MAIN11":"20604112214","SOL_Irani_Lan_Othr_P":0,"SOL_Thai_P":19,"SOL_Italian_P":0,"SOL_Arabic_P":5,"SOL_Vietnamese_P":10,"SOL_Se_As_A_L_Filipino_P":0,"SOL_Ir_Lang_Dari_P":0,"SOL_Samoan_P":0,"SOL_Russian_P":0,"SOL_German_P":6,"SOL_Se_As_A_L_Indon_P":15,"SOL_Assyrian_P":0,"SOL_Macedonian_P":0,"SOL_Tamil_P":0,"SOL_In_Ar_Lang_Tot_P":20,"SOL_Turkish_P":0,"SOL_Greek_P":0,"SOL_Portuguese_P":5,"SOL_Khmer_P":0},"id":"b13_aust_sa1.20604112214"},{"type":"Feature","properties":{"SOL_Japanese_P":10,"SOL_Hungarian_P":0,"SEO_Persons":353,"SOL_Ir_La_Pe_excl_Da_P":0,"SOL_Serbian_P":0,"SOL_Iran_Lan_Tot_P":0,"SOL_Polish_P":0,"SOL_Spanish_P":7,"SOL_Aus_Indig_Lang_P":0,"SOL_Chin_lang_Tot_P":62,"SOL_Croatian_P":0,"SOL_Se_As_A_L_Othr_P":6,"SOL_Korean_P":16,"SOL_Maltese_P":0,"SOL_Se_As_A_L_Tagal_P":6,"SOL_French_P":8,"SOL_Se_As_A_L_Tot_P":31,"SOL_Dutch_P":0,"SA1_MAIN11":"20604112215","SOL_Irani_Lan_Othr_P":0,"SOL_Thai_P":9,"SOL_Italian_P":0,"SOL_Arabic_P":4,"SOL_Vietnamese_P":10,"SOL_Se_As_A_L_Filipino_P":0,"SOL_Ir_Lang_Dari_P":0,"SOL_Samoan_P":0,"SOL_Russian_P":5,"SOL_German_P":7,"SOL_Se_As_A_L_Indon_P":19,"SOL_Assyrian_P":0,"SOL_Macedonian_P":0,"SOL_Tamil_P":0,"SOL_In_Ar_Lang_Tot_P":22,"SOL_Turkish_P":0,"SOL_Greek_P":3,"SOL_Portuguese_P":0,"SOL_Khmer_P":0},"id":"b13_aust_sa1.20604112215"},{"type":"Feature","properties":{"SOL_Japanese_P":3,"SOL_Hungarian_P":0,"SEO_Persons":173,"SOL_Ir_La_Pe_excl_Da_P":0,"SOL_Serbian_P":0,"SOL_Iran_Lan_Tot_P":0,"SOL_Polish_P":8,"SOL_Spanish_P":0,"SOL_Aus_Indig_Lang_P":0,"SOL_Chin_lang_Tot_P":35,"SOL_Croatian_P":0,"SOL_Se_As_A_L_Othr_P":0,"SOL_Korean_P":8,"SOL_Maltese_P":0,"SOL_Se_As_A_L_Tagal_P":3,"SOL_French_P":4,"SOL_Se_As_A_L_Tot_P":13,"SOL_Dutch_P":0,"SA1_MAIN11":"20604112216","SOL_Irani_Lan_Othr_P":0,"SOL_Thai_P":0,"SOL_Italian_P":0,"SOL_Arabic_P":3,"SOL_Vietnamese_P":3,"SOL_Se_As_A_L_Filipino_P":0,"SOL_Ir_Lang_Dari_P":0,"SOL_Samoan_P":0,"SOL_Russian_P":3,"SOL_German_P":0,"SOL_Se_As_A_L_Indon_P":10,"SOL_Assyrian_P":0,"SOL_Macedonian_P":0,"SOL_Tamil_P":0,"SOL_In_Ar_Lang_Tot_P":35,"SOL_Turkish_P":0,"SOL_Greek_P":0,"SOL_Portuguese_P":6,"SOL_Khmer_P":0},"id":"b13_aust_sa1.20604112216"},{"type":"Feature","properties":{"SOL_Japanese_P":0,"SOL_Hungarian_P":0,"SEO_Persons":165,"SOL_Ir_La_Pe_excl_Da_P":3,"SOL_Serbian_P":3,"SOL_Iran_Lan_Tot_P":3,"SOL_Polish_P":3,"SOL_Spanish_P":6,"SOL_Aus_Indig_Lang_P":0,"SOL_Chin_lang_Tot_P":141,"SOL_Croatian_P":4,"SOL_Se_As_A_L_Othr_P":8,"SOL_Korean_P":23,"SOL_Maltese_P":4,"SOL_Se_As_A_L_Tagal_P":4,"SOL_French_P":6,"SOL_Se_As_A_L_Tot_P":48,"SOL_Dutch_P":0,"SA1_MAIN11":"20604112217","SOL_Irani_Lan_Othr_P":0,"SOL_Thai_P":6,"SOL_Italian_P":7,"SOL_Arabic_P":9,"SOL_Vietnamese_P":7,"SOL_Se_As_A_L_Filipino_P":0,"SOL_Ir_Lang_Dari_P":0,"SOL_Samoan_P":0,"SOL_Russian_P":0,"SOL_German_P":0,"SOL_Se_As_A_L_Indon_P":36,"SOL_Assyrian_P":0,"SOL_Macedonian_P":0,"SOL_Tamil_P":3,"SOL_In_Ar_Lang_Tot_P":32,"SOL_Turkish_P":0,"SOL_Greek_P":0,"SOL_Portuguese_P":0,"SOL_Khmer_P":0},"id":"b13_aust_sa1.20604112217"},{"type":"Feature","properties":{"SOL_Japanese_P":0,"SOL_Hungarian_P":0,"SEO_Persons":93,"SOL_Ir_La_Pe_excl_Da_P":0,"SOL_Serbian_P":0,"SOL_Iran_Lan_Tot_P":0,"SOL_Polish_P":0,"SOL_Spanish_P":11,"SOL_Aus_Indig_Lang_P":0,"SOL_Chin_lang_Tot_P":40,"SOL_Croatian_P":0,"SOL_Se_As_A_L_Othr_P":0,"SOL_Korean_P":6,"SOL_Maltese_P":0,"SOL_Se_As_A_L_Tagal_P":3,"SOL_French_P":0,"SOL_Se_As_A_L_Tot_P":16,"SOL_Dutch_P":0,"SA1_MAIN11":"20604112218","SOL_Irani_Lan_Othr_P":0,"SOL_Thai_P":0,"SOL_Italian_P":0,"SOL_Arabic_P":0,"SOL_Vietnamese_P":0,"SOL_Se_As_A_L_Filipino_P":0,"SOL_Ir_Lang_Dari_P":0,"SOL_Samoan_P":4,"SOL_Russian_P":0,"SOL_German_P":0,"SOL_Se_As_A_L_Indon_P":13,"SOL_Assyrian_P":0,"SOL_Macedonian_P":0,"SOL_Tamil_P":4,"SOL_In_Ar_Lang_Tot_P":11,"SOL_Turkish_P":0,"SOL_Greek_P":5,"SOL_Portuguese_P":0,"SOL_Khmer_P":0},"id":"b13_aust_sa1.20604112218"},{"type":"Feature","properties":{"SOL_Japanese_P":14,"SOL_Hungarian_P":0,"SEO_Persons":333,"SOL_Ir_La_Pe_excl_Da_P":0,"SOL_Serbian_P":3,"SOL_Iran_Lan_Tot_P":0,"SOL_Polish_P":0,"SOL_Spanish_P":8,"SOL_Aus_Indig_Lang_P":0,"SOL_Chin_lang_Tot_P":381,"SOL_Croatian_P":0,"SOL_Se_As_A_L_Othr_P":17,"SOL_Korean_P":37,"SOL_Maltese_P":0,"SOL_Se_As_A_L_Tagal_P":3,"SOL_French_P":7,"SOL_Se_As_A_L_Tot_P":115,"SOL_Dutch_P":3,"SA1_MAIN11":"20604112219","SOL_Irani_Lan_Othr_P":0,"SOL_Thai_P":14,"SOL_Italian_P":10,"SOL_Arabic_P":16,"SOL_Vietnamese_P":7,"SOL_Se_As_A_L_Filipino_P":7,"SOL_Ir_Lang_Dari_P":0,"SOL_Samoan_P":0,"SOL_Russian_P":3,"SOL_German_P":4,"SOL_Se_As_A_L_Indon_P":88,"SOL_Assyrian_P":0,"SOL_Macedonian_P":0,"SOL_Tamil_P":10,"SOL_In_Ar_Lang_Tot_P":37,"SOL_Turkish_P":0,"SOL_Greek_P":0,"SOL_Portuguese_P":0,"SOL_Khmer_P":0},"id":"b13_aust_sa1.20604112219"},{"type":"Feature","properties":{"SOL_Japanese_P":0,"SOL_Hungarian_P":0,"SEO_Persons":227,"SOL_Ir_La_Pe_excl_Da_P":3,"SOL_Serbian_P":0,"SOL_Iran_Lan_Tot_P":6,"SOL_Polish_P":0,"SOL_Spanish_P":8,"SOL_Aus_Indig_Lang_P":0,"SOL_Chin_lang_Tot_P":291,"SOL_Croatian_P":0,"SOL_Se_As_A_L_Othr_P":19,"SOL_Korean_P":16,"SOL_Maltese_P":0,"SOL_Se_As_A_L_Tagal_P":3,"SOL_French_P":7,"SOL_Se_As_A_L_Tot_P":64,"SOL_Dutch_P":0,"SA1_MAIN11":"20604112220","SOL_Irani_Lan_Othr_P":0,"SOL_Thai_P":24,"SOL_Italian_P":3,"SOL_Arabic_P":0,"SOL_Vietnamese_P":11,"SOL_Se_As_A_L_Filipino_P":0,"SOL_Ir_Lang_Dari_P":3,"SOL_Samoan_P":0,"SOL_Russian_P":3,"SOL_German_P":6,"SOL_Se_As_A_L_Indon_P":42,"SOL_Assyrian_P":0,"SOL_Macedonian_P":0,"SOL_Tamil_P":6,"SOL_In_Ar_Lang_Tot_P":35,"SOL_Turkish_P":3,"SOL_Greek_P":0,"SOL_Portuguese_P":0,"SOL_Khmer_P":0},"id":"b13_aust_sa1.20604112220"},{"type":"Feature","properties":{"SOL_Japanese_P":6,"SOL_Hungarian_P":0,"SEO_Persons":145,"SOL_Ir_La_Pe_excl_Da_P":0,"SOL_Serbian_P":0,"SOL_Iran_Lan_Tot_P":0,"SOL_Polish_P":6,"SOL_Spanish_P":0,"SOL_Aus_Indig_Lang_P":0,"SOL_Chin_lang_Tot_P":78,"SOL_Croatian_P":0,"SOL_Se_As_A_L_Othr_P":0,"SOL_Korean_P":3,"SOL_Maltese_P":0,"SOL_Se_As_A_L_Tagal_P":0,"SOL_French_P":5,"SOL_Se_As_A_L_Tot_P":9,"SOL_Dutch_P":0,"SA1_MAIN11":"20604112221","SOL_Irani_Lan_Othr_P":0,"SOL_Thai_P":0,"SOL_Italian_P":9,"SOL_Arabic_P":0,"SOL_Vietnamese_P":0,"SOL_Se_As_A_L_Filipino_P":0,"SOL_Ir_Lang_Dari_P":0,"SOL_Samoan_P":0,"SOL_Russian_P":0,"SOL_German_P":6,"SOL_Se_As_A_L_Indon_P":9,"SOL_Assyrian_P":0,"SOL_Macedonian_P":3,"SOL_Tamil_P":0,"SOL_In_Ar_Lang_Tot_P":0,"SOL_Turkish_P":3,"SOL_Greek_P":3,"SOL_Portuguese_P":0,"SOL_Khmer_P":0},"id":"b13_aust_sa1.20604112221"},{"type":"Feature","properties":{"SOL_Japanese_P":8,"SOL_Hungarian_P":0,"SEO_Persons":95,"SOL_Ir_La_Pe_excl_Da_P":0,"SOL_Serbian_P":0,"SOL_Iran_Lan_Tot_P":0,"SOL_Polish_P":0,"SOL_Spanish_P":0,"SOL_Aus_Indig_Lang_P":0,"SOL_Chin_lang_Tot_P":142,"SOL_Croatian_P":0,"SOL_Se_As_A_L_Othr_P":3,"SOL_Korean_P":10,"SOL_Maltese_P":0,"SOL_Se_As_A_L_Tagal_P":0,"SOL_French_P":3,"SOL_Se_As_A_L_Tot_P":23,"SOL_Dutch_P":3,"SA1_MAIN11":"20604112222","SOL_Irani_Lan_Othr_P":0,"SOL_Thai_P":10,"SOL_Italian_P":5,"SOL_Arabic_P":0,"SOL_Vietnamese_P":0,"SOL_Se_As_A_L_Filipino_P":0,"SOL_Ir_Lang_Dari_P":0,"SOL_Samoan_P":0,"SOL_Russian_P":0,"SOL_German_P":4,"SOL_Se_As_A_L_Indon_P":20,"SOL_Assyrian_P":0,"SOL_Macedonian_P":0,"SOL_Tamil_P":19,"SOL_In_Ar_Lang_Tot_P":58,"SOL_Turkish_P":0,"SOL_Greek_P":0,"SOL_Portuguese_P":4,"SOL_Khmer_P":0},"id":"b13_aust_sa1.20604112222"},{"type":"Feature","properties":{"SOL_Japanese_P":8,"SOL_Hungarian_P":0,"SEO_Persons":82,"SOL_Ir_La_Pe_excl_Da_P":0,"SOL_Serbian_P":0,"SOL_Iran_Lan_Tot_P":0,"SOL_Polish_P":0,"SOL_Spanish_P":0,"SOL_Aus_Indig_Lang_P":0,"SOL_Chin_lang_Tot_P":84,"SOL_Croatian_P":0,"SOL_Se_As_A_L_Othr_P":3,"SOL_Korean_P":14,"SOL_Maltese_P":0,"SOL_Se_As_A_L_Tagal_P":0,"SOL_French_P":3,"SOL_Se_As_A_L_Tot_P":16,"SOL_Dutch_P":0,"SA1_MAIN11":"20604112223","SOL_Irani_Lan_Othr_P":0,"SOL_Thai_P":0,"SOL_Italian_P":0,"SOL_Arabic_P":0,"SOL_Vietnamese_P":7,"SOL_Se_As_A_L_Filipino_P":3,"SOL_Ir_Lang_Dari_P":0,"SOL_Samoan_P":0,"SOL_Russian_P":0,"SOL_German_P":0,"SOL_Se_As_A_L_Indon_P":10,"SOL_Assyrian_P":0,"SOL_Macedonian_P":0,"SOL_Tamil_P":0,"SOL_In_Ar_Lang_Tot_P":11,"SOL_Turkish_P":0,"SOL_Greek_P":0,"SOL_Portuguese_P":0,"SOL_Khmer_P":0},"id":"b13_aust_sa1.20604112223"},{"type":"Feature","properties":{"SOL_Japanese_P":8,"SOL_Hungarian_P":0,"SEO_Persons":218,"SOL_Ir_La_Pe_excl_Da_P":0,"SOL_Serbian_P":0,"SOL_Iran_Lan_Tot_P":0,"SOL_Polish_P":0,"SOL_Spanish_P":6,"SOL_Aus_Indig_Lang_P":0,"SOL_Chin_lang_Tot_P":36,"SOL_Croatian_P":6,"SOL_Se_As_A_L_Othr_P":0,"SOL_Korean_P":6,"SOL_Maltese_P":0,"SOL_Se_As_A_L_Tagal_P":3,"SOL_French_P":6,"SOL_Se_As_A_L_Tot_P":6,"SOL_Dutch_P":0,"SA1_MAIN11":"20604112224","SOL_Irani_Lan_Othr_P":0,"SOL_Thai_P":0,"SOL_Italian_P":4,"SOL_Arabic_P":0,"SOL_Vietnamese_P":0,"SOL_Se_As_A_L_Filipino_P":0,"SOL_Ir_Lang_Dari_P":0,"SOL_Samoan_P":0,"SOL_Russian_P":6,"SOL_German_P":0,"SOL_Se_As_A_L_Indon_P":3,"SOL_Assyrian_P":0,"SOL_Macedonian_P":0,"SOL_Tamil_P":0,"SOL_In_Ar_Lang_Tot_P":6,"SOL_Turkish_P":0,"SOL_Greek_P":0,"SOL_Portuguese_P":0,"SOL_Khmer_P":0},"id":"b13_aust_sa1.20604112224"},{"type":"Feature","properties":{"SOL_Japanese_P":0,"SOL_Hungarian_P":0,"SEO_Persons":121,"SOL_Ir_La_Pe_excl_Da_P":0,"SOL_Serbian_P":0,"SOL_Iran_Lan_Tot_P":0,"SOL_Polish_P":0,"SOL_Spanish_P":0,"SOL_Aus_Indig_Lang_P":0,"SOL_Chin_lang_Tot_P":13,"SOL_Croatian_P":0,"SOL_Se_As_A_L_Othr_P":0,"SOL_Korean_P":3,"SOL_Maltese_P":0,"SOL_Se_As_A_L_Tagal_P":0,"SOL_French_P":0,"SOL_Se_As_A_L_Tot_P":0,"SOL_Dutch_P":4,"SA1_MAIN11":"20604112225","SOL_Irani_Lan_Othr_P":0,"SOL_Thai_P":0,"SOL_Italian_P":5,"SOL_Arabic_P":0,"SOL_Vietnamese_P":0,"SOL_Se_As_A_L_Filipino_P":0,"SOL_Ir_Lang_Dari_P":0,"SOL_Samoan_P":0,"SOL_Russian_P":0,"SOL_German_P":0,"SOL_Se_As_A_L_Indon_P":0,"SOL_Assyrian_P":0,"SOL_Macedonian_P":0,"SOL_Tamil_P":6,"SOL_In_Ar_Lang_Tot_P":3,"SOL_Turkish_P":4,"SOL_Greek_P":0,"SOL_Portuguese_P":0,"SOL_Khmer_P":0},"id":"b13_aust_sa1.20604112225"},{"type":"Feature","properties":{"SOL_Japanese_P":3,"SOL_Hungarian_P":0,"SEO_Persons":219,"SOL_Ir_La_Pe_excl_Da_P":6,"SOL_Serbian_P":4,"SOL_Iran_Lan_Tot_P":6,"SOL_Polish_P":0,"SOL_Spanish_P":4,"SOL_Aus_Indig_Lang_P":0,"SOL_Chin_lang_Tot_P":420,"SOL_Croatian_P":0,"SOL_Se_As_A_L_Othr_P":7,"SOL_Korean_P":13,"SOL_Maltese_P":0,"SOL_Se_As_A_L_Tagal_P":6,"SOL_French_P":3,"SOL_Se_As_A_L_Tot_P":102,"SOL_Dutch_P":0,"SA1_MAIN11":"20604112226","SOL_Irani_Lan_Othr_P":0,"SOL_Thai_P":29,"SOL_Italian_P":6,"SOL_Arabic_P":69,"SOL_Vietnamese_P":14,"SOL_Se_As_A_L_Filipino_P":0,"SOL_Ir_Lang_Dari_P":0,"SOL_Samoan_P":0,"SOL_Russian_P":0,"SOL_German_P":3,"SOL_Se_As_A_L_Indon_P":89,"SOL_Assyrian_P":0,"SOL_Macedonian_P":0,"SOL_Tamil_P":0,"SOL_In_Ar_Lang_Tot_P":3,"SOL_Turkish_P":4,"SOL_Greek_P":3,"SOL_Portuguese_P":0,"SOL_Khmer_P":0},"id":"b13_aust_sa1.20604112226"},{"type":"Feature","properties":{"SOL_Japanese_P":17,"SOL_Hungarian_P":6,"SEO_Persons":396,"SOL_Ir_La_Pe_excl_Da_P":5,"SOL_Serbian_P":0,"SOL_Iran_Lan_Tot_P":5,"SOL_Polish_P":0,"SOL_Spanish_P":6,"SOL_Aus_Indig_Lang_P":0,"SOL_Chin_lang_Tot_P":724,"SOL_Croatian_P":0,"SOL_Se_As_A_L_Othr_P":41,"SOL_Korean_P":47,"SOL_Maltese_P":0,"SOL_Se_As_A_L_Tagal_P":0,"SOL_French_P":7,"SOL_Se_As_A_L_Tot_P":205,"SOL_Dutch_P":0,"SA1_MAIN11":"20604112227","SOL_Irani_Lan_Othr_P":0,"SOL_Thai_P":28,"SOL_Italian_P":15,"SOL_Arabic_P":11,"SOL_Vietnamese_P":13,"SOL_Se_As_A_L_Filipino_P":0,"SOL_Ir_Lang_Dari_P":0,"SOL_Samoan_P":0,"SOL_Russian_P":3,"SOL_German_P":6,"SOL_Se_As_A_L_Indon_P":164,"SOL_Assyrian_P":0,"SOL_Macedonian_P":0,"SOL_Tamil_P":8,"SOL_In_Ar_Lang_Tot_P":33,"SOL_Turkish_P":0,"SOL_Greek_P":6,"SOL_Portuguese_P":6,"SOL_Khmer_P":3},"id":"b13_aust_sa1.20604112227"},{"type":"Feature","properties":{"SOL_Japanese_P":0,"SOL_Hungarian_P":0,"SEO_Persons":176,"SOL_Ir_La_Pe_excl_Da_P":0,"SOL_Serbian_P":0,"SOL_Iran_Lan_Tot_P":0,"SOL_Polish_P":0,"SOL_Spanish_P":3,"SOL_Aus_Indig_Lang_P":0,"SOL_Chin_lang_Tot_P":18,"SOL_Croatian_P":0,"SOL_Se_As_A_L_Othr_P":0,"SOL_Korean_P":7,"SOL_Maltese_P":0,"SOL_Se_As_A_L_Tagal_P":0,"SOL_French_P":5,"SOL_Se_As_A_L_Tot_P":0,"SOL_Dutch_P":0,"SA1_MAIN11":"20604112231","SOL_Irani_Lan_Othr_P":0,"SOL_Thai_P":3,"SOL_Italian_P":4,"SOL_Arabic_P":0,"SOL_Vietnamese_P":3,"SOL_Se_As_A_L_Filipino_P":0,"SOL_Ir_Lang_Dari_P":0,"SOL_Samoan_P":0,"SOL_Russian_P":0,"SOL_German_P":0,"SOL_Se_As_A_L_Indon_P":0,"SOL_Assyrian_P":0,"SOL_Macedonian_P":0,"SOL_Tamil_P":0,"SOL_In_Ar_Lang_Tot_P":9,"SOL_Turkish_P":0,"SOL_Greek_P":4,"SOL_Portuguese_P":0,"SOL_Khmer_P":0},"id":"b13_aust_sa1.20604112231"},{"type":"Feature","properties":{"SOL_Japanese_P":6,"SOL_Hungarian_P":0,"SEO_Persons":126,"SOL_Ir_La_Pe_excl_Da_P":3,"SOL_Serbian_P":6,"SOL_Iran_Lan_Tot_P":3,"SOL_Polish_P":3,"SOL_Spanish_P":6,"SOL_Aus_Indig_Lang_P":0,"SOL_Chin_lang_Tot_P":233,"SOL_Croatian_P":0,"SOL_Se_As_A_L_Othr_P":4,"SOL_Korean_P":17,"SOL_Maltese_P":0,"SOL_Se_As_A_L_Tagal_P":3,"SOL_French_P":6,"SOL_Se_As_A_L_Tot_P":31,"SOL_Dutch_P":0,"SA1_MAIN11":"20604112232","SOL_Irani_Lan_Othr_P":0,"SOL_Thai_P":25,"SOL_Italian_P":0,"SOL_Arabic_P":6,"SOL_Vietnamese_P":12,"SOL_Se_As_A_L_Filipino_P":3,"SOL_Ir_Lang_Dari_P":0,"SOL_Samoan_P":0,"SOL_Russian_P":0,"SOL_German_P":0,"SOL_Se_As_A_L_Indon_P":21,"SOL_Assyrian_P":0,"SOL_Macedonian_P":0,"SOL_Tamil_P":3,"SOL_In_Ar_Lang_Tot_P":15,"SOL_Turkish_P":0,"SOL_Greek_P":3,"SOL_Portuguese_P":3,"SOL_Khmer_P":0},"id":"b13_aust_sa1.20604112232"},{"type":"Feature","properties":{"SOL_Japanese_P":3,"SOL_Hungarian_P":0,"SEO_Persons":120,"SOL_Ir_La_Pe_excl_Da_P":4,"SOL_Serbian_P":3,"SOL_Iran_Lan_Tot_P":4,"SOL_Polish_P":0,"SOL_Spanish_P":0,"SOL_Aus_Indig_Lang_P":0,"SOL_Chin_lang_Tot_P":139,"SOL_Croatian_P":0,"SOL_Se_As_A_L_Othr_P":6,"SOL_Korean_P":8,"SOL_Maltese_P":0,"SOL_Se_As_A_L_Tagal_P":0,"SOL_French_P":0,"SOL_Se_As_A_L_Tot_P":62,"SOL_Dutch_P":0,"SA1_MAIN11":"20604112233","SOL_Irani_Lan_Othr_P":0,"SOL_Thai_P":25,"SOL_Italian_P":0,"SOL_Arabic_P":0,"SOL_Vietnamese_P":3,"SOL_Se_As_A_L_Filipino_P":0,"SOL_Ir_Lang_Dari_P":0,"SOL_Samoan_P":0,"SOL_Russian_P":4,"SOL_German_P":3,"SOL_Se_As_A_L_Indon_P":56,"SOL_Assyrian_P":0,"SOL_Macedonian_P":0,"SOL_Tamil_P":0,"SOL_In_Ar_Lang_Tot_P":15,"SOL_Turkish_P":0,"SOL_Greek_P":0,"SOL_Portuguese_P":0,"SOL_Khmer_P":0},"id":"b13_aust_sa1.20604112233"},{"type":"Feature","properties":{"SOL_Japanese_P":6,"SOL_Hungarian_P":0,"SEO_Persons":95,"SOL_Ir_La_Pe_excl_Da_P":0,"SOL_Serbian_P":0,"SOL_Iran_Lan_Tot_P":0,"SOL_Polish_P":0,"SOL_Spanish_P":0,"SOL_Aus_Indig_Lang_P":0,"SOL_Chin_lang_Tot_P":160,"SOL_Croatian_P":0,"SOL_Se_As_A_L_Othr_P":0,"SOL_Korean_P":10,"SOL_Maltese_P":0,"SOL_Se_As_A_L_Tagal_P":0,"SOL_French_P":0,"SOL_Se_As_A_L_Tot_P":32,"SOL_Dutch_P":0,"SA1_MAIN11":"20604112234","SOL_Irani_Lan_Othr_P":0,"SOL_Thai_P":18,"SOL_Italian_P":0,"SOL_Arabic_P":6,"SOL_Vietnamese_P":8,"SOL_Se_As_A_L_Filipino_P":0,"SOL_Ir_Lang_Dari_P":0,"SOL_Samoan_P":0,"SOL_Russian_P":0,"SOL_German_P":0,"SOL_Se_As_A_L_Indon_P":32,"SOL_Assyrian_P":0,"SOL_Macedonian_P":5,"SOL_Tamil_P":0,"SOL_In_Ar_Lang_Tot_P":16,"SOL_Turkish_P":0,"SOL_Greek_P":0,"SOL_Portuguese_P":0,"SOL_Khmer_P":0},"id":"b13_aust_sa1.20604112234"},{"type":"Feature","properties":{"SOL_Japanese_P":0,"SOL_Hungarian_P":0,"SEO_Persons":167,"SOL_Ir_La_Pe_excl_Da_P":0,"SOL_Serbian_P":0,"SOL_Iran_Lan_Tot_P":0,"SOL_Polish_P":3,"SOL_Spanish_P":6,"SOL_Aus_Indig_Lang_P":0,"SOL_Chin_lang_Tot_P":178,"SOL_Croatian_P":3,"SOL_Se_As_A_L_Othr_P":11,"SOL_Korean_P":17,"SOL_Maltese_P":0,"SOL_Se_As_A_L_Tagal_P":0,"SOL_French_P":6,"SOL_Se_As_A_L_Tot_P":77,"SOL_Dutch_P":0,"SA1_MAIN11":"20604112235","SOL_Irani_Lan_Othr_P":0,"SOL_Thai_P":11,"SOL_Italian_P":0,"SOL_Arabic_P":8,"SOL_Vietnamese_P":5,"SOL_Se_As_A_L_Filipino_P":3,"SOL_Ir_Lang_Dari_P":0,"SOL_Samoan_P":0,"SOL_Russian_P":0,"SOL_German_P":0,"SOL_Se_As_A_L_Indon_P":63,"SOL_Assyrian_P":0,"SOL_Macedonian_P":0,"SOL_Tamil_P":4,"SOL_In_Ar_Lang_Tot_P":3,"SOL_Turkish_P":3,"SOL_Greek_P":3,"SOL_Portuguese_P":0,"SOL_Khmer_P":3},"id":"b13_aust_sa1.20604112235"}]}