{"organisation":"VIC_Govt_VCGLR","name":"vcglr_liquor_licence_2016","title":"Liquor Licences, Gaming Venues (VCGLR) 2016","legal":{"copyrightYear":"2017","attributionYear":"2016","attribution":"{datasource.organisationTitle}, ({dataset.attributionYear}): {dataset.title}; accessed from AURIN Portal on {dateOfAccess}.","clickthrough":false,"licenceType":"Creative Commons Attribution 4.0 International (CC BY 4.0)","copyrightNotice":"&copy; {datasource.organisationTitle} {dataset.copyrightYear}"},"referenceSystemIdentifier":"urn:x-ogc:def:crs:EPSG:4283","geoLevel":"NA","key":"gid","keyRegex":null,"availability":"true","geomField":"the_geom","keyword":"liquor,licence,license,gaming,2016","theme":null,"temporalExtent":{"beginDate":"2014-07-01T00:00:00","endDate":"2017-02-01T00:00:00","selectTime":false},"type":"dataset","_id":"dataset-VIC_Govt_VCGLR-vcglr_liquor_licence_2016-NA","bbox":null,"abstract":"Liquor license venue information from August 2016 (first release with geocoded location information). Note, this dataset describes active liquor licence data up to and including the last day of each month. Licences are in both metropolitan and regional Victoria, arranged by local government area, suburb and postcode. For more information visit <a href=https://www.vcglr.vic.gov.au/>https://www.vcglr.vic.gov.au/</a>","selectedAttributes":[{"name":"gid","type":"java.lang.Integer","title":"Unique Identifier","description":"Unique identifier.","isDimension":false},{"name":"address_1","type":"java.lang.String","title":"Address Line 1","description":"Address line 1.","isDimension":false},{"name":"address_2","type":"java.lang.String","title":"Address Line 2","description":"Address line 2.","isDimension":false},{"name":"after_11_p","type":"java.lang.String","title":"Extended Hours Categorisation","description":"Extended hours categorisation.","isDimension":false},{"name":"category","type":"java.lang.String","title":"Category","description":"Category","isDimension":false},{"name":"gaming","type":"java.lang.String","title":"Gaming Machine Venue","description":"Gaming machine venue (yes, no).","isDimension":false},{"name":"lat","type":"java.lang.Double","title":"Latitude","description":"Latitude in decimal degrees (GDA94).","isDimension":false},{"name":"lga","type":"java.lang.String","title":"LGA Name","description":"Local Government Area (LGA) name.","isDimension":false},{"name":"licensee","type":"java.lang.String","title":"Licensee Name","description":"Licensee name.","isDimension":false},{"name":"license_nu","type":"java.lang.Integer","title":"Liquor License Number","description":"Liquor license number.","isDimension":false},{"name":"long","type":"java.lang.Double","title":"Longitude","description":"Longitude in decimal degrees (GDA94).","isDimension":false},{"name":"maximum_ca","type":"java.lang.Integer","title":"Maximum Patron Capacity","description":"Maximum patron capacity.","isDimension":false},{"name":"metro_regi","type":"java.lang.String","title":"Metro Region","description":"Metropolitan region name.","isDimension":false},{"name":"post_add_1","type":"java.lang.String","title":"Postal Address 2","description":"Postal address 2.","isDimension":false},{"name":"post_addre","type":"java.lang.String","title":"Postal Address 1","description":"Postal address 1.","isDimension":false},{"name":"postcode","type":"java.lang.Integer","title":"Postcode","description":"Postcode.","isDimension":false},{"name":"post_postc","type":"java.lang.Integer","title":"Postal Postcode","description":"Postal postcode.","isDimension":false},{"name":"post_subur","type":"java.lang.String","title":"Postal Suburb","description":"Postal suburb.","isDimension":false},{"name":"region","type":"java.lang.String","title":"Region","description":"Region.","isDimension":false},{"name":"suburb","type":"java.lang.String","title":"Suburb","description":"Suburb.","isDimension":false},{"name":"the_geom","type":"com.vividsolutions.jts.geom.Geometry","title":"Geoemtry Field.","description":"Geometry field.","isDimension":false},{"name":"trade_hour","type":"java.lang.String","title":"Liquor License Trading Hours","description":"Liquor trading hours.","isDimension":false},{"name":"trade_name","type":"java.lang.String","title":"Trading Name","description":"Trading name.","isDimension":false}],"filter":{"filterType":"tabular","spatial":{"bbox":[144.95143536,-37.8555269395,144.990094688,-37.799716676]},"states":["2"]}}