{"organisation":"AU_Govt_ABS","name":"b28_aust_sa4","title":"SA4-based B28 Total Household Income (Weekly) by Household Composition as at 2011-08-11","legal":{"copyrightYear":"2011","attributionYear":"2011","attribution":"{datasource.organisationTitle}, ({dataset.attributionYear}): {dataset.title}; accessed from AURIN Portal on {dateOfAccess}.","clickthrough":false,"licenceType":"Creative Commons Attribution 2.5 Australia (CC BY 2.5 AU)","copyrightNotice":"&copy; Commonwealth of Australia (Australian Bureau of Statistics) {dataset.copyrightYear}"},"referenceSystemIdentifier":"urn:x-ogc:def:crs:EPSG:4283","geoLevel":"sa4","key":"SA4_MAIN11","keyRegex":null,"availability":"true","geomField":"wkb_geometry","keyword":"census","theme":null,"temporalExtent":{"beginDate":"2011-01-01T00:00:00","endDate":"2011-12-31T00:00:00","selectTime":false},"type":"dataset","_id":"dataset-AU_Govt_ABS-b28_aust_sa4-sa4","bbox":null,"abstract":"SA4 based data for Total Household Income (Weekly) by Household Composition, for 2011 Census. Count of occupied private dwellings(a) on Census night based on place of usual residence. Excludes 'Visitors only' and 'Other non-classifiable' households. Data sourced from: <a href='http://www.abs.gov.au/census' target=\"_blank\">http://www.abs.gov.au/census</a>. For further information about these and related statistics, contact the National Information and Referral Services on 1300 135 070. Periodicity: 5-Yearly.","selectedAttributes":[{"name":"SA4_MAIN11","type":"java.lang.String","title":"SA4 Code","description":"Statistical Area Level 4 (SA4) Code.","stype":"nominal","isDimension":false},{"name":"Negative_Nil_income_Tot","type":"java.lang.Integer","title":"Negative Nil income Total","description":"Negative Nil income Total.","stype":"ratio","isDimension":false},{"name":"HI_1_199_Tot","type":"java.lang.Integer","title":"$1 - 199 Total","description":"$1 - 199 Total.","stype":"ratio","isDimension":false},{"name":"HI_200_299_Tot","type":"java.lang.Integer","title":"$200 - 299 Total","description":"$200 - 299 Total.","stype":"ratio","isDimension":false},{"name":"HI_300_399_Tot","type":"java.lang.Integer","title":"$300 - 399 Total","description":"$300 - 399 Total.","stype":"ratio","isDimension":false},{"name":"HI_400_599_Tot","type":"java.lang.Integer","title":"$400 - 599 Total","description":"$400 - 599 Total.","stype":"ratio","isDimension":false},{"name":"HI_600_799_Tot","type":"java.lang.Integer","title":"$600 - 799 Total","description":"$600 - 799 Total.","stype":"ratio","isDimension":false},{"name":"HI_800_999_Tot","type":"java.lang.Integer","title":"$800 - 999 Total","description":"$800 - 999 Total.","stype":"ratio","isDimension":false},{"name":"HI_1000_1249_Tot","type":"java.lang.Integer","title":"$1000 - 1249 Total","description":"$1000 - 1249 Total.","stype":"ratio","isDimension":false},{"name":"HI_1250_1499_Tot","type":"java.lang.Integer","title":"$1250 - 1499 Total","description":"$1250 - 1499 Total.","stype":"ratio","isDimension":false},{"name":"HI_1500_1999_Tot","type":"java.lang.Integer","title":"$1500 - 1999 Total","description":"$1500 - 1999 Total.","stype":"ratio","isDimension":false},{"name":"HI_2000_2499_Tot","type":"java.lang.Integer","title":"$2000 - 2499 Total","description":"$2000 - 2499 Total.","stype":"ratio","isDimension":false},{"name":"HI_2500_2999_Tot","type":"java.lang.Integer","title":"$2500 - 2999 Total","description":"$2500 - 2999 Total.","stype":"ratio","isDimension":false},{"name":"HI_3000_3499_Tot","type":"java.lang.Integer","title":"$3000 - 3499 Total","description":"$3000 - 3499 Total.","stype":"ratio","isDimension":false},{"name":"HI_3500_3999_Tot","type":"java.lang.Integer","title":"$3500 - 3999 Total","description":"$3500 - 3999 Total.","stype":"ratio","isDimension":false},{"name":"HI_4000_more_Tot","type":"java.lang.Integer","title":"$4000 or more Total","description":"$4000 or more Total.","stype":"ratio","isDimension":false},{"name":"Tot_Tot","type":"java.lang.Integer","title":"Total Total","description":"Total Total.","stype":"ratio","isDimension":false}],"filter":{"filterType":"tabular","feature":{"key":"SA4_MAIN11","geoLevel":"sa4","geoField":"ignored","year":"2006","featureBbox":[148.762674816,-35.920762215,149.39928432,-35.124517275500004],"featureType":"ste","featureInstance":"8","featureName":"Australian Capital Territory","referenceSystemIdentifier":"urn:x-ogc:def:crs:EPSG:4283","prefix":"","keyTransform":null},"states":["8"]}}