{"organisation":"TUA_PHIDU","name":"sa2_chronicdisease_modelledestimate","title":"SA2 Chronic Disease - Modelled Estimate","legal":{"copyrightYear":"2014","attributionYear":"2014","attribution":"{datasource.organisationTitle}, ({dataset.attributionYear}): {dataset.title}; accessed from AURIN Portal on {dateOfAccess}.","clickthrough":false,"licenceType":"Creative Commons Attribution-NonCommercial-ShareAlike 3.0 Australia (CC BY-NC-SA 3.0 AU)","copyrightNotice":"&copy; {datasource.organisationTitle} {dataset.copyrightYear}"},"referenceSystemIdentifier":"EPSG:4283","geoLevel":"sa2","key":"area_code","keyRegex":null,"availability":"true","geomField":"wkb_geometry","keyword":"chronic disease, modelled estimate, estimate, arthritis, asthma, circulatory system disease, copd, diabetes, high cholesterol, respiratory system disease, hypertension, mental, behavioural, musculoskeletal system diseases, health, population","theme":null,"temporalExtent":{"beginDate":"2011-03-06T00:00:00","endDate":"2013-07-31T00:00:00","selectTime":false},"type":"dataset","_id":"dataset-TUA_PHIDU-sa2_chronicdisease_modelledestimate-sa2","bbox":null,"abstract":"Modelled estimates of chronic diseases including: arthritis, asthma, circulatory system diseases, chronic obstructive pulmonary disease, type 2 diabetes, high cholesterol, hypertension disease, mental and behavioural problems for males and females, musculoskeletal system diseases, respiratory system diseases, and arthritis for 2011-13 by by SA2. SA2 data for this indicator are derived from Population Health Area (PHA) data. PHAs are comprised of one or more whole SA2s. A full listing of SA2s and what percentage of their corresponding PHA has been allocated to them can be found at the following link: http://publichealth.gov.au/AURIN/phidu_PHA_to_SA2_concordance.xls","selectedAttributes":[{"name":"area_code","type":"java.lang.Integer","title":"Statistical Area Level 2 Code","description":"Statistical Area Level 2 code (2011)","stype":"nominal","isDimension":false},{"name":"diabetes_me_1_no_3_11_7_13","type":"java.lang.Double","title":"Diabetes - Count","description":"Estimated number of people with diabetes (modelled estimate). Source: Compiled by PHIDU using predictions from the 2011-13 Australian Health Survey, ABS (unpublished), and ABS Estimated Resident Population, average of 30 June 2011 and 2012. SA2 data for this indicator are derived from Population Health Area (PHA) data. PHAs are comprised of one or more whole SA2s. A full listing of SA2s and what percentage of their corresponding PHA has been allocated to them can be found at the following link: http://publichealth.gov.au/AURIN/phidu_PHA_to_SA2_concordance.xls","stype":"ratio","isDimension":false},{"name":"circ_me_1_no_3_11_7_13","type":"java.lang.Double","title":"Circulatory System Diseases - Count","description":"Estimated number of people with circulatory system diseases (modelled estimate). Source: Compiled by PHIDU using predictions from the 2011-13 Australian Health Survey, ABS (unpublished), and ABS Estimated Resident Population, average of 30 June 2011 and 2012. SA2 data for this indicator are derived from Population Health Area (PHA) data. PHAs are comprised of one or more whole SA2s. A full listing of SA2s and what percentage of their corresponding PHA has been allocated to them can be found at the following link: http://publichealth.gov.au/AURIN/phidu_PHA_to_SA2_concordance.xls","stype":"ratio","isDimension":false},{"name":"hypertens_me_1_no_3_11_7_13","type":"java.lang.Double","title":"Hypertension - Count","description":"Estimated number of people with hypertension (modelled estimate). Source: Compiled by PHIDU using predictions from the 2011-13 Australian Health Survey, ABS (unpublished), and ABS Estimated Resident Population, average of 30 June 2011 and 2012. SA2 data for this indicator are derived from Population Health Area (PHA) data. PHAs are comprised of one or more whole SA2s. A full listing of SA2s and what percentage of their corresponding PHA has been allocated to them can be found at the following link: http://publichealth.gov.au/AURIN/phidu_PHA_to_SA2_concordance.xls","stype":"ratio","isDimension":false},{"name":"arthritis_me_1_no_3_11_7_13","type":"java.lang.Double","title":"Arthritis - Count","description":"Estimated number of people with arthritis (modelled estimate). Source: Compiled by PHIDU using predictions from the 2011-13 Australian Health Survey, ABS (unpublished), and ABS Estimated Resident Population, average of 30 June 2011 and 2012. SA2 data for this indicator are derived from Population Health Area (PHA) data. PHAs are comprised of one or more whole SA2s. A full listing of SA2s and what percentage of their corresponding PHA has been allocated to them can be found at the following link: http://publichealth.gov.au/AURIN/phidu_PHA_to_SA2_concordance.xls","stype":"ratio","isDimension":false},{"name":"hg_choles_me_1_no_3_11_7_13","type":"java.lang.Double","title":"High Cholesterol - Count","description":"Estimated number of people with high cholesterol (modelled estimate). Source: Compiled by PHIDU using predictions from the 2011-13 Australian Health Survey, ABS (unpublished), and ABS Estimated Resident Population, average of 30 June 2011 and 2012. SA2 data for this indicator are derived from Population Health Area (PHA) data. PHAs are comprised of one or more whole SA2s. A full listing of SA2s and what percentage of their corresponding PHA has been allocated to them can be found at the following link: http://publichealth.gov.au/AURIN/phidu_PHA_to_SA2_concordance.xls","stype":"ratio","isDimension":false},{"name":"musculo_me_1_no_3_11_7_13","type":"java.lang.Double","title":"Musculoskeletal System Diseases - Count","description":"Estimated number of people with musculoskeletal diseases (modelled estimate). Source: Compiled by PHIDU using predictions from the 2011-13 Australian Health Survey, ABS (unpublished), and ABS Estimated Resident Population, average of 30 June 2011 and 2012. SA2 data for this indicator are derived from Population Health Area (PHA) data. PHAs are comprised of one or more whole SA2s. A full listing of SA2s and what percentage of their corresponding PHA has been allocated to them can be found at the following link: http://publichealth.gov.au/AURIN/phidu_PHA_to_SA2_concordance.xls","stype":"ratio","isDimension":false},{"name":"respirtry_me_1_no_3_11_7_13","type":"java.lang.Double","title":"Respiratory System Diseases - Count","description":"Estimated number of people with respiratory system diseases (modelled estimate). Source: Compiled by PHIDU using predictions from the 2011-13 Australian Health Survey, ABS (unpublished), and ABS Estimated Resident Population, average of 30 June 2011 and 2012. SA2 data for this indicator are derived from Population Health Area (PHA) data. PHAs are comprised of one or more whole SA2s. A full listing of SA2s and what percentage of their corresponding PHA has been allocated to them can be found at the following link: http://publichealth.gov.au/AURIN/phidu_PHA_to_SA2_concordance.xls","stype":"ratio","isDimension":false},{"name":"asthma_me_1_no_3_11_7_13","type":"java.lang.Double","title":"Asthma - Count","description":"Estimated number of people with asthma (modelled estimate). Source: Compiled by PHIDU using predictions from the 2011-13 Australian Health Survey, ABS (unpublished), and ABS Estimated Resident Population, average of 30 June 2011 and 2012. SA2 data for this indicator are derived from Population Health Area (PHA) data. PHAs are comprised of one or more whole SA2s. A full listing of SA2s and what percentage of their corresponding PHA has been allocated to them can be found at the following link: http://publichealth.gov.au/AURIN/phidu_PHA_to_SA2_concordance.xls","stype":"ratio","isDimension":false}],"filter":{"filterType":"tabular","feature":{"key":"area_code","geoLevel":"sa2","geoField":"ignored","year":"2006","featureBbox":[153.00790246400004,-28.357864405500003,153.552171232,-27.691833824999982],"featureType":"sa4","featureInstance":"309","featureName":"Gold Coast","referenceSystemIdentifier":"EPSG:4283","prefix":"","keyTransform":null},"states":["3"]}}