{"organisation":"TUA_PHIDU","name":"lga11_chronicdisease_modelledestimate","title":"LGA11 Chronic Disease - Modelled Estimate","legal":{"copyrightYear":"2014","attributionYear":"2014","attribution":"{datasource.organisationTitle}, ({dataset.attributionYear}): {dataset.title}; accessed from AURIN Portal on {dateOfAccess}.","clickthrough":false,"licenceType":"Creative Commons Attribution-NonCommercial-ShareAlike 3.0 Australia (CC BY-NC-SA 3.0 AU)","copyrightNotice":"&copy; {datasource.organisationTitle} {dataset.copyrightYear}"},"referenceSystemIdentifier":"EPSG:4283","geoLevel":"lga2011","key":"area_code","keyRegex":null,"availability":"true","geomField":"wkb_geometry","keyword":"chronic disease, modelled estimate, estimate, arthritis, asthma, circulatory system disease, copd, diabetes, high cholesterol, respiratory system disease, hypertension, mental, behavioural, musculoskeletal system diseases, health, population","theme":null,"temporalExtent":{"beginDate":"2011-03-06T00:00:00","endDate":"2013-07-31T00:00:00","selectTime":false},"type":"dataset","_id":"dataset-TUA_PHIDU-lga11_chronicdisease_modelledestimate-lga2011","bbox":null,"abstract":"Modelled estimates of chronic diseases including: arthritis, asthma, circulatory system diseases, chronic obstructive pulmonary disease, type 2 diabetes, high cholesterol, hypertension disease, mental and behavioural problems for males and females, musculoskeletal system diseases, respiratory system diseases, and arthritis for 2011-13 by LGA 2011.","selectedAttributes":[{"name":"area_code","type":"java.lang.Integer","title":"Local Government Area Code","description":"Local Government Area code (2011)","stype":"nominal","isDimension":false},{"name":"circ_me_1_no_3_11_7_13","type":"java.lang.Double","title":"Circulatory System Diseases - Count","description":"Estimated number of people with circulatory system diseases (modelled estimate). Source: Compiled by PHIDU using predictions from the 2011-13 Australian Health Survey, ABS (unpublished), and ABS Estimated Resident Population, average of 30 June 2011 and 2012.","stype":"ratio","isDimension":false},{"name":"copd_me_1_no_3_11_7_13","type":"java.lang.Double","title":"Chronic Obstructive Pulmonary Disease - Count","description":"Estimated number of people with chronic obstructive pulmonary disease (modelled estimate). Source: Compiled by PHIDU using predictions from the 2011-13 Australian Health Survey, ABS (unpublished), and ABS Estimated Resident Population, average of 30 June 2011 and 2012.","stype":"ratio","isDimension":false},{"name":"diabetes_me_1_no_3_11_7_13","type":"java.lang.Double","title":"Diabetes - Count","description":"Estimated number of people with diabetes (modelled estimate). Source: Compiled by PHIDU using predictions from the 2011-13 Australian Health Survey, ABS (unpublished), and ABS Estimated Resident Population, average of 30 June 2011 and 2012.","stype":"ratio","isDimension":false},{"name":"hypertens_me_1_no_3_11_7_13","type":"java.lang.Double","title":"Hypertension - Count","description":"Estimated number of people with hypertension (modelled estimate). Source: Compiled by PHIDU using predictions from the 2011-13 Australian Health Survey, ABS (unpublished), and ABS Estimated Resident Population, average of 30 June 2011 and 2012.","stype":"ratio","isDimension":false},{"name":"arthritis_me_1_no_3_11_7_13","type":"java.lang.Double","title":"Arthritis - Count","description":"Estimated number of people with arthritis (modelled estimate). Source: Compiled by PHIDU using predictions from the 2011-13 Australian Health Survey, ABS (unpublished), and ABS Estimated Resident Population, average of 30 June 2011 and 2012.","stype":"ratio","isDimension":false},{"name":"hg_choles_me_1_no_3_11_7_13","type":"java.lang.Double","title":"High Cholesterol - Count","description":"Estimated number of people with high cholesterol (modelled estimate). Source: Compiled by PHIDU using predictions from the 2011-13 Australian Health Survey, ABS (unpublished), and ABS Estimated Resident Population, average of 30 June 2011 and 2012.","stype":"ratio","isDimension":false},{"name":"musculo_me_1_no_3_11_7_13","type":"java.lang.Double","title":"Musculoskeletal System Diseases - Count","description":"Estimated number of people with musculoskeletal diseases (modelled estimate). Source: Compiled by PHIDU using predictions from the 2011-13 Australian Health Survey, ABS (unpublished), and ABS Estimated Resident Population, average of 30 June 2011 and 2012.","stype":"ratio","isDimension":false},{"name":"respirtry_me_1_no_3_11_7_13","type":"java.lang.Double","title":"Respiratory System Diseases - Count","description":"Estimated number of people with respiratory system diseases (modelled estimate). Source: Compiled by PHIDU using predictions from the 2011-13 Australian Health Survey, ABS (unpublished), and ABS Estimated Resident Population, average of 30 June 2011 and 2012.","stype":"ratio","isDimension":false},{"name":"asthma_me_1_no_3_11_7_13","type":"java.lang.Double","title":"Asthma - Count","description":"Estimated number of people with asthma (modelled estimate). Source: Compiled by PHIDU using predictions from the 2011-13 Australian Health Survey, ABS (unpublished), and ABS Estimated Resident Population, average of 30 June 2011 and 2012.","stype":"ratio","isDimension":false}],"filter":{"filterType":"tabular","feature":{"key":"area_code","geoLevel":"lga2011","geoField":"ignored","year":"2006","featureBbox":[151.17481584,-33.924332162,151.233715456,-33.8509199995],"featureType":"lga2011","featureInstance":"17200","featureName":"Sydney (C)","referenceSystemIdentifier":"EPSG:4283","prefix":"","keyTransform":null},"states":["1"]}}