{"type":"FeatureCollection","bbox":[0.0,0.0,-1.0,-1.0],"features":[{"type":"Feature","properties":{"p_30_34_yrs":142,"p_tot":1480,"p_50_54_yrs":137,"p_35_39_yrs":95,"p_20_24_yrs":108,"pop_density":6.7,"sa3_code_2011":"80103","p_70_74_yrs":75,"p_15_19_yrs":87,"p_25_29_yrs":109,"p_45_49_yrs":108,"p_60_64_yrs":108,"sa3_name_2011":"Fyshwick - Pialligo - Hume","year":"2014","p_75_79_yrs":37,"p_40_44_yrs":102,"p_55_59_yrs":91,"p_65_69_yrs":80},"id":"sa3_nrp_people_2010_2014.fid--2ea3ac96_16319d179fb_6e5"},{"type":"Feature","properties":{"p_30_34_yrs":8275,"p_tot":96961,"p_50_54_yrs":5329,"p_35_39_yrs":7248,"p_20_24_yrs":8790,"pop_density":1259.4,"sa3_code_2011":"80101","p_70_74_yrs":2918,"p_15_19_yrs":5384,"p_25_29_yrs":8594,"p_45_49_yrs":5675,"p_60_64_yrs":5172,"sa3_name_2011":"Belconnen","year":"2014","p_75_79_yrs":2060,"p_40_44_yrs":6640,"p_55_59_yrs":5317,"p_65_69_yrs":4757},"id":"sa3_nrp_people_2010_2014.fid--2ea3ac96_16319d179fb_6e6"},{"type":"Feature","properties":{"p_30_34_yrs":1940,"p_tot":26015,"p_50_54_yrs":1998,"p_35_39_yrs":1551,"p_20_24_yrs":1579,"pop_density":750.9,"sa3_code_2011":"80106","p_70_74_yrs":766,"p_15_19_yrs":1402,"p_25_29_yrs":2509,"p_45_49_yrs":1756,"p_60_64_yrs":1521,"sa3_name_2011":"South Canberra","year":"2014","p_75_79_yrs":632,"p_40_44_yrs":1998,"p_55_59_yrs":1816,"p_65_69_yrs":1295},"id":"sa3_nrp_people_2010_2014.fid--2ea3ac96_16319d179fb_6e7"},{"type":"Feature","properties":{"p_30_34_yrs":225,"p_tot":1667,"p_50_54_yrs":82,"p_35_39_yrs":108,"p_20_24_yrs":221,"pop_density":1.0,"sa3_code_2011":"80102","p_70_74_yrs":14,"p_15_19_yrs":46,"p_25_29_yrs":310,"p_45_49_yrs":91,"p_60_64_yrs":21,"sa3_name_2011":"Cotter - Namadgi","year":"2014","p_75_79_yrs":19,"p_40_44_yrs":119,"p_55_59_yrs":44,"p_65_69_yrs":25},"id":"sa3_nrp_people_2010_2014.fid--2ea3ac96_16319d179fb_6e8"},{"type":"Feature","properties":{"p_30_34_yrs":7066,"p_tot":61822,"p_50_54_yrs":3150,"p_35_39_yrs":5917,"p_20_24_yrs":4160,"pop_density":682.5,"sa3_code_2011":"80104","p_70_74_yrs":911,"p_15_19_yrs":3469,"p_25_29_yrs":5938,"p_45_49_yrs":4158,"p_60_64_yrs":1869,"sa3_name_2011":"Gungahlin","year":"2014","p_75_79_yrs":476,"p_40_44_yrs":5376,"p_55_59_yrs":2435,"p_65_69_yrs":1319},"id":"sa3_nrp_people_2010_2014.fid--2ea3ac96_16319d179fb_6e9"},{"type":"Feature","properties":{"p_30_34_yrs":6089,"p_tot":86841,"p_50_54_yrs":6939,"p_35_39_yrs":5583,"p_20_24_yrs":6174,"pop_density":577.2,"sa3_code_2011":"80107","p_70_74_yrs":2151,"p_15_19_yrs":6186,"p_25_29_yrs":5908,"p_45_49_yrs":6283,"p_60_64_yrs":5069,"sa3_name_2011":"Tuggeranong","year":"2014","p_75_79_yrs":1388,"p_40_44_yrs":6330,"p_55_59_yrs":6141,"p_65_69_yrs":3621},"id":"sa3_nrp_people_2010_2014.fid--2ea3ac96_16319d179fb_6ea"},{"type":"Feature","properties":{"p_30_34_yrs":5187,"p_tot":53168,"p_50_54_yrs":3035,"p_35_39_yrs":3723,"p_20_24_yrs":7848,"pop_density":1410.9,"sa3_code_2011":"80105","p_70_74_yrs":1133,"p_15_19_yrs":3120,"p_25_29_yrs":6939,"p_45_49_yrs":3018,"p_60_64_yrs":2083,"sa3_name_2011":"North Canberra","year":"2014","p_75_79_yrs":1079,"p_40_44_yrs":3340,"p_55_59_yrs":2596,"p_65_69_yrs":1693},"id":"sa3_nrp_people_2010_2014.fid--2ea3ac96_16319d179fb_6eb"},{"type":"Feature","properties":{"p_30_34_yrs":1424,"p_tot":23271,"p_50_54_yrs":1443,"p_35_39_yrs":1650,"p_20_24_yrs":1114,"pop_density":1471.0,"sa3_code_2011":"80108","p_70_74_yrs":1169,"p_15_19_yrs":1231,"p_25_29_yrs":1297,"p_45_49_yrs":1490,"p_60_64_yrs":1331,"sa3_name_2011":"Weston Creek","year":"2014","p_75_79_yrs":803,"p_40_44_yrs":1848,"p_55_59_yrs":1270,"p_65_69_yrs":1570},"id":"sa3_nrp_people_2010_2014.fid--2ea3ac96_16319d179fb_6ec"},{"type":"Feature","properties":{"p_30_34_yrs":2214,"p_tot":34771,"p_50_54_yrs":2493,"p_35_39_yrs":2316,"p_20_24_yrs":2231,"pop_density":1215.8,"sa3_code_2011":"80109","p_70_74_yrs":1531,"p_15_19_yrs":2038,"p_25_29_yrs":2394,"p_45_49_yrs":2519,"p_60_64_yrs":1669,"sa3_name_2011":"Woden","year":"2014","p_75_79_yrs":1252,"p_40_44_yrs":2534,"p_55_59_yrs":2028,"p_65_69_yrs":1624},"id":"sa3_nrp_people_2010_2014.fid--2ea3ac96_16319d179fb_6ed"}]}