{"type":"FeatureCollection","bbox":[0.0,0.0,-1.0,-1.0],"features":[{"type":"Feature","properties":{"HI_2500_2999_Tot":6,"HI_600_799_Tot":0,"HI_4000_more_Tot":3,"HI_3500_3999_Tot":0,"Negative_Nil_income_Tot":0,"HI_1500_1999_Tot":3,"Tot_Tot":12,"HI_1_199_Tot":0,"HI_400_599_Tot":0,"HI_800_999_Tot":0,"HI_300_399_Tot":0,"HI_2000_2499_Tot":0,"HI_3000_3499_Tot":0,"HI_200_299_Tot":0,"HI_1000_1249_Tot":0,"HI_1250_1499_Tot":0,"SA1_MAIN11":"50302103701"},"id":"b28_aust_sa1.50302103701"},{"type":"Feature","properties":{"HI_2500_2999_Tot":54,"HI_600_799_Tot":7,"HI_4000_more_Tot":15,"HI_3500_3999_Tot":10,"Negative_Nil_income_Tot":6,"HI_1500_1999_Tot":22,"Tot_Tot":204,"HI_1_199_Tot":6,"HI_400_599_Tot":9,"HI_800_999_Tot":13,"HI_300_399_Tot":3,"HI_2000_2499_Tot":12,"HI_3000_3499_Tot":14,"HI_200_299_Tot":3,"HI_1000_1249_Tot":6,"HI_1250_1499_Tot":11,"SA1_MAIN11":"50302104103"},"id":"b28_aust_sa1.50302104103"},{"type":"Feature","properties":{"HI_2500_2999_Tot":68,"HI_600_799_Tot":13,"HI_4000_more_Tot":9,"HI_3500_3999_Tot":4,"Negative_Nil_income_Tot":19,"HI_1500_1999_Tot":44,"Tot_Tot":295,"HI_1_199_Tot":0,"HI_400_599_Tot":4,"HI_800_999_Tot":15,"HI_300_399_Tot":0,"HI_2000_2499_Tot":22,"HI_3000_3499_Tot":17,"HI_200_299_Tot":3,"HI_1000_1249_Tot":22,"HI_1250_1499_Tot":38,"SA1_MAIN11":"50302104109"},"id":"b28_aust_sa1.50302104109"},{"type":"Feature","properties":{"HI_2500_2999_Tot":75,"HI_600_799_Tot":20,"HI_4000_more_Tot":11,"HI_3500_3999_Tot":8,"Negative_Nil_income_Tot":11,"HI_1500_1999_Tot":32,"Tot_Tot":357,"HI_1_199_Tot":5,"HI_400_599_Tot":13,"HI_800_999_Tot":31,"HI_300_399_Tot":5,"HI_2000_2499_Tot":30,"HI_3000_3499_Tot":23,"HI_200_299_Tot":6,"HI_1000_1249_Tot":26,"HI_1250_1499_Tot":30,"SA1_MAIN11":"50302104110"},"id":"b28_aust_sa1.50302104110"},{"type":"Feature","properties":{"HI_2500_2999_Tot":114,"HI_600_799_Tot":14,"HI_4000_more_Tot":28,"HI_3500_3999_Tot":16,"Negative_Nil_income_Tot":24,"HI_1500_1999_Tot":57,"Tot_Tot":421,"HI_1_199_Tot":0,"HI_400_599_Tot":6,"HI_800_999_Tot":26,"HI_300_399_Tot":0,"HI_2000_2499_Tot":20,"HI_3000_3499_Tot":20,"HI_200_299_Tot":3,"HI_1000_1249_Tot":29,"HI_1250_1499_Tot":26,"SA1_MAIN11":"50302104111"},"id":"b28_aust_sa1.50302104111"},{"type":"Feature","properties":{"HI_2500_2999_Tot":5,"HI_600_799_Tot":3,"HI_4000_more_Tot":0,"HI_3500_3999_Tot":4,"Negative_Nil_income_Tot":0,"HI_1500_1999_Tot":10,"Tot_Tot":41,"HI_1_199_Tot":0,"HI_400_599_Tot":0,"HI_800_999_Tot":3,"HI_300_399_Tot":0,"HI_2000_2499_Tot":7,"HI_3000_3499_Tot":0,"HI_200_299_Tot":0,"HI_1000_1249_Tot":0,"HI_1250_1499_Tot":6,"SA1_MAIN11":"50302104118"},"id":"b28_aust_sa1.50302104118"},{"type":"Feature","properties":{"HI_2500_2999_Tot":21,"HI_600_799_Tot":11,"HI_4000_more_Tot":13,"HI_3500_3999_Tot":6,"Negative_Nil_income_Tot":5,"HI_1500_1999_Tot":12,"Tot_Tot":235,"HI_1_199_Tot":6,"HI_400_599_Tot":28,"HI_800_999_Tot":15,"HI_300_399_Tot":26,"HI_2000_2499_Tot":13,"HI_3000_3499_Tot":16,"HI_200_299_Tot":19,"HI_1000_1249_Tot":9,"HI_1250_1499_Tot":8,"SA1_MAIN11":"50302104120"},"id":"b28_aust_sa1.50302104120"},{"type":"Feature","properties":{"HI_2500_2999_Tot":53,"HI_600_799_Tot":18,"HI_4000_more_Tot":27,"HI_3500_3999_Tot":12,"Negative_Nil_income_Tot":8,"HI_1500_1999_Tot":75,"Tot_Tot":388,"HI_1_199_Tot":6,"HI_400_599_Tot":12,"HI_800_999_Tot":14,"HI_300_399_Tot":7,"HI_2000_2499_Tot":26,"HI_3000_3499_Tot":28,"HI_200_299_Tot":10,"HI_1000_1249_Tot":21,"HI_1250_1499_Tot":30,"SA1_MAIN11":"50302104121"},"id":"b28_aust_sa1.50302104121"},{"type":"Feature","properties":{"HI_2500_2999_Tot":24,"HI_600_799_Tot":15,"HI_4000_more_Tot":11,"HI_3500_3999_Tot":6,"Negative_Nil_income_Tot":11,"HI_1500_1999_Tot":43,"Tot_Tot":252,"HI_1_199_Tot":3,"HI_400_599_Tot":13,"HI_800_999_Tot":14,"HI_300_399_Tot":16,"HI_2000_2499_Tot":12,"HI_3000_3499_Tot":9,"HI_200_299_Tot":13,"HI_1000_1249_Tot":25,"HI_1250_1499_Tot":23,"SA1_MAIN11":"50302104129"},"id":"b28_aust_sa1.50302104129"},{"type":"Feature","properties":{"HI_2500_2999_Tot":27,"HI_600_799_Tot":5,"HI_4000_more_Tot":9,"HI_3500_3999_Tot":5,"Negative_Nil_income_Tot":0,"HI_1500_1999_Tot":22,"Tot_Tot":198,"HI_1_199_Tot":4,"HI_400_599_Tot":12,"HI_800_999_Tot":11,"HI_300_399_Tot":5,"HI_2000_2499_Tot":14,"HI_3000_3499_Tot":18,"HI_200_299_Tot":8,"HI_1000_1249_Tot":10,"HI_1250_1499_Tot":19,"SA1_MAIN11":"50302104132"},"id":"b28_aust_sa1.50302104132"},{"type":"Feature","properties":{"HI_2500_2999_Tot":32,"HI_600_799_Tot":6,"HI_4000_more_Tot":21,"HI_3500_3999_Tot":9,"Negative_Nil_income_Tot":0,"HI_1500_1999_Tot":26,"Tot_Tot":175,"HI_1_199_Tot":0,"HI_400_599_Tot":9,"HI_800_999_Tot":10,"HI_300_399_Tot":0,"HI_2000_2499_Tot":16,"HI_3000_3499_Tot":11,"HI_200_299_Tot":0,"HI_1000_1249_Tot":3,"HI_1250_1499_Tot":10,"SA1_MAIN11":"50302104133"},"id":"b28_aust_sa1.50302104133"},{"type":"Feature","properties":{"HI_2500_2999_Tot":39,"HI_600_799_Tot":14,"HI_4000_more_Tot":27,"HI_3500_3999_Tot":11,"Negative_Nil_income_Tot":0,"HI_1500_1999_Tot":21,"Tot_Tot":230,"HI_1_199_Tot":0,"HI_400_599_Tot":13,"HI_800_999_Tot":10,"HI_300_399_Tot":3,"HI_2000_2499_Tot":18,"HI_3000_3499_Tot":17,"HI_200_299_Tot":4,"HI_1000_1249_Tot":15,"HI_1250_1499_Tot":16,"SA1_MAIN11":"50302104134"},"id":"b28_aust_sa1.50302104134"},{"type":"Feature","properties":{"HI_2500_2999_Tot":36,"HI_600_799_Tot":21,"HI_4000_more_Tot":21,"HI_3500_3999_Tot":13,"Negative_Nil_income_Tot":3,"HI_1500_1999_Tot":32,"Tot_Tot":281,"HI_1_199_Tot":0,"HI_400_599_Tot":17,"HI_800_999_Tot":14,"HI_300_399_Tot":6,"HI_2000_2499_Tot":17,"HI_3000_3499_Tot":20,"HI_200_299_Tot":5,"HI_1000_1249_Tot":17,"HI_1250_1499_Tot":25,"SA1_MAIN11":"50302104136"},"id":"b28_aust_sa1.50302104136"},{"type":"Feature","properties":{"HI_2500_2999_Tot":38,"HI_600_799_Tot":24,"HI_4000_more_Tot":18,"HI_3500_3999_Tot":8,"Negative_Nil_income_Tot":7,"HI_1500_1999_Tot":36,"Tot_Tot":280,"HI_1_199_Tot":8,"HI_400_599_Tot":5,"HI_800_999_Tot":16,"HI_300_399_Tot":7,"HI_2000_2499_Tot":32,"HI_3000_3499_Tot":8,"HI_200_299_Tot":5,"HI_1000_1249_Tot":22,"HI_1250_1499_Tot":22,"SA1_MAIN11":"50302104137"},"id":"b28_aust_sa1.50302104137"},{"type":"Feature","properties":{"HI_2500_2999_Tot":56,"HI_600_799_Tot":20,"HI_4000_more_Tot":21,"HI_3500_3999_Tot":10,"Negative_Nil_income_Tot":12,"HI_1500_1999_Tot":34,"Tot_Tot":314,"HI_1_199_Tot":6,"HI_400_599_Tot":23,"HI_800_999_Tot":11,"HI_300_399_Tot":18,"HI_2000_2499_Tot":17,"HI_3000_3499_Tot":14,"HI_200_299_Tot":10,"HI_1000_1249_Tot":18,"HI_1250_1499_Tot":18,"SA1_MAIN11":"50302104141"},"id":"b28_aust_sa1.50302104141"},{"type":"Feature","properties":{"HI_2500_2999_Tot":19,"HI_600_799_Tot":7,"HI_4000_more_Tot":9,"HI_3500_3999_Tot":0,"Negative_Nil_income_Tot":7,"HI_1500_1999_Tot":20,"Tot_Tot":147,"HI_1_199_Tot":3,"HI_400_599_Tot":13,"HI_800_999_Tot":10,"HI_300_399_Tot":9,"HI_2000_2499_Tot":12,"HI_3000_3499_Tot":0,"HI_200_299_Tot":4,"HI_1000_1249_Tot":9,"HI_1250_1499_Tot":15,"SA1_MAIN11":"50302104143"},"id":"b28_aust_sa1.50302104143"}]}