{"type":"FeatureCollection","bbox":[0.0,0.0,-1.0,-1.0],"features":[{"type":"Feature","properties":{"SOL_Japanese_P":0,"SOL_Hungarian_P":0,"SEO_Persons":272,"SOL_Ir_La_Pe_excl_Da_P":0,"SOL_Serbian_P":3,"SOL_Polish_P":0,"SOL_Iran_Lan_Tot_P":0,"SOL_In_Ar_Lang_Urdu_P":0,"SOL_Spanish_P":9,"SOL_Aus_Indig_Lang_P":0,"SOL_In_Ar_Lang_Sinh_P":0,"SOL_Chin_lang_Tot_P":31,"SOL_Croatian_P":0,"SOL_Se_As_A_L_Othr_P":0,"SOL_Chin_lang_Mand_P":26,"SOL_Korean_P":0,"SOL_Maltese_P":0,"SOL_In_Ar_Lang_Beng_P":3,"SOL_Se_As_A_L_Tagal_P":3,"SOL_In_Ar_Lang_Punj_P":0,"SOL_Chin_lang_Cant_P":0,"SOL_French_P":4,"SOL_Se_As_A_L_Tot_P":3,"SOL_Dutch_P":0,"SOL_Chin_lang_Other_P":5,"SA1_MAIN11":"40101100102","SOL_Irani_Lan_Othr_P":0,"SOL_Thai_P":0,"SOL_Italian_P":5,"SOL_Arabic_P":0,"SOL_Vietnamese_P":0,"SOL_Se_As_A_L_Filipino_P":0,"SOL_Ir_Lang_Dari_P":0,"SOL_Samoan_P":0,"SOL_Russian_P":0,"SOL_German_P":0,"SOL_Se_As_A_L_Indon_P":0,"SOL_In_Ar_Lang_Hind_P":3,"SOL_Macedonian_P":0,"SOL_Assyrian_P":4,"SOL_Tamil_P":3,"SOL_In_Ar_Lang_Tot_P":10,"SOL_Turkish_P":0,"SOL_Greek_P":3,"SOL_Portuguese_P":4,"SOL_Khmer_P":0,"SOL_In_Ar_Lang_Othr_P":4},"id":"b13_aust_sa1.40101100102"},{"type":"Feature","properties":{"SOL_Japanese_P":3,"SOL_Hungarian_P":0,"SEO_Persons":360,"SOL_Ir_La_Pe_excl_Da_P":0,"SOL_Serbian_P":0,"SOL_Polish_P":0,"SOL_Iran_Lan_Tot_P":0,"SOL_In_Ar_Lang_Urdu_P":0,"SOL_Spanish_P":3,"SOL_Aus_Indig_Lang_P":0,"SOL_In_Ar_Lang_Sinh_P":0,"SOL_Chin_lang_Tot_P":26,"SOL_Croatian_P":0,"SOL_Se_As_A_L_Othr_P":3,"SOL_Chin_lang_Mand_P":23,"SOL_Korean_P":0,"SOL_Maltese_P":0,"SOL_In_Ar_Lang_Beng_P":0,"SOL_Se_As_A_L_Tagal_P":0,"SOL_In_Ar_Lang_Punj_P":0,"SOL_Chin_lang_Cant_P":3,"SOL_French_P":3,"SOL_Se_As_A_L_Tot_P":7,"SOL_Dutch_P":3,"SOL_Chin_lang_Other_P":0,"SA1_MAIN11":"40101100101","SOL_Irani_Lan_Othr_P":0,"SOL_Thai_P":0,"SOL_Italian_P":11,"SOL_Arabic_P":0,"SOL_Vietnamese_P":0,"SOL_Se_As_A_L_Filipino_P":4,"SOL_Ir_Lang_Dari_P":0,"SOL_Samoan_P":0,"SOL_Russian_P":0,"SOL_German_P":3,"SOL_Se_As_A_L_Indon_P":0,"SOL_In_Ar_Lang_Hind_P":6,"SOL_Macedonian_P":0,"SOL_Assyrian_P":0,"SOL_Tamil_P":0,"SOL_In_Ar_Lang_Tot_P":6,"SOL_Turkish_P":0,"SOL_Greek_P":15,"SOL_Portuguese_P":0,"SOL_Khmer_P":0,"SOL_In_Ar_Lang_Othr_P":0},"id":"b13_aust_sa1.40101100101"},{"type":"Feature","properties":{"SOL_Japanese_P":3,"SOL_Hungarian_P":0,"SEO_Persons":152,"SOL_Ir_La_Pe_excl_Da_P":0,"SOL_Serbian_P":0,"SOL_Polish_P":0,"SOL_Iran_Lan_Tot_P":0,"SOL_In_Ar_Lang_Urdu_P":0,"SOL_Spanish_P":6,"SOL_Aus_Indig_Lang_P":0,"SOL_In_Ar_Lang_Sinh_P":0,"SOL_Chin_lang_Tot_P":14,"SOL_Croatian_P":0,"SOL_Se_As_A_L_Othr_P":0,"SOL_Chin_lang_Mand_P":3,"SOL_Korean_P":0,"SOL_Maltese_P":0,"SOL_In_Ar_Lang_Beng_P":0,"SOL_Se_As_A_L_Tagal_P":0,"SOL_In_Ar_Lang_Punj_P":0,"SOL_Chin_lang_Cant_P":11,"SOL_French_P":0,"SOL_Se_As_A_L_Tot_P":0,"SOL_Dutch_P":0,"SOL_Chin_lang_Other_P":0,"SA1_MAIN11":"40101100103","SOL_Irani_Lan_Othr_P":0,"SOL_Thai_P":0,"SOL_Italian_P":4,"SOL_Arabic_P":0,"SOL_Vietnamese_P":4,"SOL_Se_As_A_L_Filipino_P":0,"SOL_Ir_Lang_Dari_P":0,"SOL_Samoan_P":0,"SOL_Russian_P":0,"SOL_German_P":0,"SOL_Se_As_A_L_Indon_P":0,"SOL_In_Ar_Lang_Hind_P":0,"SOL_Macedonian_P":0,"SOL_Assyrian_P":0,"SOL_Tamil_P":0,"SOL_In_Ar_Lang_Tot_P":0,"SOL_Turkish_P":0,"SOL_Greek_P":0,"SOL_Portuguese_P":0,"SOL_Khmer_P":0,"SOL_In_Ar_Lang_Othr_P":0},"id":"b13_aust_sa1.40101100103"},{"type":"Feature","properties":{"SOL_Japanese_P":0,"SOL_Hungarian_P":0,"SEO_Persons":375,"SOL_Ir_La_Pe_excl_Da_P":6,"SOL_Serbian_P":0,"SOL_Polish_P":3,"SOL_Iran_Lan_Tot_P":6,"SOL_In_Ar_Lang_Urdu_P":0,"SOL_Spanish_P":8,"SOL_Aus_Indig_Lang_P":0,"SOL_In_Ar_Lang_Sinh_P":3,"SOL_Chin_lang_Tot_P":61,"SOL_Croatian_P":0,"SOL_Se_As_A_L_Othr_P":3,"SOL_Chin_lang_Mand_P":45,"SOL_Korean_P":7,"SOL_Maltese_P":0,"SOL_In_Ar_Lang_Beng_P":0,"SOL_Se_As_A_L_Tagal_P":0,"SOL_In_Ar_Lang_Punj_P":3,"SOL_Chin_lang_Cant_P":12,"SOL_French_P":6,"SOL_Se_As_A_L_Tot_P":6,"SOL_Dutch_P":0,"SOL_Chin_lang_Other_P":4,"SA1_MAIN11":"40101100104","SOL_Irani_Lan_Othr_P":0,"SOL_Thai_P":0,"SOL_Italian_P":0,"SOL_Arabic_P":6,"SOL_Vietnamese_P":0,"SOL_Se_As_A_L_Filipino_P":0,"SOL_Ir_Lang_Dari_P":0,"SOL_Samoan_P":0,"SOL_Russian_P":0,"SOL_German_P":6,"SOL_Se_As_A_L_Indon_P":3,"SOL_In_Ar_Lang_Hind_P":6,"SOL_Macedonian_P":0,"SOL_Assyrian_P":0,"SOL_Tamil_P":0,"SOL_In_Ar_Lang_Tot_P":15,"SOL_Turkish_P":0,"SOL_Greek_P":0,"SOL_Portuguese_P":0,"SOL_Khmer_P":0,"SOL_In_Ar_Lang_Othr_P":3},"id":"b13_aust_sa1.40101100104"},{"type":"Feature","properties":{"SOL_Japanese_P":0,"SOL_Hungarian_P":0,"SEO_Persons":266,"SOL_Ir_La_Pe_excl_Da_P":0,"SOL_Serbian_P":0,"SOL_Polish_P":3,"SOL_Iran_Lan_Tot_P":0,"SOL_In_Ar_Lang_Urdu_P":0,"SOL_Spanish_P":6,"SOL_Aus_Indig_Lang_P":0,"SOL_In_Ar_Lang_Sinh_P":0,"SOL_Chin_lang_Tot_P":19,"SOL_Croatian_P":0,"SOL_Se_As_A_L_Othr_P":0,"SOL_Chin_lang_Mand_P":13,"SOL_Korean_P":6,"SOL_Maltese_P":0,"SOL_In_Ar_Lang_Beng_P":0,"SOL_Se_As_A_L_Tagal_P":6,"SOL_In_Ar_Lang_Punj_P":0,"SOL_Chin_lang_Cant_P":6,"SOL_French_P":0,"SOL_Se_As_A_L_Tot_P":6,"SOL_Dutch_P":0,"SOL_Chin_lang_Other_P":0,"SA1_MAIN11":"40101100105","SOL_Irani_Lan_Othr_P":0,"SOL_Thai_P":0,"SOL_Italian_P":7,"SOL_Arabic_P":3,"SOL_Vietnamese_P":0,"SOL_Se_As_A_L_Filipino_P":0,"SOL_Ir_Lang_Dari_P":0,"SOL_Samoan_P":0,"SOL_Russian_P":0,"SOL_German_P":3,"SOL_Se_As_A_L_Indon_P":0,"SOL_In_Ar_Lang_Hind_P":0,"SOL_Macedonian_P":0,"SOL_Assyrian_P":0,"SOL_Tamil_P":0,"SOL_In_Ar_Lang_Tot_P":3,"SOL_Turkish_P":0,"SOL_Greek_P":7,"SOL_Portuguese_P":3,"SOL_Khmer_P":0,"SOL_In_Ar_Lang_Othr_P":3},"id":"b13_aust_sa1.40101100105"},{"type":"Feature","properties":{"SOL_Japanese_P":3,"SOL_Hungarian_P":0,"SEO_Persons":276,"SOL_Ir_La_Pe_excl_Da_P":0,"SOL_Serbian_P":0,"SOL_Polish_P":0,"SOL_Iran_Lan_Tot_P":0,"SOL_In_Ar_Lang_Urdu_P":0,"SOL_Spanish_P":3,"SOL_Aus_Indig_Lang_P":0,"SOL_In_Ar_Lang_Sinh_P":0,"SOL_Chin_lang_Tot_P":15,"SOL_Croatian_P":0,"SOL_Se_As_A_L_Othr_P":0,"SOL_Chin_lang_Mand_P":9,"SOL_Korean_P":3,"SOL_Maltese_P":0,"SOL_In_Ar_Lang_Beng_P":0,"SOL_Se_As_A_L_Tagal_P":0,"SOL_In_Ar_Lang_Punj_P":0,"SOL_Chin_lang_Cant_P":6,"SOL_French_P":0,"SOL_Se_As_A_L_Tot_P":0,"SOL_Dutch_P":3,"SOL_Chin_lang_Other_P":0,"SA1_MAIN11":"40101100106","SOL_Irani_Lan_Othr_P":0,"SOL_Thai_P":0,"SOL_Italian_P":6,"SOL_Arabic_P":0,"SOL_Vietnamese_P":0,"SOL_Se_As_A_L_Filipino_P":0,"SOL_Ir_Lang_Dari_P":0,"SOL_Samoan_P":0,"SOL_Russian_P":0,"SOL_German_P":0,"SOL_Se_As_A_L_Indon_P":0,"SOL_In_Ar_Lang_Hind_P":0,"SOL_Macedonian_P":0,"SOL_Assyrian_P":0,"SOL_Tamil_P":0,"SOL_In_Ar_Lang_Tot_P":0,"SOL_Turkish_P":0,"SOL_Greek_P":8,"SOL_Portuguese_P":0,"SOL_Khmer_P":0,"SOL_In_Ar_Lang_Othr_P":0},"id":"b13_aust_sa1.40101100106"},{"type":"Feature","properties":{"SOL_Japanese_P":0,"SOL_Hungarian_P":0,"SEO_Persons":261,"SOL_Ir_La_Pe_excl_Da_P":3,"SOL_Serbian_P":0,"SOL_Polish_P":6,"SOL_Iran_Lan_Tot_P":3,"SOL_In_Ar_Lang_Urdu_P":0,"SOL_Spanish_P":8,"SOL_Aus_Indig_Lang_P":0,"SOL_In_Ar_Lang_Sinh_P":0,"SOL_Chin_lang_Tot_P":99,"SOL_Croatian_P":3,"SOL_Se_As_A_L_Othr_P":4,"SOL_Chin_lang_Mand_P":67,"SOL_Korean_P":13,"SOL_Maltese_P":0,"SOL_In_Ar_Lang_Beng_P":0,"SOL_Se_As_A_L_Tagal_P":3,"SOL_In_Ar_Lang_Punj_P":0,"SOL_Chin_lang_Cant_P":25,"SOL_French_P":3,"SOL_Se_As_A_L_Tot_P":7,"SOL_Dutch_P":3,"SOL_Chin_lang_Other_P":7,"SA1_MAIN11":"40101100107","SOL_Irani_Lan_Othr_P":0,"SOL_Thai_P":0,"SOL_Italian_P":3,"SOL_Arabic_P":6,"SOL_Vietnamese_P":0,"SOL_Se_As_A_L_Filipino_P":0,"SOL_Ir_Lang_Dari_P":0,"SOL_Samoan_P":0,"SOL_Russian_P":3,"SOL_German_P":0,"SOL_Se_As_A_L_Indon_P":0,"SOL_In_Ar_Lang_Hind_P":3,"SOL_Macedonian_P":0,"SOL_Assyrian_P":0,"SOL_Tamil_P":0,"SOL_In_Ar_Lang_Tot_P":3,"SOL_Turkish_P":6,"SOL_Greek_P":6,"SOL_Portuguese_P":3,"SOL_Khmer_P":0,"SOL_In_Ar_Lang_Othr_P":0},"id":"b13_aust_sa1.40101100107"},{"type":"Feature","properties":{"SOL_Japanese_P":0,"SOL_Hungarian_P":0,"SEO_Persons":186,"SOL_Ir_La_Pe_excl_Da_P":3,"SOL_Serbian_P":3,"SOL_Polish_P":6,"SOL_Iran_Lan_Tot_P":3,"SOL_In_Ar_Lang_Urdu_P":0,"SOL_Spanish_P":0,"SOL_Aus_Indig_Lang_P":0,"SOL_In_Ar_Lang_Sinh_P":0,"SOL_Chin_lang_Tot_P":35,"SOL_Croatian_P":3,"SOL_Se_As_A_L_Othr_P":0,"SOL_Chin_lang_Mand_P":29,"SOL_Korean_P":0,"SOL_Maltese_P":0,"SOL_In_Ar_Lang_Beng_P":0,"SOL_Se_As_A_L_Tagal_P":3,"SOL_In_Ar_Lang_Punj_P":0,"SOL_Chin_lang_Cant_P":6,"SOL_French_P":0,"SOL_Se_As_A_L_Tot_P":3,"SOL_Dutch_P":0,"SOL_Chin_lang_Other_P":0,"SA1_MAIN11":"40101100108","SOL_Irani_Lan_Othr_P":0,"SOL_Thai_P":0,"SOL_Italian_P":0,"SOL_Arabic_P":3,"SOL_Vietnamese_P":0,"SOL_Se_As_A_L_Filipino_P":0,"SOL_Ir_Lang_Dari_P":0,"SOL_Samoan_P":0,"SOL_Russian_P":0,"SOL_German_P":0,"SOL_Se_As_A_L_Indon_P":0,"SOL_In_Ar_Lang_Hind_P":0,"SOL_Macedonian_P":0,"SOL_Assyrian_P":0,"SOL_Tamil_P":0,"SOL_In_Ar_Lang_Tot_P":0,"SOL_Turkish_P":0,"SOL_Greek_P":3,"SOL_Portuguese_P":0,"SOL_Khmer_P":0,"SOL_In_Ar_Lang_Othr_P":0},"id":"b13_aust_sa1.40101100108"},{"type":"Feature","properties":{"SOL_Japanese_P":4,"SOL_Hungarian_P":0,"SEO_Persons":321,"SOL_Ir_La_Pe_excl_Da_P":6,"SOL_Serbian_P":3,"SOL_Polish_P":3,"SOL_Iran_Lan_Tot_P":6,"SOL_In_Ar_Lang_Urdu_P":0,"SOL_Spanish_P":4,"SOL_Aus_Indig_Lang_P":0,"SOL_In_Ar_Lang_Sinh_P":3,"SOL_Chin_lang_Tot_P":96,"SOL_Croatian_P":0,"SOL_Se_As_A_L_Othr_P":0,"SOL_Chin_lang_Mand_P":63,"SOL_Korean_P":3,"SOL_Maltese_P":0,"SOL_In_Ar_Lang_Beng_P":0,"SOL_Se_As_A_L_Tagal_P":6,"SOL_In_Ar_Lang_Punj_P":0,"SOL_Chin_lang_Cant_P":18,"SOL_French_P":0,"SOL_Se_As_A_L_Tot_P":12,"SOL_Dutch_P":0,"SOL_Chin_lang_Other_P":15,"SA1_MAIN11":"40101100109","SOL_Irani_Lan_Othr_P":0,"SOL_Thai_P":0,"SOL_Italian_P":7,"SOL_Arabic_P":10,"SOL_Vietnamese_P":7,"SOL_Se_As_A_L_Filipino_P":3,"SOL_Ir_Lang_Dari_P":0,"SOL_Samoan_P":0,"SOL_Russian_P":3,"SOL_German_P":10,"SOL_Se_As_A_L_Indon_P":3,"SOL_In_Ar_Lang_Hind_P":0,"SOL_Macedonian_P":0,"SOL_Assyrian_P":0,"SOL_Tamil_P":3,"SOL_In_Ar_Lang_Tot_P":6,"SOL_Turkish_P":0,"SOL_Greek_P":5,"SOL_Portuguese_P":0,"SOL_Khmer_P":0,"SOL_In_Ar_Lang_Othr_P":3},"id":"b13_aust_sa1.40101100109"},{"type":"Feature","properties":{"SOL_Japanese_P":6,"SOL_Hungarian_P":0,"SEO_Persons":420,"SOL_Ir_La_Pe_excl_Da_P":13,"SOL_Serbian_P":0,"SOL_Polish_P":0,"SOL_Iran_Lan_Tot_P":13,"SOL_In_Ar_Lang_Urdu_P":0,"SOL_Spanish_P":23,"SOL_Aus_Indig_Lang_P":4,"SOL_In_Ar_Lang_Sinh_P":7,"SOL_Chin_lang_Tot_P":296,"SOL_Croatian_P":0,"SOL_Se_As_A_L_Othr_P":8,"SOL_Chin_lang_Mand_P":214,"SOL_Korean_P":36,"SOL_Maltese_P":0,"SOL_In_Ar_Lang_Beng_P":0,"SOL_Se_As_A_L_Tagal_P":3,"SOL_In_Ar_Lang_Punj_P":3,"SOL_Chin_lang_Cant_P":54,"SOL_French_P":0,"SOL_Se_As_A_L_Tot_P":26,"SOL_Dutch_P":0,"SOL_Chin_lang_Other_P":28,"SA1_MAIN11":"40101100110","SOL_Irani_Lan_Othr_P":0,"SOL_Thai_P":14,"SOL_Italian_P":17,"SOL_Arabic_P":67,"SOL_Vietnamese_P":4,"SOL_Se_As_A_L_Filipino_P":8,"SOL_Ir_Lang_Dari_P":0,"SOL_Samoan_P":0,"SOL_Russian_P":6,"SOL_German_P":6,"SOL_Se_As_A_L_Indon_P":7,"SOL_In_Ar_Lang_Hind_P":5,"SOL_Macedonian_P":0,"SOL_Assyrian_P":0,"SOL_Tamil_P":4,"SOL_In_Ar_Lang_Tot_P":18,"SOL_Turkish_P":0,"SOL_Greek_P":6,"SOL_Portuguese_P":0,"SOL_Khmer_P":0,"SOL_In_Ar_Lang_Othr_P":3},"id":"b13_aust_sa1.40101100110"},{"type":"Feature","properties":{"SOL_Japanese_P":0,"SOL_Hungarian_P":0,"SEO_Persons":74,"SOL_Ir_La_Pe_excl_Da_P":7,"SOL_Serbian_P":0,"SOL_Polish_P":3,"SOL_Iran_Lan_Tot_P":7,"SOL_In_Ar_Lang_Urdu_P":7,"SOL_Spanish_P":3,"SOL_Aus_Indig_Lang_P":0,"SOL_In_Ar_Lang_Sinh_P":3,"SOL_Chin_lang_Tot_P":65,"SOL_Croatian_P":0,"SOL_Se_As_A_L_Othr_P":0,"SOL_Chin_lang_Mand_P":54,"SOL_Korean_P":6,"SOL_Maltese_P":0,"SOL_In_Ar_Lang_Beng_P":18,"SOL_Se_As_A_L_Tagal_P":0,"SOL_In_Ar_Lang_Punj_P":0,"SOL_Chin_lang_Cant_P":7,"SOL_French_P":0,"SOL_Se_As_A_L_Tot_P":0,"SOL_Dutch_P":0,"SOL_Chin_lang_Other_P":4,"SA1_MAIN11":"40101100111","SOL_Irani_Lan_Othr_P":0,"SOL_Thai_P":5,"SOL_Italian_P":6,"SOL_Arabic_P":10,"SOL_Vietnamese_P":17,"SOL_Se_As_A_L_Filipino_P":0,"SOL_Ir_Lang_Dari_P":0,"SOL_Samoan_P":0,"SOL_Russian_P":0,"SOL_German_P":0,"SOL_Se_As_A_L_Indon_P":0,"SOL_In_Ar_Lang_Hind_P":5,"SOL_Macedonian_P":0,"SOL_Assyrian_P":0,"SOL_Tamil_P":7,"SOL_In_Ar_Lang_Tot_P":39,"SOL_Turkish_P":0,"SOL_Greek_P":9,"SOL_Portuguese_P":6,"SOL_Khmer_P":0,"SOL_In_Ar_Lang_Othr_P":6},"id":"b13_aust_sa1.40101100111"},{"type":"Feature","properties":{"SOL_Japanese_P":6,"SOL_Hungarian_P":0,"SEO_Persons":451,"SOL_Ir_La_Pe_excl_Da_P":3,"SOL_Serbian_P":0,"SOL_Polish_P":0,"SOL_Iran_Lan_Tot_P":3,"SOL_In_Ar_Lang_Urdu_P":0,"SOL_Spanish_P":11,"SOL_Aus_Indig_Lang_P":0,"SOL_In_Ar_Lang_Sinh_P":0,"SOL_Chin_lang_Tot_P":88,"SOL_Croatian_P":0,"SOL_Se_As_A_L_Othr_P":3,"SOL_Chin_lang_Mand_P":60,"SOL_Korean_P":18,"SOL_Maltese_P":0,"SOL_In_Ar_Lang_Beng_P":3,"SOL_Se_As_A_L_Tagal_P":8,"SOL_In_Ar_Lang_Punj_P":0,"SOL_Chin_lang_Cant_P":20,"SOL_French_P":3,"SOL_Se_As_A_L_Tot_P":14,"SOL_Dutch_P":0,"SOL_Chin_lang_Other_P":8,"SA1_MAIN11":"40101100112","SOL_Irani_Lan_Othr_P":0,"SOL_Thai_P":0,"SOL_Italian_P":15,"SOL_Arabic_P":6,"SOL_Vietnamese_P":8,"SOL_Se_As_A_L_Filipino_P":3,"SOL_Ir_Lang_Dari_P":0,"SOL_Samoan_P":0,"SOL_Russian_P":6,"SOL_German_P":0,"SOL_Se_As_A_L_Indon_P":0,"SOL_In_Ar_Lang_Hind_P":0,"SOL_Macedonian_P":0,"SOL_Assyrian_P":0,"SOL_Tamil_P":0,"SOL_In_Ar_Lang_Tot_P":6,"SOL_Turkish_P":0,"SOL_Greek_P":8,"SOL_Portuguese_P":3,"SOL_Khmer_P":0,"SOL_In_Ar_Lang_Othr_P":3},"id":"b13_aust_sa1.40101100112"},{"type":"Feature","properties":{"SOL_Japanese_P":0,"SOL_Hungarian_P":0,"SEO_Persons":344,"SOL_Ir_La_Pe_excl_Da_P":0,"SOL_Serbian_P":0,"SOL_Polish_P":7,"SOL_Iran_Lan_Tot_P":10,"SOL_In_Ar_Lang_Urdu_P":0,"SOL_Spanish_P":0,"SOL_Aus_Indig_Lang_P":0,"SOL_In_Ar_Lang_Sinh_P":0,"SOL_Chin_lang_Tot_P":100,"SOL_Croatian_P":0,"SOL_Se_As_A_L_Othr_P":0,"SOL_Chin_lang_Mand_P":72,"SOL_Korean_P":7,"SOL_Maltese_P":0,"SOL_In_Ar_Lang_Beng_P":4,"SOL_Se_As_A_L_Tagal_P":0,"SOL_In_Ar_Lang_Punj_P":0,"SOL_Chin_lang_Cant_P":20,"SOL_French_P":9,"SOL_Se_As_A_L_Tot_P":0,"SOL_Dutch_P":0,"SOL_Chin_lang_Other_P":8,"SA1_MAIN11":"40101100113","SOL_Irani_Lan_Othr_P":0,"SOL_Thai_P":3,"SOL_Italian_P":13,"SOL_Arabic_P":14,"SOL_Vietnamese_P":5,"SOL_Se_As_A_L_Filipino_P":0,"SOL_Ir_Lang_Dari_P":10,"SOL_Samoan_P":0,"SOL_Russian_P":0,"SOL_German_P":0,"SOL_Se_As_A_L_Indon_P":0,"SOL_In_Ar_Lang_Hind_P":7,"SOL_Macedonian_P":0,"SOL_Assyrian_P":0,"SOL_Tamil_P":4,"SOL_In_Ar_Lang_Tot_P":11,"SOL_Turkish_P":0,"SOL_Greek_P":0,"SOL_Portuguese_P":0,"SOL_Khmer_P":4,"SOL_In_Ar_Lang_Othr_P":0},"id":"b13_aust_sa1.40101100113"},{"type":"Feature","properties":{"SOL_Japanese_P":0,"SOL_Hungarian_P":0,"SEO_Persons":172,"SOL_Ir_La_Pe_excl_Da_P":6,"SOL_Serbian_P":3,"SOL_Polish_P":0,"SOL_Iran_Lan_Tot_P":6,"SOL_In_Ar_Lang_Urdu_P":0,"SOL_Spanish_P":3,"SOL_Aus_Indig_Lang_P":0,"SOL_In_Ar_Lang_Sinh_P":0,"SOL_Chin_lang_Tot_P":50,"SOL_Croatian_P":0,"SOL_Se_As_A_L_Othr_P":3,"SOL_Chin_lang_Mand_P":27,"SOL_Korean_P":6,"SOL_Maltese_P":0,"SOL_In_Ar_Lang_Beng_P":0,"SOL_Se_As_A_L_Tagal_P":0,"SOL_In_Ar_Lang_Punj_P":0,"SOL_Chin_lang_Cant_P":17,"SOL_French_P":6,"SOL_Se_As_A_L_Tot_P":3,"SOL_Dutch_P":3,"SOL_Chin_lang_Other_P":6,"SA1_MAIN11":"40101100114","SOL_Irani_Lan_Othr_P":0,"SOL_Thai_P":0,"SOL_Italian_P":9,"SOL_Arabic_P":8,"SOL_Vietnamese_P":0,"SOL_Se_As_A_L_Filipino_P":0,"SOL_Ir_Lang_Dari_P":0,"SOL_Samoan_P":0,"SOL_Russian_P":0,"SOL_German_P":0,"SOL_Se_As_A_L_Indon_P":0,"SOL_In_Ar_Lang_Hind_P":0,"SOL_Macedonian_P":0,"SOL_Assyrian_P":0,"SOL_Tamil_P":0,"SOL_In_Ar_Lang_Tot_P":0,"SOL_Turkish_P":0,"SOL_Greek_P":3,"SOL_Portuguese_P":0,"SOL_Khmer_P":0,"SOL_In_Ar_Lang_Othr_P":0},"id":"b13_aust_sa1.40101100114"},{"type":"Feature","properties":{"SOL_Japanese_P":4,"SOL_Hungarian_P":0,"SEO_Persons":259,"SOL_Ir_La_Pe_excl_Da_P":4,"SOL_Serbian_P":0,"SOL_Polish_P":0,"SOL_Iran_Lan_Tot_P":4,"SOL_In_Ar_Lang_Urdu_P":0,"SOL_Spanish_P":0,"SOL_Aus_Indig_Lang_P":0,"SOL_In_Ar_Lang_Sinh_P":0,"SOL_Chin_lang_Tot_P":35,"SOL_Croatian_P":0,"SOL_Se_As_A_L_Othr_P":0,"SOL_Chin_lang_Mand_P":28,"SOL_Korean_P":15,"SOL_Maltese_P":0,"SOL_In_Ar_Lang_Beng_P":0,"SOL_Se_As_A_L_Tagal_P":0,"SOL_In_Ar_Lang_Punj_P":0,"SOL_Chin_lang_Cant_P":7,"SOL_French_P":6,"SOL_Se_As_A_L_Tot_P":0,"SOL_Dutch_P":0,"SOL_Chin_lang_Other_P":0,"SA1_MAIN11":"40101100115","SOL_Irani_Lan_Othr_P":0,"SOL_Thai_P":0,"SOL_Italian_P":5,"SOL_Arabic_P":7,"SOL_Vietnamese_P":3,"SOL_Se_As_A_L_Filipino_P":0,"SOL_Ir_Lang_Dari_P":0,"SOL_Samoan_P":0,"SOL_Russian_P":0,"SOL_German_P":0,"SOL_Se_As_A_L_Indon_P":0,"SOL_In_Ar_Lang_Hind_P":0,"SOL_Macedonian_P":0,"SOL_Assyrian_P":0,"SOL_Tamil_P":0,"SOL_In_Ar_Lang_Tot_P":7,"SOL_Turkish_P":0,"SOL_Greek_P":10,"SOL_Portuguese_P":0,"SOL_Khmer_P":0,"SOL_In_Ar_Lang_Othr_P":7},"id":"b13_aust_sa1.40101100115"},{"type":"Feature","properties":{"SOL_Japanese_P":11,"SOL_Hungarian_P":0,"SEO_Persons":175,"SOL_Ir_La_Pe_excl_Da_P":0,"SOL_Serbian_P":0,"SOL_Polish_P":0,"SOL_Iran_Lan_Tot_P":0,"SOL_In_Ar_Lang_Urdu_P":0,"SOL_Spanish_P":0,"SOL_Aus_Indig_Lang_P":0,"SOL_In_Ar_Lang_Sinh_P":0,"SOL_Chin_lang_Tot_P":94,"SOL_Croatian_P":0,"SOL_Se_As_A_L_Othr_P":0,"SOL_Chin_lang_Mand_P":66,"SOL_Korean_P":6,"SOL_Maltese_P":0,"SOL_In_Ar_Lang_Beng_P":0,"SOL_Se_As_A_L_Tagal_P":0,"SOL_In_Ar_Lang_Punj_P":0,"SOL_Chin_lang_Cant_P":15,"SOL_French_P":0,"SOL_Se_As_A_L_Tot_P":5,"SOL_Dutch_P":4,"SOL_Chin_lang_Other_P":13,"SA1_MAIN11":"40101100116","SOL_Irani_Lan_Othr_P":0,"SOL_Thai_P":0,"SOL_Italian_P":5,"SOL_Arabic_P":4,"SOL_Vietnamese_P":4,"SOL_Se_As_A_L_Filipino_P":5,"SOL_Ir_Lang_Dari_P":0,"SOL_Samoan_P":0,"SOL_Russian_P":4,"SOL_German_P":0,"SOL_Se_As_A_L_Indon_P":0,"SOL_In_Ar_Lang_Hind_P":0,"SOL_Macedonian_P":0,"SOL_Assyrian_P":0,"SOL_Tamil_P":0,"SOL_In_Ar_Lang_Tot_P":0,"SOL_Turkish_P":0,"SOL_Greek_P":0,"SOL_Portuguese_P":0,"SOL_Khmer_P":0,"SOL_In_Ar_Lang_Othr_P":0},"id":"b13_aust_sa1.40101100116"},{"type":"Feature","properties":{"SOL_Japanese_P":0,"SOL_Hungarian_P":0,"SEO_Persons":239,"SOL_Ir_La_Pe_excl_Da_P":4,"SOL_Serbian_P":0,"SOL_Polish_P":6,"SOL_Iran_Lan_Tot_P":4,"SOL_In_Ar_Lang_Urdu_P":0,"SOL_Spanish_P":6,"SOL_Aus_Indig_Lang_P":0,"SOL_In_Ar_Lang_Sinh_P":3,"SOL_Chin_lang_Tot_P":74,"SOL_Croatian_P":3,"SOL_Se_As_A_L_Othr_P":6,"SOL_Chin_lang_Mand_P":57,"SOL_Korean_P":12,"SOL_Maltese_P":0,"SOL_In_Ar_Lang_Beng_P":0,"SOL_Se_As_A_L_Tagal_P":0,"SOL_In_Ar_Lang_Punj_P":0,"SOL_Chin_lang_Cant_P":8,"SOL_French_P":0,"SOL_Se_As_A_L_Tot_P":11,"SOL_Dutch_P":0,"SOL_Chin_lang_Other_P":9,"SA1_MAIN11":"40101100117","SOL_Irani_Lan_Othr_P":0,"SOL_Thai_P":3,"SOL_Italian_P":3,"SOL_Arabic_P":7,"SOL_Vietnamese_P":3,"SOL_Se_As_A_L_Filipino_P":5,"SOL_Ir_Lang_Dari_P":0,"SOL_Samoan_P":0,"SOL_Russian_P":0,"SOL_German_P":0,"SOL_Se_As_A_L_Indon_P":0,"SOL_In_Ar_Lang_Hind_P":7,"SOL_Macedonian_P":0,"SOL_Assyrian_P":0,"SOL_Tamil_P":0,"SOL_In_Ar_Lang_Tot_P":16,"SOL_Turkish_P":0,"SOL_Greek_P":0,"SOL_Portuguese_P":3,"SOL_Khmer_P":0,"SOL_In_Ar_Lang_Othr_P":6},"id":"b13_aust_sa1.40101100117"},{"type":"Feature","properties":{"SOL_Japanese_P":0,"SOL_Hungarian_P":0,"SEO_Persons":181,"SOL_Ir_La_Pe_excl_Da_P":0,"SOL_Serbian_P":0,"SOL_Polish_P":0,"SOL_Iran_Lan_Tot_P":0,"SOL_In_Ar_Lang_Urdu_P":0,"SOL_Spanish_P":7,"SOL_Aus_Indig_Lang_P":0,"SOL_In_Ar_Lang_Sinh_P":0,"SOL_Chin_lang_Tot_P":14,"SOL_Croatian_P":0,"SOL_Se_As_A_L_Othr_P":0,"SOL_Chin_lang_Mand_P":14,"SOL_Korean_P":0,"SOL_Maltese_P":0,"SOL_In_Ar_Lang_Beng_P":8,"SOL_Se_As_A_L_Tagal_P":3,"SOL_In_Ar_Lang_Punj_P":0,"SOL_Chin_lang_Cant_P":0,"SOL_French_P":3,"SOL_Se_As_A_L_Tot_P":12,"SOL_Dutch_P":3,"SOL_Chin_lang_Other_P":0,"SA1_MAIN11":"40101100118","SOL_Irani_Lan_Othr_P":0,"SOL_Thai_P":3,"SOL_Italian_P":0,"SOL_Arabic_P":8,"SOL_Vietnamese_P":0,"SOL_Se_As_A_L_Filipino_P":9,"SOL_Ir_Lang_Dari_P":0,"SOL_Samoan_P":0,"SOL_Russian_P":0,"SOL_German_P":0,"SOL_Se_As_A_L_Indon_P":0,"SOL_In_Ar_Lang_Hind_P":0,"SOL_Macedonian_P":0,"SOL_Assyrian_P":0,"SOL_Tamil_P":0,"SOL_In_Ar_Lang_Tot_P":8,"SOL_Turkish_P":0,"SOL_Greek_P":12,"SOL_Portuguese_P":0,"SOL_Khmer_P":0,"SOL_In_Ar_Lang_Othr_P":0},"id":"b13_aust_sa1.40101100118"},{"type":"Feature","properties":{"SOL_Japanese_P":3,"SOL_Hungarian_P":0,"SEO_Persons":296,"SOL_Ir_La_Pe_excl_Da_P":6,"SOL_Serbian_P":0,"SOL_Polish_P":0,"SOL_Iran_Lan_Tot_P":6,"SOL_In_Ar_Lang_Urdu_P":0,"SOL_Spanish_P":4,"SOL_Aus_Indig_Lang_P":5,"SOL_In_Ar_Lang_Sinh_P":0,"SOL_Chin_lang_Tot_P":108,"SOL_Croatian_P":0,"SOL_Se_As_A_L_Othr_P":0,"SOL_Chin_lang_Mand_P":68,"SOL_Korean_P":0,"SOL_Maltese_P":0,"SOL_In_Ar_Lang_Beng_P":0,"SOL_Se_As_A_L_Tagal_P":0,"SOL_In_Ar_Lang_Punj_P":0,"SOL_Chin_lang_Cant_P":40,"SOL_French_P":0,"SOL_Se_As_A_L_Tot_P":10,"SOL_Dutch_P":0,"SOL_Chin_lang_Other_P":0,"SA1_MAIN11":"40101100119","SOL_Irani_Lan_Othr_P":0,"SOL_Thai_P":3,"SOL_Italian_P":6,"SOL_Arabic_P":0,"SOL_Vietnamese_P":3,"SOL_Se_As_A_L_Filipino_P":0,"SOL_Ir_Lang_Dari_P":0,"SOL_Samoan_P":0,"SOL_Russian_P":0,"SOL_German_P":0,"SOL_Se_As_A_L_Indon_P":10,"SOL_In_Ar_Lang_Hind_P":5,"SOL_Macedonian_P":0,"SOL_Assyrian_P":0,"SOL_Tamil_P":0,"SOL_In_Ar_Lang_Tot_P":5,"SOL_Turkish_P":0,"SOL_Greek_P":15,"SOL_Portuguese_P":4,"SOL_Khmer_P":0,"SOL_In_Ar_Lang_Othr_P":0},"id":"b13_aust_sa1.40101100119"},{"type":"Feature","properties":{"SOL_Japanese_P":0,"SOL_Hungarian_P":0,"SEO_Persons":167,"SOL_Ir_La_Pe_excl_Da_P":3,"SOL_Serbian_P":0,"SOL_Polish_P":0,"SOL_Iran_Lan_Tot_P":3,"SOL_In_Ar_Lang_Urdu_P":0,"SOL_Spanish_P":0,"SOL_Aus_Indig_Lang_P":0,"SOL_In_Ar_Lang_Sinh_P":6,"SOL_Chin_lang_Tot_P":152,"SOL_Croatian_P":0,"SOL_Se_As_A_L_Othr_P":14,"SOL_Chin_lang_Mand_P":102,"SOL_Korean_P":6,"SOL_Maltese_P":0,"SOL_In_Ar_Lang_Beng_P":3,"SOL_Se_As_A_L_Tagal_P":3,"SOL_In_Ar_Lang_Punj_P":3,"SOL_Chin_lang_Cant_P":40,"SOL_French_P":3,"SOL_Se_As_A_L_Tot_P":21,"SOL_Dutch_P":0,"SOL_Chin_lang_Other_P":10,"SA1_MAIN11":"40101100120","SOL_Irani_Lan_Othr_P":0,"SOL_Thai_P":6,"SOL_Italian_P":0,"SOL_Arabic_P":4,"SOL_Vietnamese_P":4,"SOL_Se_As_A_L_Filipino_P":0,"SOL_Ir_Lang_Dari_P":0,"SOL_Samoan_P":0,"SOL_Russian_P":0,"SOL_German_P":0,"SOL_Se_As_A_L_Indon_P":4,"SOL_In_Ar_Lang_Hind_P":6,"SOL_Macedonian_P":0,"SOL_Assyrian_P":0,"SOL_Tamil_P":3,"SOL_In_Ar_Lang_Tot_P":18,"SOL_Turkish_P":0,"SOL_Greek_P":7,"SOL_Portuguese_P":0,"SOL_Khmer_P":0,"SOL_In_Ar_Lang_Othr_P":0},"id":"b13_aust_sa1.40101100120"},{"type":"Feature","properties":{"SOL_Japanese_P":10,"SOL_Hungarian_P":3,"SEO_Persons":319,"SOL_Ir_La_Pe_excl_Da_P":3,"SOL_Serbian_P":0,"SOL_Polish_P":0,"SOL_Iran_Lan_Tot_P":3,"SOL_In_Ar_Lang_Urdu_P":3,"SOL_Spanish_P":3,"SOL_Aus_Indig_Lang_P":0,"SOL_In_Ar_Lang_Sinh_P":0,"SOL_Chin_lang_Tot_P":226,"SOL_Croatian_P":3,"SOL_Se_As_A_L_Othr_P":4,"SOL_Chin_lang_Mand_P":153,"SOL_Korean_P":20,"SOL_Maltese_P":0,"SOL_In_Ar_Lang_Beng_P":0,"SOL_Se_As_A_L_Tagal_P":0,"SOL_In_Ar_Lang_Punj_P":4,"SOL_Chin_lang_Cant_P":58,"SOL_French_P":6,"SOL_Se_As_A_L_Tot_P":17,"SOL_Dutch_P":0,"SOL_Chin_lang_Other_P":15,"SA1_MAIN11":"40101100121","SOL_Irani_Lan_Othr_P":0,"SOL_Thai_P":6,"SOL_Italian_P":3,"SOL_Arabic_P":23,"SOL_Vietnamese_P":7,"SOL_Se_As_A_L_Filipino_P":5,"SOL_Ir_Lang_Dari_P":0,"SOL_Samoan_P":0,"SOL_Russian_P":0,"SOL_German_P":3,"SOL_Se_As_A_L_Indon_P":8,"SOL_In_Ar_Lang_Hind_P":0,"SOL_Macedonian_P":0,"SOL_Assyrian_P":0,"SOL_Tamil_P":5,"SOL_In_Ar_Lang_Tot_P":12,"SOL_Turkish_P":0,"SOL_Greek_P":4,"SOL_Portuguese_P":0,"SOL_Khmer_P":3,"SOL_In_Ar_Lang_Othr_P":5},"id":"b13_aust_sa1.40101100121"},{"type":"Feature","properties":{"SOL_Japanese_P":3,"SOL_Hungarian_P":0,"SEO_Persons":27,"SOL_Ir_La_Pe_excl_Da_P":0,"SOL_Serbian_P":0,"SOL_Polish_P":0,"SOL_Iran_Lan_Tot_P":0,"SOL_In_Ar_Lang_Urdu_P":0,"SOL_Spanish_P":0,"SOL_Aus_Indig_Lang_P":0,"SOL_In_Ar_Lang_Sinh_P":0,"SOL_Chin_lang_Tot_P":0,"SOL_Croatian_P":0,"SOL_Se_As_A_L_Othr_P":3,"SOL_Chin_lang_Mand_P":0,"SOL_Korean_P":0,"SOL_Maltese_P":0,"SOL_In_Ar_Lang_Beng_P":0,"SOL_Se_As_A_L_Tagal_P":4,"SOL_In_Ar_Lang_Punj_P":0,"SOL_Chin_lang_Cant_P":0,"SOL_French_P":0,"SOL_Se_As_A_L_Tot_P":7,"SOL_Dutch_P":0,"SOL_Chin_lang_Other_P":0,"SA1_MAIN11":"40101100122","SOL_Irani_Lan_Othr_P":0,"SOL_Thai_P":0,"SOL_Italian_P":6,"SOL_Arabic_P":0,"SOL_Vietnamese_P":0,"SOL_Se_As_A_L_Filipino_P":0,"SOL_Ir_Lang_Dari_P":0,"SOL_Samoan_P":0,"SOL_Russian_P":0,"SOL_German_P":0,"SOL_Se_As_A_L_Indon_P":0,"SOL_In_Ar_Lang_Hind_P":0,"SOL_Macedonian_P":0,"SOL_Assyrian_P":0,"SOL_Tamil_P":0,"SOL_In_Ar_Lang_Tot_P":3,"SOL_Turkish_P":0,"SOL_Greek_P":0,"SOL_Portuguese_P":0,"SOL_Khmer_P":0,"SOL_In_Ar_Lang_Othr_P":3},"id":"b13_aust_sa1.40101100122"},{"type":"Feature","properties":{"SOL_Japanese_P":6,"SOL_Hungarian_P":0,"SEO_Persons":319,"SOL_Ir_La_Pe_excl_Da_P":8,"SOL_Serbian_P":0,"SOL_Polish_P":6,"SOL_Iran_Lan_Tot_P":11,"SOL_In_Ar_Lang_Urdu_P":3,"SOL_Spanish_P":9,"SOL_Aus_Indig_Lang_P":0,"SOL_In_Ar_Lang_Sinh_P":7,"SOL_Chin_lang_Tot_P":551,"SOL_Croatian_P":4,"SOL_Se_As_A_L_Othr_P":29,"SOL_Chin_lang_Mand_P":338,"SOL_Korean_P":63,"SOL_Maltese_P":0,"SOL_In_Ar_Lang_Beng_P":0,"SOL_Se_As_A_L_Tagal_P":8,"SOL_In_Ar_Lang_Punj_P":0,"SOL_Chin_lang_Cant_P":139,"SOL_French_P":4,"SOL_Se_As_A_L_Tot_P":58,"SOL_Dutch_P":4,"SOL_Chin_lang_Other_P":74,"SA1_MAIN11":"40101100123","SOL_Irani_Lan_Othr_P":0,"SOL_Thai_P":6,"SOL_Italian_P":13,"SOL_Arabic_P":66,"SOL_Vietnamese_P":11,"SOL_Se_As_A_L_Filipino_P":3,"SOL_Ir_Lang_Dari_P":3,"SOL_Samoan_P":0,"SOL_Russian_P":3,"SOL_German_P":0,"SOL_Se_As_A_L_Indon_P":18,"SOL_In_Ar_Lang_Hind_P":10,"SOL_Macedonian_P":0,"SOL_Assyrian_P":0,"SOL_Tamil_P":12,"SOL_In_Ar_Lang_Tot_P":24,"SOL_Turkish_P":0,"SOL_Greek_P":4,"SOL_Portuguese_P":0,"SOL_Khmer_P":0,"SOL_In_Ar_Lang_Othr_P":4},"id":"b13_aust_sa1.40101100123"},{"type":"Feature","properties":{"SOL_Japanese_P":7,"SOL_Hungarian_P":0,"SEO_Persons":86,"SOL_Ir_La_Pe_excl_Da_P":3,"SOL_Serbian_P":0,"SOL_Polish_P":0,"SOL_Iran_Lan_Tot_P":3,"SOL_In_Ar_Lang_Urdu_P":0,"SOL_Spanish_P":0,"SOL_Aus_Indig_Lang_P":0,"SOL_In_Ar_Lang_Sinh_P":0,"SOL_Chin_lang_Tot_P":130,"SOL_Croatian_P":0,"SOL_Se_As_A_L_Othr_P":3,"SOL_Chin_lang_Mand_P":84,"SOL_Korean_P":10,"SOL_Maltese_P":0,"SOL_In_Ar_Lang_Beng_P":3,"SOL_Se_As_A_L_Tagal_P":0,"SOL_In_Ar_Lang_Punj_P":0,"SOL_Chin_lang_Cant_P":32,"SOL_French_P":0,"SOL_Se_As_A_L_Tot_P":3,"SOL_Dutch_P":3,"SOL_Chin_lang_Other_P":14,"SA1_MAIN11":"40101100124","SOL_Irani_Lan_Othr_P":0,"SOL_Thai_P":4,"SOL_Italian_P":0,"SOL_Arabic_P":4,"SOL_Vietnamese_P":0,"SOL_Se_As_A_L_Filipino_P":0,"SOL_Ir_Lang_Dari_P":0,"SOL_Samoan_P":0,"SOL_Russian_P":0,"SOL_German_P":3,"SOL_Se_As_A_L_Indon_P":0,"SOL_In_Ar_Lang_Hind_P":0,"SOL_Macedonian_P":0,"SOL_Assyrian_P":0,"SOL_Tamil_P":0,"SOL_In_Ar_Lang_Tot_P":6,"SOL_Turkish_P":0,"SOL_Greek_P":0,"SOL_Portuguese_P":0,"SOL_Khmer_P":0,"SOL_In_Ar_Lang_Othr_P":3},"id":"b13_aust_sa1.40101100124"},{"type":"Feature","properties":{"SOL_Japanese_P":5,"SOL_Hungarian_P":0,"SEO_Persons":160,"SOL_Ir_La_Pe_excl_Da_P":8,"SOL_Serbian_P":0,"SOL_Polish_P":3,"SOL_Iran_Lan_Tot_P":8,"SOL_In_Ar_Lang_Urdu_P":0,"SOL_Spanish_P":0,"SOL_Aus_Indig_Lang_P":0,"SOL_In_Ar_Lang_Sinh_P":5,"SOL_Chin_lang_Tot_P":262,"SOL_Croatian_P":0,"SOL_Se_As_A_L_Othr_P":4,"SOL_Chin_lang_Mand_P":180,"SOL_Korean_P":19,"SOL_Maltese_P":0,"SOL_In_Ar_Lang_Beng_P":0,"SOL_Se_As_A_L_Tagal_P":3,"SOL_In_Ar_Lang_Punj_P":0,"SOL_Chin_lang_Cant_P":50,"SOL_French_P":3,"SOL_Se_As_A_L_Tot_P":22,"SOL_Dutch_P":0,"SOL_Chin_lang_Other_P":32,"SA1_MAIN11":"40101100125","SOL_Irani_Lan_Othr_P":0,"SOL_Thai_P":6,"SOL_Italian_P":4,"SOL_Arabic_P":26,"SOL_Vietnamese_P":4,"SOL_Se_As_A_L_Filipino_P":6,"SOL_Ir_Lang_Dari_P":0,"SOL_Samoan_P":0,"SOL_Russian_P":0,"SOL_German_P":0,"SOL_Se_As_A_L_Indon_P":9,"SOL_In_Ar_Lang_Hind_P":0,"SOL_Macedonian_P":0,"SOL_Assyrian_P":0,"SOL_Tamil_P":0,"SOL_In_Ar_Lang_Tot_P":10,"SOL_Turkish_P":0,"SOL_Greek_P":4,"SOL_Portuguese_P":0,"SOL_Khmer_P":0,"SOL_In_Ar_Lang_Othr_P":5},"id":"b13_aust_sa1.40101100125"},{"type":"Feature","properties":{"SOL_Japanese_P":0,"SOL_Hungarian_P":0,"SEO_Persons":6,"SOL_Ir_La_Pe_excl_Da_P":0,"SOL_Serbian_P":0,"SOL_Polish_P":0,"SOL_Iran_Lan_Tot_P":0,"SOL_In_Ar_Lang_Urdu_P":0,"SOL_Spanish_P":0,"SOL_Aus_Indig_Lang_P":0,"SOL_In_Ar_Lang_Sinh_P":0,"SOL_Chin_lang_Tot_P":0,"SOL_Croatian_P":0,"SOL_Se_As_A_L_Othr_P":0,"SOL_Chin_lang_Mand_P":0,"SOL_Korean_P":0,"SOL_Maltese_P":0,"SOL_In_Ar_Lang_Beng_P":0,"SOL_Se_As_A_L_Tagal_P":0,"SOL_In_Ar_Lang_Punj_P":0,"SOL_Chin_lang_Cant_P":0,"SOL_French_P":0,"SOL_Se_As_A_L_Tot_P":0,"SOL_Dutch_P":0,"SOL_Chin_lang_Other_P":0,"SA1_MAIN11":"40101100126","SOL_Irani_Lan_Othr_P":0,"SOL_Thai_P":0,"SOL_Italian_P":0,"SOL_Arabic_P":0,"SOL_Vietnamese_P":0,"SOL_Se_As_A_L_Filipino_P":0,"SOL_Ir_Lang_Dari_P":0,"SOL_Samoan_P":0,"SOL_Russian_P":0,"SOL_German_P":0,"SOL_Se_As_A_L_Indon_P":0,"SOL_In_Ar_Lang_Hind_P":0,"SOL_Macedonian_P":0,"SOL_Assyrian_P":0,"SOL_Tamil_P":0,"SOL_In_Ar_Lang_Tot_P":0,"SOL_Turkish_P":0,"SOL_Greek_P":0,"SOL_Portuguese_P":0,"SOL_Khmer_P":0,"SOL_In_Ar_Lang_Othr_P":0},"id":"b13_aust_sa1.40101100126"},{"type":"Feature","properties":{"SOL_Japanese_P":0,"SOL_Hungarian_P":0,"SEO_Persons":0,"SOL_Ir_La_Pe_excl_Da_P":0,"SOL_Serbian_P":0,"SOL_Polish_P":0,"SOL_Iran_Lan_Tot_P":0,"SOL_In_Ar_Lang_Urdu_P":0,"SOL_Spanish_P":0,"SOL_Aus_Indig_Lang_P":0,"SOL_In_Ar_Lang_Sinh_P":0,"SOL_Chin_lang_Tot_P":0,"SOL_Croatian_P":0,"SOL_Se_As_A_L_Othr_P":0,"SOL_Chin_lang_Mand_P":0,"SOL_Korean_P":0,"SOL_Maltese_P":0,"SOL_In_Ar_Lang_Beng_P":0,"SOL_Se_As_A_L_Tagal_P":0,"SOL_In_Ar_Lang_Punj_P":0,"SOL_Chin_lang_Cant_P":0,"SOL_French_P":0,"SOL_Se_As_A_L_Tot_P":0,"SOL_Dutch_P":0,"SOL_Chin_lang_Other_P":0,"SA1_MAIN11":"40101100127","SOL_Irani_Lan_Othr_P":0,"SOL_Thai_P":0,"SOL_Italian_P":0,"SOL_Arabic_P":0,"SOL_Vietnamese_P":0,"SOL_Se_As_A_L_Filipino_P":0,"SOL_Ir_Lang_Dari_P":0,"SOL_Samoan_P":0,"SOL_Russian_P":0,"SOL_German_P":0,"SOL_Se_As_A_L_Indon_P":0,"SOL_In_Ar_Lang_Hind_P":0,"SOL_Macedonian_P":0,"SOL_Assyrian_P":0,"SOL_Tamil_P":0,"SOL_In_Ar_Lang_Tot_P":0,"SOL_Turkish_P":0,"SOL_Greek_P":0,"SOL_Portuguese_P":0,"SOL_Khmer_P":0,"SOL_In_Ar_Lang_Othr_P":0},"id":"b13_aust_sa1.40101100127"},{"type":"Feature","properties":{"SOL_Japanese_P":0,"SOL_Hungarian_P":0,"SEO_Persons":0,"SOL_Ir_La_Pe_excl_Da_P":0,"SOL_Serbian_P":0,"SOL_Polish_P":0,"SOL_Iran_Lan_Tot_P":0,"SOL_In_Ar_Lang_Urdu_P":0,"SOL_Spanish_P":0,"SOL_Aus_Indig_Lang_P":0,"SOL_In_Ar_Lang_Sinh_P":0,"SOL_Chin_lang_Tot_P":0,"SOL_Croatian_P":0,"SOL_Se_As_A_L_Othr_P":0,"SOL_Chin_lang_Mand_P":0,"SOL_Korean_P":0,"SOL_Maltese_P":0,"SOL_In_Ar_Lang_Beng_P":0,"SOL_Se_As_A_L_Tagal_P":0,"SOL_In_Ar_Lang_Punj_P":0,"SOL_Chin_lang_Cant_P":0,"SOL_French_P":0,"SOL_Se_As_A_L_Tot_P":0,"SOL_Dutch_P":0,"SOL_Chin_lang_Other_P":0,"SA1_MAIN11":"40101100128","SOL_Irani_Lan_Othr_P":0,"SOL_Thai_P":0,"SOL_Italian_P":0,"SOL_Arabic_P":0,"SOL_Vietnamese_P":0,"SOL_Se_As_A_L_Filipino_P":0,"SOL_Ir_Lang_Dari_P":0,"SOL_Samoan_P":0,"SOL_Russian_P":0,"SOL_German_P":0,"SOL_Se_As_A_L_Indon_P":0,"SOL_In_Ar_Lang_Hind_P":0,"SOL_Macedonian_P":0,"SOL_Assyrian_P":0,"SOL_Tamil_P":0,"SOL_In_Ar_Lang_Tot_P":0,"SOL_Turkish_P":0,"SOL_Greek_P":0,"SOL_Portuguese_P":0,"SOL_Khmer_P":0,"SOL_In_Ar_Lang_Othr_P":0},"id":"b13_aust_sa1.40101100128"},{"type":"Feature","properties":{"SOL_Japanese_P":0,"SOL_Hungarian_P":0,"SEO_Persons":5,"SOL_Ir_La_Pe_excl_Da_P":0,"SOL_Serbian_P":0,"SOL_Polish_P":0,"SOL_Iran_Lan_Tot_P":0,"SOL_In_Ar_Lang_Urdu_P":0,"SOL_Spanish_P":0,"SOL_Aus_Indig_Lang_P":0,"SOL_In_Ar_Lang_Sinh_P":0,"SOL_Chin_lang_Tot_P":0,"SOL_Croatian_P":0,"SOL_Se_As_A_L_Othr_P":0,"SOL_Chin_lang_Mand_P":0,"SOL_Korean_P":0,"SOL_Maltese_P":0,"SOL_In_Ar_Lang_Beng_P":0,"SOL_Se_As_A_L_Tagal_P":0,"SOL_In_Ar_Lang_Punj_P":0,"SOL_Chin_lang_Cant_P":0,"SOL_French_P":0,"SOL_Se_As_A_L_Tot_P":0,"SOL_Dutch_P":0,"SOL_Chin_lang_Other_P":0,"SA1_MAIN11":"40101100129","SOL_Irani_Lan_Othr_P":0,"SOL_Thai_P":0,"SOL_Italian_P":0,"SOL_Arabic_P":0,"SOL_Vietnamese_P":0,"SOL_Se_As_A_L_Filipino_P":0,"SOL_Ir_Lang_Dari_P":0,"SOL_Samoan_P":0,"SOL_Russian_P":0,"SOL_German_P":0,"SOL_Se_As_A_L_Indon_P":0,"SOL_In_Ar_Lang_Hind_P":0,"SOL_Macedonian_P":0,"SOL_Assyrian_P":0,"SOL_Tamil_P":0,"SOL_In_Ar_Lang_Tot_P":0,"SOL_Turkish_P":0,"SOL_Greek_P":0,"SOL_Portuguese_P":0,"SOL_Khmer_P":0,"SOL_In_Ar_Lang_Othr_P":0},"id":"b13_aust_sa1.40101100129"},{"type":"Feature","properties":{"SOL_Japanese_P":0,"SOL_Hungarian_P":0,"SEO_Persons":251,"SOL_Ir_La_Pe_excl_Da_P":0,"SOL_Serbian_P":0,"SOL_Polish_P":4,"SOL_Iran_Lan_Tot_P":0,"SOL_In_Ar_Lang_Urdu_P":0,"SOL_Spanish_P":4,"SOL_Aus_Indig_Lang_P":0,"SOL_In_Ar_Lang_Sinh_P":0,"SOL_Chin_lang_Tot_P":20,"SOL_Croatian_P":0,"SOL_Se_As_A_L_Othr_P":0,"SOL_Chin_lang_Mand_P":16,"SOL_Korean_P":0,"SOL_Maltese_P":0,"SOL_In_Ar_Lang_Beng_P":0,"SOL_Se_As_A_L_Tagal_P":0,"SOL_In_Ar_Lang_Punj_P":0,"SOL_Chin_lang_Cant_P":4,"SOL_French_P":6,"SOL_Se_As_A_L_Tot_P":0,"SOL_Dutch_P":0,"SOL_Chin_lang_Other_P":0,"SA1_MAIN11":"40101100130","SOL_Irani_Lan_Othr_P":0,"SOL_Thai_P":0,"SOL_Italian_P":3,"SOL_Arabic_P":4,"SOL_Vietnamese_P":0,"SOL_Se_As_A_L_Filipino_P":0,"SOL_Ir_Lang_Dari_P":0,"SOL_Samoan_P":0,"SOL_Russian_P":0,"SOL_German_P":0,"SOL_Se_As_A_L_Indon_P":0,"SOL_In_Ar_Lang_Hind_P":0,"SOL_Macedonian_P":0,"SOL_Assyrian_P":0,"SOL_Tamil_P":0,"SOL_In_Ar_Lang_Tot_P":0,"SOL_Turkish_P":0,"SOL_Greek_P":6,"SOL_Portuguese_P":0,"SOL_Khmer_P":0,"SOL_In_Ar_Lang_Othr_P":0},"id":"b13_aust_sa1.40101100130"},{"type":"Feature","properties":{"SOL_Japanese_P":0,"SOL_Hungarian_P":0,"SEO_Persons":6,"SOL_Ir_La_Pe_excl_Da_P":0,"SOL_Serbian_P":0,"SOL_Polish_P":0,"SOL_Iran_Lan_Tot_P":0,"SOL_In_Ar_Lang_Urdu_P":0,"SOL_Spanish_P":0,"SOL_Aus_Indig_Lang_P":0,"SOL_In_Ar_Lang_Sinh_P":0,"SOL_Chin_lang_Tot_P":0,"SOL_Croatian_P":0,"SOL_Se_As_A_L_Othr_P":0,"SOL_Chin_lang_Mand_P":0,"SOL_Korean_P":0,"SOL_Maltese_P":0,"SOL_In_Ar_Lang_Beng_P":0,"SOL_Se_As_A_L_Tagal_P":0,"SOL_In_Ar_Lang_Punj_P":0,"SOL_Chin_lang_Cant_P":0,"SOL_French_P":0,"SOL_Se_As_A_L_Tot_P":0,"SOL_Dutch_P":0,"SOL_Chin_lang_Other_P":0,"SA1_MAIN11":"40101100131","SOL_Irani_Lan_Othr_P":0,"SOL_Thai_P":0,"SOL_Italian_P":0,"SOL_Arabic_P":0,"SOL_Vietnamese_P":0,"SOL_Se_As_A_L_Filipino_P":0,"SOL_Ir_Lang_Dari_P":0,"SOL_Samoan_P":0,"SOL_Russian_P":0,"SOL_German_P":0,"SOL_Se_As_A_L_Indon_P":0,"SOL_In_Ar_Lang_Hind_P":0,"SOL_Macedonian_P":0,"SOL_Assyrian_P":0,"SOL_Tamil_P":0,"SOL_In_Ar_Lang_Tot_P":0,"SOL_Turkish_P":0,"SOL_Greek_P":0,"SOL_Portuguese_P":0,"SOL_Khmer_P":0,"SOL_In_Ar_Lang_Othr_P":0},"id":"b13_aust_sa1.40101100131"},{"type":"Feature","properties":{"SOL_Japanese_P":0,"SOL_Hungarian_P":0,"SEO_Persons":0,"SOL_Ir_La_Pe_excl_Da_P":0,"SOL_Serbian_P":0,"SOL_Polish_P":0,"SOL_Iran_Lan_Tot_P":0,"SOL_In_Ar_Lang_Urdu_P":0,"SOL_Spanish_P":0,"SOL_Aus_Indig_Lang_P":0,"SOL_In_Ar_Lang_Sinh_P":0,"SOL_Chin_lang_Tot_P":0,"SOL_Croatian_P":0,"SOL_Se_As_A_L_Othr_P":0,"SOL_Chin_lang_Mand_P":0,"SOL_Korean_P":0,"SOL_Maltese_P":0,"SOL_In_Ar_Lang_Beng_P":0,"SOL_Se_As_A_L_Tagal_P":0,"SOL_In_Ar_Lang_Punj_P":0,"SOL_Chin_lang_Cant_P":0,"SOL_French_P":0,"SOL_Se_As_A_L_Tot_P":0,"SOL_Dutch_P":0,"SOL_Chin_lang_Other_P":0,"SA1_MAIN11":"40101100132","SOL_Irani_Lan_Othr_P":0,"SOL_Thai_P":0,"SOL_Italian_P":0,"SOL_Arabic_P":0,"SOL_Vietnamese_P":0,"SOL_Se_As_A_L_Filipino_P":0,"SOL_Ir_Lang_Dari_P":0,"SOL_Samoan_P":0,"SOL_Russian_P":0,"SOL_German_P":0,"SOL_Se_As_A_L_Indon_P":0,"SOL_In_Ar_Lang_Hind_P":0,"SOL_Macedonian_P":0,"SOL_Assyrian_P":0,"SOL_Tamil_P":0,"SOL_In_Ar_Lang_Tot_P":0,"SOL_Turkish_P":0,"SOL_Greek_P":0,"SOL_Portuguese_P":0,"SOL_Khmer_P":0,"SOL_In_Ar_Lang_Othr_P":0},"id":"b13_aust_sa1.40101100132"}]}